sample_idx,expected_ns,actual_ns,jitter_us,period_us,exec_us,overruns
0,23718742428087,23718742501125,73.038,1000.000,2.254,0
1,23718743428087,23718743502217,74.130,1001.092,0.315,0
2,23718744428087,23718744434946,6.859,932.729,0.274,0
3,23718745428087,23718745435041,6.954,1000.095,0.283,0
4,23718746428087,23718746496593,68.506,1061.552,0.261,0
5,23718747428087,23718747500613,72.526,1004.020,0.280,0
6,23718748428087,23718748498136,70.049,997.523,0.270,0
7,23718749428087,23718749500631,72.544,1002.495,0.274,0
8,23718750428087,23718750499543,71.456,998.912,0.272,0
9,23718751428087,23718751500590,72.503,1001.047,0.275,0
10,23718752428087,23718752499950,71.863,999.360,0.267,0
11,23718753428087,23718753501211,73.124,1001.261,0.273,0
12,23718754428087,23718754434474,6.387,933.263,0.291,0
13,23718755428087,23718755469227,41.140,1034.753,0.275,0
14,23718756428087,23718756466728,38.641,997.501,0.274,0
15,23718757428087,23718757499826,71.739,1033.098,0.274,0
16,23718758428087,23718758498719,70.632,998.893,0.272,0
17,23718759428087,23718759502061,73.974,1003.342,0.272,0
18,23718760428087,23718760503420,75.333,1001.359,0.276,0
19,23718761428087,23718761499669,71.582,996.249,0.270,0
20,23718762428087,23718762498181,70.094,998.512,0.276,0
21,23718763428087,23718763499545,71.458,1001.364,0.275,0
22,23718764428087,23718764487984,59.897,988.439,0.276,0
23,23718765428087,23718765498229,70.142,1010.245,0.273,0
24,23718766428087,23718766500423,72.336,1002.194,0.272,0
25,23718767428087,23718767500319,72.232,999.896,0.277,0
26,23718768428087,23718768435397,7.310,935.078,0.278,0
27,23718769428087,23718769499849,71.762,1064.452,0.271,0
28,23718770428087,23718770500900,72.813,1001.051,0.271,0
29,23718771428087,23718771500142,72.055,999.242,0.276,0
30,23718772428087,23718772498107,70.020,997.965,0.274,0
31,23718773428087,23718773498709,70.622,1000.602,0.275,0
32,23718774428087,23718774434758,6.671,936.049,0.280,0
33,23718775428087,23718775499208,71.121,1064.450,0.273,0
34,23718776428087,23718776498461,70.374,999.253,0.272,0
35,23718777428087,23718777499334,71.247,1000.873,0.275,0
36,23718778428087,23718778498418,70.331,999.084,0.281,0
37,23718779428087,23718779498925,70.838,1000.507,0.273,0
38,23718780428087,23718780498571,70.484,999.646,0.272,0
39,23718781428087,23718781502750,74.663,1004.179,0.296,0
40,23718782428087,23718782498678,70.591,995.928,0.269,0
41,23718783428087,23718783499882,71.795,1001.204,0.274,0
42,23718784428087,23718784434684,6.597,934.802,0.277,0
43,23718785428087,23718785499741,71.654,1065.057,0.275,0
44,23718786428087,23718786497946,69.859,998.205,0.267,0
45,23718787428087,23718787499010,70.923,1001.064,0.275,0
46,23718788428087,23718788498188,70.101,999.178,0.283,0
47,23718789428087,23718789470706,42.619,972.518,0.267,0
48,23718790428087,23718790471736,43.649,1001.030,0.657,0
49,23718791428087,23718791472255,44.168,1000.519,0.655,0
50,23718792428087,23718792471705,43.618,999.450,0.628,0
51,23718793428087,23718793471244,43.157,999.539,0.654,0
52,23718794428087,23718794496028,67.941,1024.784,0.274,0
53,23718795428087,23718795500397,72.310,1004.369,0.271,0
54,23718796428087,23718796498896,70.809,998.499,0.271,0
55,23718797428087,23718797500051,71.964,1001.155,0.270,0
56,23718798428087,23718798500519,72.432,1000.468,0.276,0
57,23718799428087,23718799499818,71.731,999.299,0.278,0
58,23718800428087,23718800499242,71.155,999.424,0.280,0
59,23718801428087,23718801500770,72.683,1001.528,0.272,0
60,23718802428087,23718802499942,71.855,999.172,0.282,0
61,23718803428087,23718803499894,71.807,999.952,0.269,0
62,23718804428087,23718804499273,71.186,999.379,0.276,0
63,23718805428087,23718805500807,72.720,1001.534,0.265,0
64,23718806428087,23718806435776,7.689,934.969,0.267,0
65,23718807428087,23718807432823,4.736,997.047,0.146,0
66,23718808428087,23718808431766,3.679,998.943,0.077,0
67,23718809428087,23718809432033,3.946,1000.267,0.144,0
68,23718810428087,23718810435395,7.308,1003.362,0.302,0
69,23718811428087,23718811462494,34.407,1027.099,0.291,0
70,23718812428087,23718812466178,38.091,1003.684,0.281,0
71,23718813428087,23718813462659,34.572,996.481,0.308,0
72,23718814428087,23718814468436,40.349,1005.777,0.279,0
73,23718815428087,23718815435780,7.693,967.344,0.275,0
74,23718816428087,23718816466122,38.035,1030.342,0.278,0
75,23718817428087,23718817466226,38.139,1000.104,0.281,0
76,23718818428087,23718818461708,33.621,995.482,0.278,0
77,23718819428087,23718819461831,33.744,1000.123,0.274,0
78,23718820428087,23718820460658,32.571,998.827,0.271,0
79,23718821428087,23718821475249,47.162,1014.591,0.279,0
80,23718822428087,23718822461567,33.480,986.318,0.272,0
81,23718823428087,23718823463208,35.121,1001.641,0.276,0
82,23718824428087,23718824504036,75.949,1040.828,0.269,0
83,23718825428087,23718825498563,70.476,994.527,0.277,0
84,23718826428087,23718826499037,70.950,1000.474,0.268,0
85,23718827428087,23718827500327,72.240,1001.290,0.276,0
86,23718828428087,23718828499170,71.083,998.843,0.277,0
87,23718829428087,23718829499830,71.743,1000.660,0.274,0
88,23718830428087,23718830461726,33.639,961.896,0.274,0
89,23718831428087,23718831500762,72.675,1039.036,0.276,0
90,23718832428087,23718832499066,70.979,998.304,0.265,0
91,23718833428087,23718833498586,70.499,999.520,0.275,0
92,23718834428087,23718834434183,6.096,935.597,0.274,0
93,23718835428087,23718835499721,71.634,1065.538,0.273,0
94,23718836428087,23718836498282,70.195,998.561,0.271,0
95,23718837428087,23718837499682,71.595,1001.400,0.268,0
96,23718838428087,23718838498209,70.122,998.527,0.272,0
97,23718839428087,23718839498298,70.211,1000.089,0.273,0
98,23718840428087,23718840499669,71.582,1001.371,0.275,0
99,23718841428087,23718841500511,72.424,1000.842,0.279,0
100,23718842428087,23718842500135,72.048,999.624,0.276,0
101,23718843428087,23718843500344,72.257,1000.209,0.274,0
102,23718844428087,23718844499579,71.492,999.235,0.276,0
103,23718845428087,23718845498451,70.364,998.872,0.268,0
104,23718846428087,23718846498624,70.537,1000.173,0.274,0
105,23718847428087,23718847498728,70.641,1000.104,0.278,0
106,23718848428087,23718848498401,70.314,999.673,0.273,0
107,23718849428087,23718849500141,72.054,1001.740,0.278,0
108,23718850428087,23718850499075,70.988,998.934,0.272,0
109,23718851428087,23718851497995,69.908,998.920,0.277,0
110,23718852428087,23718852498460,70.373,1000.465,0.276,0
111,23718853428087,23718853498253,70.166,999.793,0.273,0
112,23718854428087,23718854498755,70.668,1000.502,0.282,0
113,23718855428087,23718855499693,71.606,1000.938,0.281,0
114,23718856428087,23718856498086,69.999,998.393,0.273,0
115,23718857428087,23718857498146,70.059,1000.060,0.273,0
116,23718858428087,23718858502692,74.605,1004.546,0.274,0
117,23718859428087,23718859499849,71.762,997.157,0.278,0
118,23718860428087,23718860498490,70.403,998.641,0.276,0
119,23718861428087,23718861502752,74.665,1004.262,0.280,0
120,23718862428087,23718862500153,72.066,997.401,0.272,0
121,23718863428087,23718863500565,72.478,1000.412,0.273,0
122,23718864428087,23718864498382,70.295,997.817,0.280,0
123,23718865428087,23718865499669,71.582,1001.287,0.281,0
124,23718866428087,23718866498435,70.348,998.766,0.273,0
125,23718867428087,23718867498784,70.697,1000.349,0.275,0
126,23718868428087,23718868498959,70.872,1000.175,0.336,0
127,23718869428087,23718869498164,70.077,999.205,0.273,0
128,23718870428087,23718870498339,70.252,1000.175,0.283,0
129,23718871428087,23718871500589,72.502,1002.250,0.272,0
130,23718872428087,23718872501994,73.907,1001.405,0.274,0
131,23718873428087,23718873501059,72.972,999.065,0.282,0
132,23718874428087,23718874507256,79.169,1006.197,0.277,0
133,23718875428087,23718875499441,71.354,992.185,0.279,0
134,23718876428087,23718876500131,72.044,1000.690,0.282,0
135,23718877428087,23718877498119,70.032,997.988,0.271,0
136,23718878428087,23718878434689,6.602,936.570,0.282,0
137,23718879428087,23718879500319,72.232,1065.630,0.274,0
138,23718880428087,23718880503273,75.186,1002.954,0.277,0
139,23718881428087,23718881499695,71.608,996.422,0.275,0
140,23718882428087,23718882498792,70.705,999.097,0.272,0
141,23718883428087,23718883498494,70.407,999.702,0.276,0
142,23718884428087,23718884434470,6.383,935.976,0.289,0
143,23718885428087,23718885499845,71.758,1065.375,0.275,0
144,23718886428087,23718886499241,71.154,999.396,0.279,0
145,23718887428087,23718887468200,40.113,968.959,0.281,0
146,23718888428087,23718888501816,73.729,1033.616,0.271,0
147,23718889428087,23718889500004,71.917,998.188,0.273,0
148,23718890428087,23718890500699,72.612,1000.695,0.280,0
149,23718891428087,23718891498586,70.499,997.887,0.271,0
150,23718892428087,23718892498359,70.272,999.773,0.271,0
151,23718893428087,23718893498190,70.103,999.831,0.261,0
152,23718894428087,23718894434468,6.381,936.278,0.278,0
153,23718895428087,23718895499349,71.262,1064.881,0.274,0
154,23718896428087,23718896498432,70.345,999.083,0.284,0
155,23718897428087,23718897499077,70.990,1000.645,0.266,0
156,23718898428087,23718898497888,69.801,998.811,0.289,0
157,23718899428087,23718899499482,71.395,1001.594,0.279,0
158,23718900428087,23718900499673,71.586,1000.191,0.272,0
159,23718901428087,23718901499326,71.239,999.653,0.275,0
160,23718902428087,23718902498240,70.153,998.914,0.274,0
161,23718903428087,23718903500894,72.807,1002.654,0.270,0
162,23718904428087,23718904498315,70.228,997.421,0.268,0
163,23718905428087,23718905499688,71.601,1001.373,0.264,0
164,23718906428087,23718906498863,70.776,999.175,0.285,0
165,23718907428087,23718907499268,71.181,1000.405,0.273,0
166,23718908428087,23718908498549,70.462,999.281,0.276,0
167,23718909428087,23718909499948,71.861,1001.399,0.275,0
168,23718910428087,23718910499067,70.980,999.119,0.338,0
169,23718911428087,23718911498578,70.491,999.511,0.275,0
170,23718912428087,23718912498330,70.243,999.752,0.283,0
171,23718913428087,23718913498716,70.629,1000.386,0.282,0
172,23718914428087,23718914499850,71.763,1001.134,0.281,0
173,23718915428087,23718915497794,69.707,997.944,0.287,0
174,23718916428087,23718916499586,71.499,1001.792,0.280,0
175,23718917428087,23718917498271,70.184,998.685,0.275,0
176,23718918428087,23718918500673,72.586,1002.402,0.286,0
177,23718919428087,23718919500118,72.031,999.445,0.281,0
178,23718920428087,23718920499524,71.437,999.406,0.279,0
179,23718921428087,23718921498085,69.998,998.561,0.278,0
180,23718922428087,23718922495903,67.816,997.818,0.285,0
181,23718923428087,23718923498329,70.242,1002.426,0.279,0
182,23718924428087,23718924499950,71.863,1001.621,0.282,0
183,23718925428087,23718925498678,70.591,998.728,0.289,0
184,23718926428087,23718926499504,71.417,1000.826,0.284,0
185,23718927428087,23718927499585,71.498,1000.081,0.284,0
186,23718928428087,23718928502764,74.677,1003.179,0.279,0
187,23718929428087,23718929499170,71.083,996.406,0.288,0
188,23718930428087,23718930500058,71.971,1000.888,0.281,0
189,23718931428087,23718931496427,68.340,996.369,0.287,0
190,23718932428087,23718932500089,72.002,1003.662,0.281,0
191,23718933428087,23718933500316,72.229,1000.227,0.277,0
192,23718934428087,23718934434549,6.462,934.233,0.303,0
193,23718935428087,23718935499992,71.905,1065.443,0.279,0
194,23718936428087,23718936501094,73.007,1001.102,0.278,0
195,23718937428087,23718937497790,69.703,996.696,0.284,0
196,23718938428087,23718938501057,72.970,1003.267,0.279,0
197,23718939428087,23718939498340,70.253,997.283,0.290,0
198,23718940428087,23718940498373,70.286,1000.033,0.284,0
199,23718941428087,23718941466912,38.825,968.539,0.291,0
200,23718942428087,23718942466911,38.824,999.999,0.285,0
201,23718943428087,23718943467457,39.370,1000.546,0.291,0
202,23718944428087,23718944469523,41.436,1002.066,0.289,0
203,23718945428087,23718945465354,37.267,995.831,0.279,0
204,23718946428087,23718946466164,38.077,1000.810,0.283,0
205,23718947428087,23718947467604,39.517,1001.440,0.281,0
206,23718948428087,23718948466601,38.514,998.997,0.293,0
207,23718949428087,23718949467695,39.608,1001.094,0.292,0
208,23718950428087,23718950435801,7.714,968.106,0.312,0
209,23718951428087,23718951499582,71.495,1063.781,0.288,0
210,23718952428087,23718952501035,72.948,1001.453,0.277,0
211,23718953428087,23718953499267,71.180,998.232,0.282,0
212,23718954428087,23718954434490,6.403,935.223,0.304,0
213,23718955428087,23718955500113,72.026,1065.623,0.283,0
214,23718956428087,23718956499663,71.576,999.550,0.279,0
215,23718957428087,23718957499219,71.132,999.556,0.282,0
216,23718958428087,23718958498300,70.213,999.081,0.279,0
217,23718959428087,23718959498237,70.150,999.937,0.283,0
218,23718960428087,23718960498672,70.585,1000.435,0.280,0
219,23718961428087,23718961498839,70.752,1000.167,0.274,0
220,23718962428087,23718962499635,71.548,1000.796,0.288,0
221,23718963428087,23718963498315,70.228,998.680,0.284,0
222,23718964428087,23718964434521,6.434,936.206,0.279,0
223,23718965428087,23718965498006,69.919,1063.485,0.278,0
224,23718966428087,23718966498858,70.771,1000.852,0.283,0
225,23718967428087,23718967504409,76.322,1005.551,0.278,0
226,23718968428087,23718968500566,72.479,996.157,0.284,0
227,23718969428087,23718969498401,70.314,997.835,0.278,0
228,23718970428087,23718970498642,70.555,1000.241,0.275,0
229,23718971428087,23718971499480,71.393,1000.838,0.288,0
230,23718972428087,23718972497953,69.866,998.473,0.280,0
231,23718973428087,23718973500440,72.353,1002.487,0.283,0
232,23718974428087,23718974434468,6.381,934.028,0.285,0
233,23718975428087,23718975500183,72.096,1065.715,0.282,0
234,23718976428087,23718976499025,70.938,998.842,0.282,0
235,23718977428087,23718977435023,6.936,935.998,0.279,0
236,23718978428087,23718978499143,71.056,1064.120,0.286,0
237,23718979428087,23718979496071,67.984,996.928,0.287,0
238,23718980428087,23718980498386,70.299,1002.315,0.288,0
239,23718981428087,23718981499089,71.002,1000.703,0.280,0
240,23718982428087,23718982499011,70.924,999.922,0.274,0
241,23718983428087,23718983499323,71.236,1000.312,0.290,0
242,23718984428087,23718984434528,6.441,935.205,0.280,0
243,23718985428087,23718985499923,71.836,1065.395,0.275,0
244,23718986428087,23718986501142,73.055,1001.219,0.282,0
245,23718987428087,23718987498668,70.581,997.526,0.279,0
246,23718988428087,23718988499214,71.127,1000.546,0.279,0
247,23718989428087,23718989498981,70.894,999.767,0.297,0
248,23718990428087,23718990499831,71.744,1000.850,0.280,0
249,23718991428087,23718991498324,70.237,998.493,0.275,0
250,23718992428087,23718992501968,73.881,1003.644,0.276,0
251,23718993428087,23718993498353,70.266,996.385,0.279,0
252,23718994428087,23718994434671,6.584,936.318,0.303,0
253,23718995428087,23718995496365,68.278,1061.694,0.280,0
254,23718996428087,23718996499491,71.404,1003.126,0.281,0
255,23718997428087,23718997498261,70.174,998.770,0.280,0
256,23718998428087,23718998498473,70.386,1000.212,0.287,0
257,23718999428087,23718999499677,71.590,1001.204,0.276,0
258,23719000428087,23719000500300,72.213,1000.623,0.245,0
259,23719001428087,23719001499538,71.451,999.238,0.283,0
260,23719002428087,23719002500907,72.820,1001.369,0.277,0
261,23719003428087,23719003500681,72.594,999.774,0.277,0
262,23719004428087,23719004466108,38.021,965.427,0.285,0
263,23719005428087,23719005498879,70.792,1032.771,0.285,0
264,23719006428087,23719006499541,71.454,1000.662,0.279,0
265,23719007428087,23719007498012,69.925,998.471,0.282,0
266,23719008428087,23719008501613,73.526,1003.601,0.285,0
267,23719009428087,23719009502994,74.907,1001.381,0.279,0
268,23719010428087,23719010498229,70.142,995.235,0.284,0
269,23719011428087,23719011498244,70.157,1000.015,0.275,0
270,23719012428087,23719012498402,70.315,1000.158,0.275,0
271,23719013428087,23719013500666,72.579,1002.264,0.278,0
272,23719014428087,23719014494984,66.897,994.318,0.284,0
273,23719015428087,23719015500273,72.186,1005.289,0.289,0
274,23719016428087,23719016500255,72.168,999.982,0.285,0
275,23719017428087,23719017499865,71.778,999.610,0.275,0
276,23719018428087,23719018500667,72.580,1000.802,0.288,0
277,23719019428087,23719019500768,72.681,1000.101,0.286,0
278,23719020428087,23719020500279,72.192,999.511,0.270,0
279,23719021428087,23719021499208,71.121,998.929,0.274,0
280,23719022428087,23719022498689,70.602,999.481,0.285,0
281,23719023428087,23719023502810,74.723,1004.121,0.284,0
282,23719024428087,23719024434446,6.359,931.636,0.284,0
283,23719025428087,23719025497991,69.904,1063.545,0.278,0
284,23719026428087,23719026498466,70.379,1000.475,0.273,0
285,23719027428087,23719027500273,72.186,1001.807,0.279,0
286,23719028428087,23719028503347,75.260,1003.074,0.282,0
287,23719029428087,23719029500481,72.394,997.134,0.281,0
288,23719030428087,23719030498302,70.215,997.821,0.284,0
289,23719031428087,23719031500474,72.387,1002.172,0.281,0
290,23719032428087,23719032499935,71.848,999.461,0.284,0
291,23719033428087,23719033499928,71.841,999.993,0.279,0
292,23719034428087,23719034434525,6.438,934.597,0.288,0
293,23719035428087,23719035497958,69.871,1063.433,0.277,0
294,23719036428087,23719036498097,70.010,1000.139,0.274,0
295,23719037428087,23719037498273,70.186,1000.176,0.289,0
296,23719038428087,23719038500028,71.941,1001.755,0.285,0
297,23719039428087,23719039499924,71.837,999.896,0.292,0
298,23719040428087,23719040499344,71.257,999.420,0.292,0
299,23719041428087,23719041499284,71.197,999.940,0.282,0
300,23719042428087,23719042499477,71.390,1000.193,0.282,0
301,23719043428087,23719043502322,74.235,1002.845,0.279,0
302,23719044428087,23719044498327,70.240,996.005,0.282,0
303,23719045428087,23719045498617,70.530,1000.290,0.280,0
304,23719046428087,23719046499340,71.253,1000.723,0.276,0
305,23719047428087,23719047498168,70.081,998.828,0.293,0
306,23719048428087,23719048498579,70.492,1000.411,0.276,0
307,23719049428087,23719049498968,70.881,1000.389,0.278,0
308,23719050428087,23719050500246,72.159,1001.278,0.286,0
309,23719051428087,23719051498185,70.098,997.939,0.281,0
310,23719052428087,23719052499822,71.735,1001.637,0.277,0
311,23719053428087,23719053499876,71.789,1000.054,0.277,0
312,23719054428087,23719054501941,73.854,1002.065,0.279,0
313,23719055428087,23719055500384,72.297,998.443,0.277,0
314,23719056428087,23719056501198,73.111,1000.814,0.284,0
315,23719057428087,23719057502387,74.300,1001.189,0.286,0
316,23719058428087,23719058498314,70.227,995.927,0.278,0
317,23719059428087,23719059502793,74.706,1004.479,0.285,0
318,23719060428087,23719060498336,70.249,995.543,0.281,0
319,23719061428087,23719061500646,72.559,1002.310,0.284,0
320,23719062428087,23719062499998,71.911,999.352,0.276,0
321,23719063428087,23719063499766,71.679,999.768,0.285,0
322,23719064428087,23719064499500,71.413,999.734,0.289,0
323,23719065428087,23719065498751,70.664,999.251,0.279,0
324,23719066428087,23719066500170,72.083,1001.419,0.276,0
325,23719067428087,23719067489275,61.188,989.105,0.284,0
326,23719068428087,23719068498410,70.323,1009.135,0.279,0
327,23719069428087,23719069499028,70.941,1000.618,0.280,0
328,23719070428087,23719070498286,70.199,999.258,0.281,0
329,23719071428087,23719071498715,70.628,1000.429,0.284,0
330,23719072428087,23719072501036,72.949,1002.321,0.278,0
331,23719073428087,23719073502356,74.269,1001.320,0.280,0
332,23719074428087,23719074500309,72.222,997.953,0.275,0
333,23719075428087,23719075499950,71.863,999.641,0.283,0
334,23719076428087,23719076499682,71.595,999.732,0.277,0
335,23719077428087,23719077498482,70.395,998.800,0.285,0
336,23719078428087,23719078500739,72.652,1002.257,0.285,0
337,23719079428087,23719079498409,70.322,997.670,0.280,0
338,23719080428087,23719080500213,72.126,1001.804,0.278,0
339,23719081428087,23719081498444,70.357,998.231,0.280,0
340,23719082428087,23719082499303,71.216,1000.859,0.279,0
341,23719083428087,23719083499313,71.226,1000.010,0.284,0
342,23719084428087,23719084434556,6.469,935.243,0.301,0
343,23719085428087,23719085500035,71.948,1065.479,0.277,0
344,23719086428087,23719086498707,70.620,998.672,0.276,0
345,23719087428087,23719087498642,70.555,999.935,0.275,0
346,23719088428087,23719088498879,70.792,1000.237,0.281,0
347,23719089428087,23719089498659,70.572,999.780,0.275,0
348,23719090428087,23719090499192,71.105,1000.533,0.276,0
349,23719091428087,23719091499197,71.110,1000.005,0.282,0
350,23719092428087,23719092498311,70.224,999.114,0.281,0
351,23719093428087,23719093498969,70.882,1000.658,0.285,0
352,23719094428087,23719094434655,6.568,935.686,0.281,0
353,23719095428087,23719095499301,71.214,1064.646,0.286,0
354,23719096428087,23719096500621,72.534,1001.320,0.282,0
355,23719097428087,23719097463043,34.956,962.422,0.277,0
356,23719098428087,23719098465813,37.726,1002.770,0.285,0
357,23719099428087,23719099498861,70.774,1033.048,0.278,0
358,23719100428087,23719100498909,70.822,1000.048,0.276,0
359,23719101428087,23719101498844,70.757,999.935,0.290,0
360,23719102428087,23719102500623,72.536,1001.779,0.276,0
361,23719103428087,23719103498528,70.441,997.905,0.276,0
362,23719104428087,23719104434551,6.464,936.023,0.301,0
363,23719105428087,23719105499206,71.119,1064.655,0.283,0
364,23719106428087,23719106498443,70.356,999.237,0.279,0
365,23719107428087,23719107502819,74.732,1004.376,0.281,0
366,23719108428087,23719108498597,70.510,995.778,0.279,0
367,23719109428087,23719109498825,70.738,1000.228,0.289,0
368,23719110428087,23719110500137,72.050,1001.312,0.276,0
369,23719111428087,23719111498360,70.273,998.223,0.272,0
370,23719112428087,23719112499079,70.992,1000.719,0.289,0
371,23719113428087,23719113503454,75.367,1004.375,0.277,0
372,23719114428087,23719114434707,6.620,931.253,0.289,0
373,23719115428087,23719115499730,71.643,1065.023,0.274,0
374,23719116428087,23719116498330,70.243,998.600,0.280,0
375,23719117428087,23719117498249,70.162,999.919,0.277,0
376,23719118428087,23719118498910,70.823,1000.661,0.277,0
377,23719119428087,23719119499300,71.213,1000.390,0.282,0
378,23719120428087,23719120500478,72.391,1001.178,0.289,0
379,23719121428087,23719121501791,73.704,1001.313,0.284,0
380,23719122428087,23719122498464,70.377,996.673,0.282,0
381,23719123428087,23719123502360,74.273,1003.896,0.283,0
382,23719124428087,23719124434615,6.528,932.255,0.297,0
383,23719125428087,23719125498255,70.168,1063.640,0.280,0
384,23719126428087,23719126499319,71.232,1001.064,0.283,0
385,23719127428087,23719127498427,70.340,999.108,0.280,0
386,23719128428087,23719128500667,72.580,1002.240,0.277,0
387,23719129428087,23719129502949,74.862,1002.282,0.288,0
388,23719130428087,23719130499362,71.275,996.413,0.279,0
389,23719131428087,23719131498521,70.434,999.159,0.278,0
390,23719132428087,23719132498954,70.867,1000.433,0.281,0
391,23719133428087,23719133498974,70.887,1000.020,0.290,0
392,23719134428087,23719134434540,6.453,935.566,0.284,0
393,23719135428087,23719135430459,2.372,995.919,0.061,0
394,23719136428087,23719136499127,71.040,1068.668,0.279,0
395,23719137428087,23719137501556,73.469,1002.429,0.278,0
396,23719138428087,23719138497459,69.372,995.903,0.277,0
397,23719139428087,23719139497283,69.196,999.824,0.282,0
398,23719140428087,23719140499006,70.919,1001.723,0.286,0
399,23719141428087,23719141498138,70.051,999.132,0.288,0
400,23719142428087,23719142497335,69.248,999.197,0.278,0
401,23719143428087,23719143497692,69.605,1000.357,0.279,0
402,23719144428087,23719144434597,6.510,936.905,0.282,0
403,23719145428087,23719145499425,71.338,1064.828,0.280,0
404,23719146428087,23719146499393,71.306,999.968,0.273,0
405,23719147428087,23719147497686,69.599,998.293,0.286,0
406,23719148428087,23719148497203,69.116,999.517,0.280,0
407,23719149428087,23719149499221,71.134,1002.018,0.278,0
408,23719150428087,23719150499042,70.955,999.821,0.289,0
409,23719151428087,23719151499826,71.739,1000.784,0.283,0
410,23719152428087,23719152498819,70.732,998.993,0.273,0
411,23719153428087,23719153497545,69.458,998.726,0.273,0
412,23719154428087,23719154434432,6.345,936.887,0.287,0
413,23719155428087,23719155498857,70.770,1064.425,0.280,0
414,23719156428087,23719156498737,70.650,999.880,0.278,0
415,23719157428087,23719157498396,70.309,999.659,0.274,0
416,23719158428087,23719158431700,3.613,933.304,0.157,0
417,23719159428087,23719159497713,69.626,1066.013,0.283,0
418,23719160428087,23719160497463,69.376,999.750,0.274,0
419,23719161428087,23719161499391,71.304,1001.928,0.273,0
420,23719162428087,23719162497261,69.174,997.870,0.274,0
421,23719163428087,23719163499038,70.951,1001.777,0.284,0
422,23719164428087,23719164434439,6.352,935.401,0.283,0
423,23719165428087,23719165499574,71.487,1065.135,0.272,0
424,23719166428087,23719166499027,70.940,999.453,0.282,0
425,23719167428087,23719167498211,70.124,999.184,0.274,0
426,23719168428087,23719168497592,69.505,999.381,0.277,0
427,23719169428087,23719169499416,71.329,1001.824,0.279,0
428,23719170428087,23719170497005,68.918,997.589,0.272,0
429,23719171428087,23719171494894,66.807,997.889,0.266,0
430,23719172428087,23719172497596,69.509,1002.702,0.273,0
431,23719173428087,23719173497771,69.684,1000.175,0.273,0
432,23719174428087,23719174434429,6.342,936.658,0.284,0
433,23719175428087,23719175497223,69.136,1062.794,0.288,0
434,23719176428087,23719176499177,71.090,1001.954,0.279,0
435,23719177428087,23719177501688,73.601,1002.511,0.277,0
436,23719178428087,23719178503540,75.453,1001.852,0.271,0
437,23719179428087,23719179497195,69.108,993.655,0.274,0
438,23719180428087,23719180496998,68.911,999.803,0.272,0
439,23719181428087,23719181498418,70.331,1001.420,0.275,0
440,23719182428087,23719182498762,70.675,1000.344,0.275,0
441,23719183428087,23719183498186,70.099,999.424,0.273,0
442,23719184428087,23719184435121,7.034,936.935,0.287,0
443,23719185428087,23719185430543,2.456,995.422,0.064,0
444,23719186428087,23719186498998,70.911,1068.455,0.280,0
445,23719187428087,23719187495465,67.378,996.467,0.283,0
446,23719188428087,23719188497430,69.343,1001.965,0.266,0
447,23719189428087,23719189499513,71.426,1002.083,0.271,0
448,23719190428087,23719190498791,70.704,999.278,0.281,0
449,23719191428087,23719191499483,71.396,1000.692,0.281,0
450,23719192428087,23719192498218,70.131,998.735,0.273,0
451,23719193428087,23719193501577,73.490,1003.359,0.276,0
452,23719194428087,23719194434470,6.383,932.893,0.279,0
453,23719195428087,23719195497252,69.165,1062.782,0.281,0
454,23719196428087,23719196499373,71.286,1002.121,0.273,0
455,23719197428087,23719197499184,71.097,999.811,0.269,0
456,23719198428087,23719198498605,70.518,999.421,0.274,0
457,23719199428087,23719199499020,70.933,1000.415,0.277,0
458,23719200428087,23719200498622,70.535,999.602,0.283,0
459,23719201428087,23719201500611,72.524,1001.989,0.274,0
460,23719202428087,23719202499586,71.499,998.975,0.282,0
461,23719203428087,23719203497840,69.753,998.254,0.273,0
462,23719204428087,23719204434555,6.468,936.715,0.277,0
463,23719205428087,23719205497201,69.114,1062.646,0.272,0
464,23719206428087,23719206498721,70.634,1001.520,0.286,0
465,23719207428087,23719207498817,70.730,1000.096,0.274,0
466,23719208428087,23719208497777,69.690,998.960,0.267,0
467,23719209428087,23719209499534,71.447,1001.757,0.269,0
468,23719210428087,23719210497728,69.641,998.194,0.274,0
469,23719211428087,23719211498815,70.728,1001.087,0.270,0
470,23719212428087,23719212499176,71.089,1000.361,0.269,0
471,23719213428087,23719213499932,71.845,1000.756,0.272,0
472,23719214428087,23719214435576,7.489,935.644,0.271,0
473,23719215428087,23719215497624,69.537,1062.048,0.274,0
474,23719216428087,23719216499278,71.191,1001.654,0.272,0
475,23719217428087,23719217499057,70.970,999.779,0.270,0
476,23719218428087,23719218497286,69.199,998.229,0.275,0
477,23719219428087,23719219497616,69.529,1000.330,0.279,0
478,23719220428087,23719220497569,69.482,999.953,0.281,0
479,23719221428087,23719221499525,71.438,1001.956,0.278,0
480,23719222428087,23719222499431,71.344,999.906,0.276,0
481,23719223428087,23719223498760,70.673,999.329,0.278,0
482,23719224428087,23719224434554,6.467,935.794,0.281,0
483,23719225428087,23719225498948,70.861,1064.394,0.267,0
484,23719226428087,23719226461675,33.588,962.727,0.280,0
485,23719227428087,23719227497468,69.381,1035.793,0.279,0
486,23719228428087,23719228497498,69.411,1000.030,0.280,0
487,23719229428087,23719229498681,70.594,1001.183,0.278,0
488,23719230428087,23719230498525,70.438,999.844,0.286,0
489,23719231428087,23719231499719,71.632,1001.194,0.285,0
490,23719232428087,23719232498287,70.200,998.568,0.278,0
491,23719233428087,23719233497780,69.693,999.493,0.276,0
492,23719234428087,23719234434557,6.470,936.777,0.289,0
493,23719235428087,23719235494918,66.831,1060.361,0.274,0
494,23719236428087,23719236497652,69.565,1002.734,0.275,0
495,23719237428087,23719237497449,69.362,999.797,0.282,0
496,23719238428087,23719238499297,71.210,1001.848,0.278,0
497,23719239428087,23719239435397,7.310,936.100,0.280,0
498,23719240428087,23719240498974,70.887,1063.577,0.273,0
499,23719241428087,23719241501488,73.401,1002.514,0.275,0
500,23719242428087,23719242503016,74.929,1001.528,0.281,0
501,23719243428087,23719243499723,71.636,996.707,0.279,0
502,23719244428087,23719244434839,6.752,935.116,0.267,0
503,23719245428087,23719245498338,70.251,1063.499,0.270,0
504,23719246428087,23719246500412,72.325,1002.074,0.274,0
505,23719247428087,23719247499408,71.321,998.996,0.284,0
506,23719248428087,23719248498731,70.644,999.323,0.274,0
507,23719249428087,23719249500438,72.351,1001.707,0.273,0
508,23719250428087,23719250499194,71.107,998.756,0.280,0
509,23719251428087,23719251500603,72.516,1001.409,0.268,0
510,23719252428087,23719252499639,71.552,999.036,0.275,0
511,23719253428087,23719253500836,72.749,1001.197,0.269,0
512,23719254428087,23719254434493,6.406,933.657,0.288,0
513,23719255428087,23719255498148,70.061,1063.655,0.278,0
514,23719256428087,23719256435328,7.241,937.180,0.280,0
515,23719257428087,23719257496132,68.045,1060.804,0.169,0
516,23719258428087,23719258435880,7.793,939.748,0.299,0
517,23719259428087,23719259498175,70.088,1062.295,0.288,0
518,23719260428087,23719260497864,69.777,999.689,0.268,0
519,23719261428087,23719261498413,70.326,1000.549,0.281,0
520,23719262428087,23719262497259,69.172,998.846,0.277,0
521,23719263428087,23719263497857,69.770,1000.598,0.274,0
522,23719264428087,23719264433617,5.530,935.760,0.296,0
523,23719265428087,23719265499965,71.878,1066.348,0.282,0
524,23719266428087,23719266497821,69.734,997.856,0.277,0
525,23719267428087,23719267497703,69.616,999.882,0.277,0
526,23719268428087,23719268499162,71.075,1001.459,0.286,0
527,23719269428087,23719269497163,69.076,998.001,0.278,0
528,23719270428087,23719270497672,69.585,1000.509,0.276,0
529,23719271428087,23719271499688,71.601,1002.016,0.272,0
530,23719272428087,23719272435647,7.560,935.959,0.318,0
531,23719273428087,23719273499300,71.213,1063.653,0.268,0
532,23719274428087,23719274433842,5.755,934.542,0.296,0
533,23719275428087,23719275497478,69.391,1063.636,0.286,0
534,23719276428087,23719276500170,72.083,1002.692,0.277,0
535,23719277428087,23719277500295,72.208,1000.125,0.272,0
536,23719278428087,23719278498097,70.010,997.802,0.271,0
537,23719279428087,23719279502497,74.410,1004.400,0.280,0
538,23719280428087,23719280499954,71.867,997.457,0.277,0
539,23719281428087,23719281498140,70.053,998.186,0.271,0
540,23719282428087,23719282502457,74.370,1004.317,0.274,0
541,23719283428087,23719283499393,71.306,996.936,0.270,0
542,23719284428087,23719284436571,8.484,937.178,0.274,0
543,23719285428087,23719285488146,60.059,1051.575,0.279,0
544,23719286428087,23719286499637,71.550,1011.491,0.274,0
545,23719287428087,23719287499783,71.696,1000.146,0.282,0
546,23719288428087,23719288498281,70.194,998.498,0.272,0
547,23719289428087,23719289498584,70.497,1000.303,0.283,0
548,23719290428087,23719290436089,8.002,937.505,0.296,0
549,23719291428087,23719291498689,70.602,1062.600,0.287,0
550,23719292428087,23719292502683,74.596,1003.994,0.268,0
551,23719293428087,23719293500532,72.445,997.849,0.273,0
552,23719294428087,23719294434505,6.418,933.973,0.274,0
553,23719295428087,23719295500482,72.395,1065.977,0.283,0
554,23719296428087,23719296499585,71.498,999.103,0.279,0
555,23719297428087,23719297500044,71.957,1000.459,0.274,0
556,23719298428087,23719298498751,70.664,998.707,0.275,0
557,23719299428087,23719299499846,71.759,1001.095,0.278,0
558,23719300428087,23719300499249,71.162,999.403,0.280,0
559,23719301428087,23719301497446,69.359,998.197,0.277,0
560,23719302428087,23719302499427,71.340,1001.981,0.274,0
561,23719303428087,23719303498845,70.758,999.418,0.274,0
562,23719304428087,23719304434613,6.526,935.768,0.299,0
563,23719305428087,23719305500715,72.628,1066.102,0.285,0
564,23719306428087,23719306501982,73.895,1001.267,0.277,0
565,23719307428087,23719307512060,83.973,1010.078,0.279,0
566,23719308428087,23719308496017,67.930,983.957,0.275,0
567,23719309428087,23719309500558,72.471,1004.541,0.280,0
568,23719310428087,23719310499291,71.204,998.733,0.277,0
569,23719311428087,23719311499778,71.691,1000.487,0.273,0
570,23719312428087,23719312499784,71.697,1000.006,0.281,0
571,23719313428087,23719313499386,71.299,999.602,0.279,0
572,23719314428087,23719314434494,6.407,935.108,0.276,0
573,23719315428087,23719315504723,76.636,1070.229,0.281,0
574,23719316428087,23719316499365,71.278,994.642,0.272,0
575,23719317428087,23719317499552,71.465,1000.187,0.271,0
576,23719318428087,23719318500383,72.296,1000.831,0.279,0
577,23719319428087,23719319498542,70.455,998.159,0.276,0
578,23719320428087,23719320499800,71.713,1001.258,0.285,0
579,23719321428087,23719321501119,73.032,1001.319,0.273,0
580,23719322428087,23719322497063,68.976,995.944,0.269,0
581,23719323428087,23719323500513,72.426,1003.450,0.284,0
582,23719324428087,23719324434671,6.584,934.158,0.268,0
583,23719325428087,23719325499846,71.759,1065.175,0.273,0
584,23719326428087,23719326499944,71.857,1000.098,0.281,0
585,23719327428087,23719327500539,72.452,1000.595,0.279,0
586,23719328428087,23719328498508,70.421,997.969,0.277,0
587,23719329428087,23719329499386,71.299,1000.878,0.281,0
588,23719330428087,23719330498646,70.559,999.260,0.276,0
589,23719331428087,23719331500011,71.924,1001.365,0.275,0
590,23719332428087,23719332498107,70.020,998.096,0.271,0
591,23719333428087,23719333465956,37.869,967.849,0.278,0
592,23719334428087,23719334434559,6.472,968.603,0.280,0
593,23719335428087,23719335500291,72.204,1065.732,0.281,0
594,23719336428087,23719336498425,70.338,998.134,0.270,0
595,23719337428087,23719337498433,70.346,1000.008,0.284,0
596,23719338428087,23719338500209,72.122,1001.776,0.286,0
597,23719339428087,23719339500568,72.481,1000.359,0.277,0
598,23719340428087,23719340498917,70.830,998.349,0.279,0
599,23719341428087,23719341500100,72.013,1001.183,0.276,0
600,23719342428087,23719342500689,72.602,1000.589,0.276,0
601,23719343428087,23719343500339,72.252,999.650,0.285,0
602,23719344428087,23719344434832,6.745,934.493,0.272,0
603,23719345428087,23719345500577,72.490,1065.745,0.277,0
604,23719346428087,23719346498277,70.190,997.700,0.268,0
605,23719347428087,23719347498439,70.352,1000.162,0.286,0
606,23719348428087,23719348499991,71.904,1001.552,0.275,0
607,23719349428087,23719349497519,69.432,997.528,0.269,0
608,23719350428087,23719350499727,71.640,1002.208,0.275,0
609,23719351428087,23719351500447,72.360,1000.720,0.275,0
610,23719352428087,23719352499952,71.865,999.505,0.270,0
611,23719353428087,23719353498428,70.341,998.476,0.282,0
612,23719354428087,23719354434430,6.343,936.002,0.281,0
613,23719355428087,23719355500583,72.496,1066.153,0.276,0
614,23719356428087,23719356495621,67.534,995.038,0.280,0
615,23719357428087,23719357499010,70.923,1003.389,0.285,0
616,23719358428087,23719358499008,70.921,999.998,0.274,0
617,23719359428087,23719359498493,70.406,999.485,0.281,0
618,23719360428087,23719360498626,70.539,1000.133,0.274,0
619,23719361428087,23719361500259,72.172,1001.633,0.268,0
620,23719362428087,23719362497602,69.515,997.343,0.284,0
621,23719363428087,23719363504048,75.961,1006.446,0.272,0
622,23719364428087,23719364434572,6.485,930.524,0.289,0
623,23719365428087,23719365497428,69.341,1062.856,0.277,0
624,23719366428087,23719366500680,72.593,1003.252,0.274,0
625,23719367428087,23719367500282,72.195,999.602,0.274,0
626,23719368428087,23719368498464,70.377,998.182,0.276,0
627,23719369428087,23719369499947,71.860,1001.483,0.275,0
628,23719370428087,23719370501605,73.518,1001.658,0.279,0
629,23719371428087,23719371500252,72.165,998.647,0.280,0
630,23719372428087,23719372501930,73.843,1001.678,0.282,0
631,23719373428087,23719373499697,71.610,997.767,0.277,0
632,23719374428087,23719374434595,6.508,934.898,0.282,0
633,23719375428087,23719375497441,69.354,1062.846,0.278,0
634,23719376428087,23719376503977,75.890,1006.536,0.280,0
635,23719377428087,23719377499944,71.857,995.967,0.274,0
636,23719378428087,23719378502413,74.326,1002.469,0.278,0
637,23719379428087,23719379498876,70.789,996.463,0.275,0
638,23719380428087,23719380500521,72.434,1001.645,0.275,0
639,23719381428087,23719381498331,70.244,997.810,0.277,0
640,23719382428087,23719382499046,70.959,1000.715,0.278,0
641,23719383428087,23719383499102,71.015,1000.056,0.275,0
642,23719384428087,23719384433599,5.512,934.497,0.274,0
643,23719385428087,23719385499596,71.509,1065.997,0.282,0
644,23719386428087,23719386501201,73.114,1001.605,0.281,0
645,23719387428087,23719387500101,72.014,998.900,0.276,0
646,23719388428087,23719388500419,72.332,1000.318,0.268,0
647,23719389428087,23719389498572,70.485,998.153,0.273,0
648,23719390428087,23719390499792,71.705,1001.220,0.273,0
649,23719391428087,23719391498951,70.864,999.159,0.276,0
650,23719392428087,23719392498254,70.167,999.303,0.274,0
651,23719393428087,23719393498418,70.331,1000.164,0.274,0
652,23719394428087,23719394434541,6.454,936.123,0.284,0
653,23719395428087,23719395500242,72.155,1065.701,0.279,0
654,23719396428087,23719396498497,70.410,998.255,0.275,0
655,23719397428087,23719397498208,70.121,999.711,0.276,0
656,23719398428087,23719398498465,70.378,1000.257,0.278,0
657,23719399428087,23719399498256,70.169,999.791,0.279,0
658,23719400428087,23719400498693,70.606,1000.437,0.275,0
659,23719401428087,23719401498327,70.240,999.634,0.278,0
660,23719402428087,23719402500728,72.641,1002.401,0.281,0
661,23719403428087,23719403498632,70.545,997.904,0.280,0
662,23719404428087,23719404436225,8.138,937.593,0.277,0
663,23719405428087,23719405499217,71.130,1062.992,0.272,0
664,23719406428087,23719406506549,78.462,1007.332,0.284,0
665,23719407428087,23719407498680,70.593,992.131,0.277,0
666,23719408428087,23719408499865,71.778,1001.185,0.277,0
667,23719409428087,23719409498153,70.066,998.288,0.275,0
668,23719410428087,23719410498591,70.504,1000.438,0.278,0
669,23719411428087,23719411499504,71.417,1000.913,0.282,0
670,23719412428087,23719412498493,70.406,998.989,0.277,0
671,23719413428087,23719413496242,68.155,997.749,0.282,0
672,23719414428087,23719414434483,6.396,938.241,0.280,0
673,23719415428087,23719415498156,70.069,1063.673,0.281,0
674,23719416428087,23719416498894,70.807,1000.738,0.269,0
675,23719417428087,23719417434976,6.889,936.082,0.314,0
676,23719418428087,23719418499484,71.397,1064.508,0.281,0
677,23719419428087,23719419498989,70.902,999.505,0.277,0
678,23719420428087,23719420500845,72.758,1001.856,0.271,0
679,23719421428087,23719421500265,72.178,999.420,0.272,0
680,23719422428087,23719422499402,71.315,999.137,0.271,0
681,23719423428087,23719423500414,72.327,1001.012,0.275,0
682,23719424428087,23719424433491,5.404,933.077,0.278,0
683,23719425428087,23719425500089,72.002,1066.598,0.279,0
684,23719426428087,23719426501797,73.710,1001.708,0.275,0
685,23719427428087,23719427503360,75.273,1001.563,0.278,0
686,23719428428087,23719428502373,74.286,999.013,0.275,0
687,23719429428087,23719429503048,74.961,1000.675,0.276,0
688,23719430428087,23719430500632,72.545,997.584,0.275,0
689,23719431428087,23719431499330,71.243,998.698,0.276,0
690,23719432428087,23719432499870,71.783,1000.540,0.274,0
691,23719433428087,23719433500029,71.942,1000.159,0.278,0
692,23719434428087,23719434434490,6.403,934.461,0.272,0
693,23719435428087,23719435504475,76.388,1069.985,0.279,0
694,23719436428087,23719436500898,72.811,996.423,0.276,0
695,23719437428087,23719437498981,70.894,998.083,0.279,0
696,23719438428087,23719438499185,71.098,1000.204,0.281,0
697,23719439428087,23719439498715,70.628,999.530,0.276,0
698,23719440428087,23719440500731,72.644,1002.016,0.272,0
699,23719441428087,23719441498314,70.227,997.583,0.282,0
700,23719442428087,23719442501803,73.716,1003.489,0.274,0
701,23719443428087,23719443498286,70.199,996.483,0.270,0
702,23719444428087,23719444434822,6.735,936.536,0.272,0
703,23719445428087,23719445499546,71.459,1064.724,0.271,0
704,23719446428087,23719446500101,72.014,1000.555,0.274,0
705,23719447428087,23719447500631,72.544,1000.530,0.281,0
706,23719448428087,23719448500165,72.078,999.534,0.272,0
707,23719449428087,23719449500253,72.166,1000.088,0.277,0
708,23719450428087,23719450500369,72.282,1000.116,0.277,0
709,23719451428087,23719451498935,70.848,998.566,0.275,0
710,23719452428087,23719452500449,72.362,1001.514,0.283,0
711,23719453428087,23719453498861,70.774,998.412,0.275,0
712,23719454428087,23719454434480,6.393,935.619,0.282,0
713,23719455428087,23719455498677,70.590,1064.197,0.269,0
714,23719456428087,23719456499222,71.135,1000.545,0.278,0
715,23719457428087,23719457500354,72.267,1001.132,0.268,0
716,23719458428087,23719458498634,70.547,998.280,0.265,0
717,23719459428087,23719459499897,71.810,1001.263,0.275,0
718,23719460428087,23719460500597,72.510,1000.700,0.270,0
719,23719461428087,23719461500596,72.509,999.999,0.284,0
720,23719462428087,23719462498214,70.127,997.618,0.282,0
721,23719463428087,23719463499722,71.635,1001.508,0.279,0
722,23719464428087,23719464434533,6.446,934.811,0.281,0
723,23719465428087,23719465498132,70.045,1063.599,0.275,0
724,23719466428087,23719466499074,70.987,1000.942,0.279,0
725,23719467428087,23719467498498,70.411,999.424,0.275,0
726,23719468428087,23719468498713,70.626,1000.215,0.278,0
727,23719469428087,23719469499068,70.981,1000.355,0.273,0
728,23719470428087,23719470497979,69.892,998.911,0.277,0
729,23719471428087,23719471498295,70.208,1000.316,0.279,0
730,23719472428087,23719472499418,71.331,1001.123,0.280,0
731,23719473428087,23719473498992,70.905,999.574,0.285,0
732,23719474428087,23719474434430,6.343,935.438,0.277,0
733,23719475428087,23719475498400,70.313,1063.970,0.276,0
734,23719476428087,23719476464385,36.298,965.985,0.299,0
735,23719477428087,23719477493568,65.481,1029.183,0.278,0
736,23719478428087,23719478498889,70.802,1005.321,0.279,0
737,23719479428087,23719479500297,72.210,1001.408,0.280,0
738,23719480428087,23719480500769,72.682,1000.472,0.272,0
739,23719481428087,23719481499573,71.486,998.804,0.273,0
740,23719482428087,23719482498411,70.324,998.838,0.273,0
741,23719483428087,23719483499075,70.988,1000.664,0.277,0
742,23719484428087,23719484433726,5.639,934.651,0.269,0
743,23719485428087,23719485499440,71.353,1065.714,0.280,0
744,23719486428087,23719486498447,70.360,999.007,0.270,0
745,23719487428087,23719487500461,72.374,1002.014,0.275,0
746,23719488428087,23719488497992,69.905,997.531,0.270,0
747,23719489428087,23719489499866,71.779,1001.874,0.276,0
748,23719490428087,23719490501479,73.392,1001.613,0.275,0
749,23719491428087,23719491502453,74.366,1000.974,0.281,0
750,23719492428087,23719492498514,70.427,996.061,0.274,0
751,23719493428087,23719493457719,29.632,959.205,0.274,0
752,23719494428087,23719494434568,6.481,976.849,0.280,0
753,23719495428087,23719495499183,71.096,1064.615,0.290,0
754,23719496428087,23719496499976,71.889,1000.793,0.269,0
755,23719497428087,23719497499048,70.961,999.072,0.278,0
756,23719498428087,23719498499736,71.649,1000.688,0.275,0
757,23719499428087,23719499498803,70.716,999.067,0.277,0
758,23719500428087,23719500500287,72.200,1001.484,0.278,0
759,23719501428087,23719501500986,72.899,1000.699,0.278,0
760,23719502428087,23719502498248,70.161,997.262,0.274,0
761,23719503428087,23719503498391,70.304,1000.143,0.275,0
762,23719504428087,23719504434491,6.404,936.100,0.275,0
763,23719505428087,23719505498863,70.776,1064.372,0.280,0
764,23719506428087,23719506500843,72.756,1001.980,0.278,0
765,23719507428087,23719507502469,74.382,1001.626,0.274,0
766,23719508428087,23719508498571,70.484,996.102,0.271,0
767,23719509428087,23719509497961,69.874,999.390,0.272,0
768,23719510428087,23719510500794,72.707,1002.833,0.282,0
769,23719511428087,23719511498701,70.614,997.907,0.274,0
770,23719512428087,23719512498491,70.404,999.790,0.277,0
771,23719513428087,23719513500509,72.422,1002.018,0.269,0
772,23719514428087,23719514434488,6.401,933.979,0.283,0
773,23719515428087,23719515498959,70.872,1064.471,0.283,0
774,23719516428087,23719516500285,72.198,1001.326,0.277,0
775,23719517428087,23719517498836,70.749,998.551,0.272,0
776,23719518428087,23719518500097,72.010,1001.261,0.270,0
777,23719519428087,23719519498331,70.244,998.234,0.274,0
778,23719520428087,23719520501985,73.898,1003.654,0.276,0
779,23719521428087,23719521498537,70.450,996.552,0.278,0
780,23719522428087,23719522468400,40.313,969.863,0.272,0
781,23719523428087,23719523499466,71.379,1031.066,0.274,0
782,23719524428087,23719524434619,6.532,935.153,0.271,0
783,23719525428087,23719525499810,71.723,1065.191,0.276,0
784,23719526428087,23719526500065,71.978,1000.255,0.269,0
785,23719527428087,23719527499553,71.466,999.488,0.280,0
786,23719528428087,23719528498968,70.881,999.415,0.279,0
787,23719529428087,23719529498069,69.982,999.101,0.270,0
788,23719530428087,23719530500663,72.576,1002.594,0.274,0
789,23719531428087,23719531498899,70.812,998.236,0.280,0
790,23719532428087,23719532498749,70.662,999.850,0.265,0
791,23719533428087,23719533433542,5.455,934.793,0.284,0
792,23719534428087,23719534434474,6.387,1000.932,0.279,0
793,23719535428087,23719535430563,2.476,996.089,0.081,0
794,23719536428087,23719536430408,2.321,999.845,0.063,0
795,23719537428087,23719537497732,69.645,1067.324,0.279,0
796,23719538428087,23719538497425,69.338,999.693,0.275,0
797,23719539428087,23719539499011,70.924,1001.586,0.279,0
798,23719540428087,23719540500362,72.275,1001.351,0.281,0
799,23719541428087,23719541495493,67.406,995.131,0.269,0
800,23719542428087,23719542497576,69.489,1002.083,0.276,0
801,23719543428087,23719543498896,70.809,1001.320,0.269,0
802,23719544428087,23719544435105,7.018,936.209,0.283,0
803,23719545428087,23719545433430,5.343,998.325,0.244,0
804,23719546428087,23719546497532,69.445,1064.102,0.288,0
805,23719547428087,23719547497636,69.549,1000.104,0.272,0
806,23719548428087,23719548499474,71.387,1001.838,0.286,0
807,23719549428087,23719549498763,70.676,999.289,0.277,0
808,23719550428087,23719550497313,69.226,998.550,0.291,0
809,23719551428087,23719551497389,69.302,1000.076,0.272,0
810,23719552428087,23719552498197,70.110,1000.808,0.276,0
811,23719553428087,23719553497464,69.377,999.267,0.286,0
812,23719554428087,23719554434747,6.660,937.283,0.275,0
813,23719555428087,23719555433511,5.424,998.764,0.289,0
814,23719556428087,23719556500114,72.027,1066.603,0.270,0
815,23719557428087,23719557496380,68.293,996.266,0.279,0
816,23719558428087,23719558498698,70.611,1002.318,0.288,0
817,23719559428087,23719559498859,70.772,1000.161,0.274,0
818,23719560428087,23719560498497,70.410,999.638,0.270,0
819,23719561428087,23719561497530,69.443,999.033,0.282,0
820,23719562428087,23719562498802,70.715,1001.272,0.278,0
821,23719563428087,23719563502149,74.062,1003.347,0.283,0
822,23719564428087,23719564434692,6.605,932.543,0.280,0
823,23719565428087,23719565497042,68.955,1062.350,0.277,0
824,23719566428087,23719566497328,69.241,1000.286,0.275,0
825,23719567428087,23719567500049,71.962,1002.721,0.281,0
826,23719568428087,23719568499700,71.613,999.651,0.281,0
827,23719569428087,23719569499516,71.429,999.816,0.288,0
828,23719570428087,23719570499727,71.640,1000.211,0.274,0
829,23719571428087,23719571501555,73.468,1001.828,0.274,0
830,23719572428087,23719572499930,71.843,998.375,0.283,0
831,23719573428087,23719573498485,70.398,998.555,0.280,0
832,23719574428087,23719574434567,6.480,936.082,0.286,0
833,23719575428087,23719575498311,70.224,1063.744,0.293,0
834,23719576428087,23719576499198,71.111,1000.887,0.278,0
835,23719577428087,23719577497628,69.541,998.430,0.280,0
836,23719578428087,23719578498731,70.644,1001.103,0.274,0
837,23719579428087,23719579498337,70.250,999.606,0.286,0
838,23719580428087,23719580498100,70.013,999.763,0.278,0
839,23719581428087,23719581498220,70.133,1000.120,0.278,0
840,23719582428087,23719582498120,70.033,999.900,0.273,0
841,23719583428087,23719583433558,5.471,935.438,0.282,0
842,23719584428087,23719584433737,5.650,1000.179,0.277,0
843,23719585428087,23719585497253,69.166,1063.516,0.281,0
844,23719586428087,23719586498185,70.098,1000.932,0.280,0
845,23719587428087,23719587497578,69.491,999.393,0.271,0
846,23719588428087,23719588498970,70.883,1001.392,0.276,0
847,23719589428087,23719589497665,69.578,998.695,0.274,0
848,23719590428087,23719590499902,71.815,1002.237,0.279,0
849,23719591428087,23719591500668,72.581,1000.766,0.282,0
850,23719592428087,23719592499986,71.899,999.318,0.279,0
851,23719593428087,23719593499665,71.578,999.679,0.276,0
852,23719594428087,23719594434511,6.424,934.846,0.288,0
853,23719595428087,23719595498335,70.248,1063.824,0.275,0
854,23719596428087,23719596499280,71.193,1000.945,0.283,0
855,23719597428087,23719597498743,70.656,999.463,0.277,0
856,23719598428087,23719598498419,70.332,999.676,0.343,0
857,23719599428087,23719599498420,70.333,1000.001,0.298,0
858,23719600428087,23719600499118,71.031,1000.698,0.295,0
859,23719601428087,23719601498064,69.977,998.946,0.299,0
860,23719602428087,23719602498525,70.438,1000.461,0.297,0
861,23719603428087,23719603498392,70.305,999.867,0.295,0
862,23719604428087,23719604434595,6.508,936.203,0.312,0
863,23719605428087,23719605501268,73.181,1066.673,0.304,0
864,23719606428087,23719606498277,70.190,997.009,0.303,0
865,23719607428087,23719607498952,70.865,1000.675,0.304,0
866,23719608428087,23719608498291,70.204,999.339,0.292,0
867,23719609428087,23719609499899,71.812,1001.608,0.298,0
868,23719610428087,23719610500566,72.479,1000.667,0.303,0
869,23719611428087,23719611502511,74.424,1001.945,0.295,0
870,23719612428087,23719612498824,70.737,996.313,0.293,0
871,23719613428087,23719613499082,70.995,1000.258,0.304,0
872,23719614428087,23719614434488,6.401,935.406,0.322,0
873,23719615428087,23719615498428,70.341,1063.940,0.307,0
874,23719616428087,23719616499885,71.798,1001.457,0.298,0
875,23719617428087,23719617499230,71.143,999.345,0.300,0
876,23719618428087,23719618499760,71.673,1000.530,0.298,0
877,23719619428087,23719619500890,72.803,1001.130,0.304,0
878,23719620428087,23719620499999,71.912,999.109,0.294,0
879,23719621428087,23719621501387,73.300,1001.388,0.289,0
880,23719622428087,23719622499622,71.535,998.235,0.298,0
881,23719623428087,23719623501154,73.067,1001.532,0.298,0
882,23719624428087,23719624434505,6.418,933.351,0.304,0
883,23719625428087,23719625498276,70.189,1063.771,0.290,0
884,23719626428087,23719626498818,70.731,1000.542,0.296,0
885,23719627428087,23719627502615,74.528,1003.797,0.306,0
886,23719628428087,23719628498726,70.639,996.111,0.306,0
887,23719629428087,23719629498892,70.805,1000.166,0.290,0
888,23719630428087,23719630498691,70.604,999.799,0.297,0
889,23719631428087,23719631468734,40.647,970.043,0.289,0
890,23719632428087,23719632503458,75.371,1034.724,0.291,0
891,23719633428087,23719633437866,9.779,934.408,0.305,0
892,23719634428087,23719634435088,7.001,997.222,0.311,0
893,23719635428087,23719635500796,72.709,1065.708,0.294,0
894,23719636428087,23719636498364,70.277,997.568,0.298,0
895,23719637428087,23719637466342,38.255,967.978,0.302,0
896,23719638428087,23719638481239,53.152,1014.897,0.730,0
897,23719639428087,23719639471336,43.249,990.097,0.705,0
898,23719640428087,23719640474030,45.943,1002.694,0.729,0
899,23719641428087,23719641472087,44.000,998.057,0.734,0
900,23719642428087,23719642471375,43.288,999.288,0.709,0
901,23719643428087,23719643473313,45.226,1001.938,0.721,0
902,23719644428087,23719644434315,6.228,961.002,0.311,0
903,23719645428087,23719645473398,45.311,1039.083,0.740,0
904,23719646428087,23719646472812,44.725,999.414,0.723,0
905,23719647428087,23719647471785,43.698,998.973,0.735,0
906,23719648428087,23719648471178,43.091,999.393,0.726,0
907,23719649428087,23719649472317,44.230,1001.139,0.736,0
908,23719650428087,23719650472165,44.078,999.848,0.723,0
909,23719651428087,23719651473189,45.102,1001.024,0.727,0
910,23719652428087,23719652473475,45.388,1000.286,0.734,0
911,23719653428087,23719653471889,43.802,998.414,0.703,0
912,23719654428087,23719654434591,6.504,962.702,0.322,0
913,23719655428087,23719655471017,42.930,1036.426,0.728,0
914,23719656428087,23719656472020,43.933,1001.003,0.728,0
915,23719657428087,23719657472944,44.857,1000.924,0.725,0
916,23719658428087,23719658472842,44.755,999.898,0.715,0
917,23719659428087,23719659471312,43.225,998.470,0.724,0
918,23719660428087,23719660473991,45.904,1002.679,0.701,0
919,23719661428087,23719661473646,45.559,999.655,0.737,0
920,23719662428087,23719662473496,45.409,999.850,0.718,0
921,23719663428087,23719663474264,46.177,1000.768,0.733,0
922,23719664428087,23719664434715,6.628,960.451,0.307,0
923,23719665428087,23719665498993,70.906,1064.278,0.305,0
924,23719666428087,23719666498451,70.364,999.458,0.310,0
925,23719667428087,23719667499262,71.175,1000.811,0.312,0
926,23719668428087,23719668499353,71.266,1000.091,0.318,0
927,23719669428087,23719669500934,72.847,1001.581,0.295,0
928,23719670428087,23719670499455,71.368,998.521,0.298,0
929,23719671428087,23719671500540,72.453,1001.085,0.300,0
930,23719672428087,23719672500063,71.976,999.523,0.311,0
931,23719673428087,23719673498688,70.601,998.625,0.308,0
932,23719674428087,23719674434477,6.390,935.789,0.305,0
933,23719675428087,23719675501698,73.611,1067.221,0.298,0
934,23719676428087,23719676502962,74.875,1001.264,0.294,0
935,23719677428087,23719677499737,71.650,996.775,0.300,0
936,23719678428087,23719678502989,74.902,1003.252,0.299,0
937,23719679428087,23719679500246,72.159,997.257,0.295,0
938,23719680428087,23719680499528,71.441,999.282,0.294,0
939,23719681428087,23719681500564,72.477,1001.036,0.291,0
940,23719682428087,23719682500248,72.161,999.684,0.306,0
941,23719683428087,23719683500385,72.298,1000.137,0.302,0
942,23719684428087,23719684435805,7.718,935.420,0.313,0
943,23719685428087,23719685500564,72.477,1064.759,0.303,0
944,23719686428087,23719686499246,71.159,998.682,0.297,0
945,23719687428087,23719687500236,72.149,1000.990,0.302,0
946,23719688428087,23719688500738,72.651,1000.502,0.299,0
947,23719689428087,23719689500170,72.083,999.432,0.306,0
948,23719690428087,23719690498611,70.524,998.441,0.314,0
949,23719691428087,23719691501388,73.301,1002.777,0.295,0
950,23719692428087,23719692502658,74.571,1001.270,0.295,0
951,23719693428087,23719693499142,71.055,996.484,0.308,0
952,23719694428087,23719694434690,6.603,935.548,0.326,0
953,23719695428087,23719695500284,72.197,1065.594,0.302,0
954,23719696428087,23719696500001,71.914,999.717,0.298,0
955,23719697428087,23719697500698,72.611,1000.697,0.304,0
956,23719698428087,23719698500326,72.239,999.628,0.291,0
957,23719699428087,23719699499922,71.835,999.596,0.309,0
958,23719700428087,23719700498561,70.474,998.639,0.294,0
959,23719701428087,23719701498314,70.227,999.753,0.296,0
960,23719702428087,23719702499662,71.575,1001.348,0.302,0
961,23719703428087,23719703466579,38.492,966.917,0.301,0
962,23719704428087,23719704435177,7.090,968.598,0.312,0
963,23719705428087,23719705499476,71.389,1064.299,0.305,0
964,23719706428087,23719706499833,71.746,1000.357,0.299,0
965,23719707428087,23719707499027,70.940,999.194,0.304,0
966,23719708428087,23719708498532,70.445,999.505,0.302,0
967,23719709428087,23719709500189,72.102,1001.657,0.313,0
968,23719710428087,23719710499445,71.358,999.256,0.294,0
969,23719711428087,23719711500012,71.925,1000.567,0.307,0
970,23719712428087,23719712498415,70.328,998.403,0.300,0
971,23719713428087,23719713498112,70.025,999.697,0.304,0
972,23719714428087,23719714434494,6.407,936.382,0.319,0
973,23719715428087,23719715497988,69.901,1063.494,0.294,0
974,23719716428087,23719716500715,72.628,1002.727,0.301,0
975,23719717428087,23719717500485,72.398,999.770,0.302,0
976,23719718428087,23719718498469,70.382,997.984,0.311,0
977,23719719428087,23719719498428,70.341,999.959,0.306,0
978,23719720428087,23719720498330,70.243,999.902,0.309,0
979,23719721428087,23719721498600,70.513,1000.270,0.294,0
980,23719722428087,23719722498026,69.939,999.426,0.300,0
981,23719723428087,23719723498734,70.647,1000.708,0.300,0
982,23719724428087,23719724434054,5.967,935.320,0.304,0
983,23719725428087,23719725498108,70.021,1064.054,0.303,0
984,23719726428087,23719726496689,68.602,998.581,0.300,0
985,23719727428087,23719727499530,71.443,1002.841,0.300,0
986,23719728428087,23719728499774,71.687,1000.244,0.307,0
987,23719729428087,23719729498313,70.226,998.539,0.310,0
988,23719730428087,23719730498280,70.193,999.967,0.301,0
989,23719731428087,23719731498698,70.611,1000.418,0.307,0
990,23719732428087,23719732453843,25.756,955.145,0.303,0
991,23719733428087,23719733499891,71.804,1046.048,0.302,0
992,23719734428087,23719734434713,6.626,934.822,0.303,0
993,23719735428087,23719735497717,69.630,1063.004,0.294,0
994,23719736428087,23719736499460,71.373,1001.743,0.306,0
995,23719737428087,23719737499846,71.759,1000.386,0.311,0
996,23719738428087,23719738498556,70.469,998.710,0.299,0
997,23719739428087,23719739501033,72.946,1002.477,0.297,0
998,23719740428087,23719740502262,74.175,1001.229,0.300,0
999,23719741428087,23719741498364,70.277,996.102,0.302,0
1000,23719742428087,23719742496657,68.570,998.293,0.304,0
1001,23719743428087,23719743498275,70.188,1001.618,0.306,0
1002,23719744428087,23719744434829,6.742,936.554,0.296,0
1003,23719745428087,23719745498437,70.350,1063.608,0.296,0
1004,23719746428087,23719746498891,70.804,1000.454,0.303,0
1005,23719747428087,23719747499538,71.451,1000.647,0.302,0
1006,23719748428087,23719748498376,70.289,998.838,0.295,0
1007,23719749428087,23719749500066,71.979,1001.690,0.311,0
1008,23719750428087,23719750498360,70.273,998.294,0.309,0
1009,23719751428087,23719751498139,70.052,999.779,0.321,0
1010,23719752428087,23719752500674,72.587,1002.535,0.295,0
1011,23719753428087,23719753500265,72.178,999.591,0.296,0
1012,23719754428087,23719754434612,6.525,934.347,0.325,0
1013,23719755428087,23719755500756,72.669,1066.144,0.301,0
1014,23719756428087,23719756501829,73.742,1001.073,0.298,0
1015,23719757428087,23719757498777,70.690,996.948,0.299,0
1016,23719758428087,23719758498765,70.678,999.988,0.303,0
1017,23719759428087,23719759504569,76.482,1005.804,0.298,0
1018,23719760428087,23719760500721,72.634,996.152,0.304,0
1019,23719761428087,23719761500540,72.453,999.819,0.291,0
1020,23719762428087,23719762498416,70.329,997.876,0.303,0
1021,23719763428087,23719763499479,71.392,1001.063,0.300,0
1022,23719764428087,23719764434601,6.514,935.122,0.313,0
1023,23719765428087,23719765499445,71.358,1064.844,0.299,0
1024,23719766428087,23719766498154,70.067,998.709,0.305,0
1025,23719767428087,23719767500629,72.542,1002.475,0.296,0
1026,23719768428087,23719768499505,71.418,998.876,0.300,0
1027,23719769428087,23719769500853,72.766,1001.348,0.311,0
1028,23719770428087,23719770498796,70.709,997.943,0.296,0
1029,23719771428087,23719771466420,38.333,967.624,0.295,0
1030,23719772428087,23719772471117,43.030,1004.697,0.733,0
1031,23719773428087,23719773473689,45.602,1002.572,0.722,0
1032,23719774428087,23719774434584,6.497,960.895,0.311,0
1033,23719775428087,23719775498922,70.835,1064.338,0.306,0
1034,23719776428087,23719776500043,71.956,1001.121,0.289,0
1035,23719777428087,23719777500352,72.265,1000.309,0.303,0
1036,23719778428087,23719778498094,70.007,997.742,0.304,0
1037,23719779428087,23719779500289,72.202,1002.195,0.293,0
1038,23719780428087,23719780500372,72.285,1000.083,0.308,0
1039,23719781428087,23719781499178,71.091,998.806,0.311,0
1040,23719782428087,23719782499759,71.672,1000.581,0.299,0
1041,23719783428087,23719783497013,68.926,997.254,0.302,0
1042,23719784428087,23719784434572,6.485,937.559,0.322,0
1043,23719785428087,23719785498607,70.520,1064.035,0.292,0
1044,23719786428087,23719786498797,70.710,1000.190,0.301,0
1045,23719787428087,23719787436200,8.113,937.403,0.314,0
1046,23719788428087,23719788466780,38.693,1030.580,0.303,0
1047,23719789428087,23719789462585,34.498,995.805,0.299,0
1048,23719790428087,23719790473747,45.660,1011.162,0.749,0
1049,23719791428087,23719791472913,44.826,999.166,0.696,0
1050,23719792428087,23719792472656,44.569,999.743,0.734,0
1051,23719793428087,23719793471591,43.504,998.935,0.722,0
1052,23719794428087,23719794434499,6.412,962.908,0.312,0
1053,23719795428087,23719795472232,44.145,1037.733,0.702,0
1054,23719796428087,23719796472421,44.334,1000.189,0.745,0
1055,23719797428087,23719797472050,43.963,999.629,0.717,0
1056,23719798428087,23719798471876,43.789,999.826,0.729,0
1057,23719799428087,23719799471317,43.230,999.441,0.731,0
1058,23719800428087,23719800472965,44.878,1001.648,0.737,0
1059,23719801428087,23719801471995,43.908,999.030,0.741,0
1060,23719802428087,23719802471935,43.848,999.940,0.792,0
1061,23719803428087,23719803471410,43.323,999.475,0.714,0
1062,23719804428087,23719804465301,37.214,993.891,0.310,0
1063,23719805428087,23719805472840,44.753,1007.539,0.723,0
1064,23719806428087,23719806435558,7.471,962.718,0.229,0
1065,23719807428087,23719807498683,70.596,1063.125,0.300,0
1066,23719808428087,23719808498014,69.927,999.331,0.300,0
1067,23719809428087,23719809498316,70.229,1000.302,0.296,0
1068,23719810428087,23719810499646,71.559,1001.330,0.307,0
1069,23719811428087,23719811498590,70.503,998.944,0.294,0
1070,23719812428087,23719812497853,69.766,999.263,0.295,0
1071,23719813428087,23719813504011,75.924,1006.158,0.294,0
1072,23719814428087,23719814498411,70.324,994.400,0.293,0
1073,23719815428087,23719815498062,69.975,999.651,0.293,0
1074,23719816428087,23719816500461,72.374,1002.399,0.295,0
1075,23719817428087,23719817500183,72.096,999.722,0.292,0
1076,23719818428087,23719818500380,72.293,1000.197,0.303,0
1077,23719819428087,23719819500188,72.101,999.808,0.301,0
1078,23719820428087,23719820501220,73.133,1001.032,0.301,0
1079,23719821428087,23719821500028,71.941,998.808,0.304,0
1080,23719822428087,23719822498445,70.358,998.417,0.303,0
1081,23719823428087,23719823484315,56.228,985.870,0.305,0
1082,23719824428087,23719824503242,75.155,1018.927,0.306,0
1083,23719825428087,23719825499035,70.948,995.793,0.302,0
1084,23719826428087,23719826499037,70.950,1000.002,0.308,0
1085,23719827428087,23719827499648,71.561,1000.611,0.299,0
1086,23719828428087,23719828499686,71.599,1000.038,0.296,0
1087,23719829428087,23719829499085,70.998,999.399,0.299,0
1088,23719830428087,23719830467232,39.145,968.147,0.306,0
1089,23719831428087,23719831499971,71.884,1032.739,0.297,0
1090,23719832428087,23719832499729,71.642,999.758,0.321,0
1091,23719833428087,23719833498033,69.946,998.304,0.365,0
1092,23719834428087,23719834434617,6.530,936.584,0.302,0
1093,23719835428087,23719835500114,72.027,1065.497,0.298,0
1094,23719836428087,23719836498437,70.350,998.323,0.298,0
1095,23719837428087,23719837499357,71.270,1000.920,0.300,0
1096,23719838428087,23719838498210,70.123,998.853,0.285,0
1097,23719839428087,23719839490573,62.486,992.363,0.296,0
1098,23719840428087,23719840499136,71.049,1008.563,0.303,0
1099,23719841428087,23719841499064,70.977,999.928,0.292,0
1100,23719842428087,23719842499128,71.041,1000.064,0.312,0
1101,23719843428087,23719843498823,70.736,999.695,0.298,0
1102,23719844428087,23719844498881,70.794,1000.058,0.298,0
1103,23719845428087,23719845499296,71.209,1000.415,0.294,0
1104,23719846428087,23719846498130,70.043,998.834,0.299,0
1105,23719847428087,23719847496257,68.170,998.127,0.306,0
1106,23719848428087,23719848499254,71.167,1002.997,0.303,0
1107,23719849428087,23719849499068,70.981,999.814,0.299,0
1108,23719850428087,23719850498480,70.393,999.412,0.296,0
1109,23719851428087,23719851498597,70.510,1000.117,0.292,0
1110,23719852428087,23719852498135,70.048,999.538,0.294,0
1111,23719853428087,23719853499953,71.866,1001.818,0.306,0
1112,23719854428087,23719854500553,72.466,1000.600,0.301,0
1113,23719855428087,23719855500604,72.517,1000.051,0.295,0
1114,23719856428087,23719856499626,71.539,999.022,0.296,0
1115,23719857428087,23719857498528,70.441,998.902,0.300,0
1116,23719858428087,23719858499157,71.070,1000.629,0.299,0
1117,23719859428087,23719859498760,70.673,999.603,0.292,0
1118,23719860428087,23719860502024,73.937,1003.264,0.300,0
1119,23719861428087,23719861498320,70.233,996.296,0.301,0
1120,23719862428087,23719862498192,70.105,999.872,0.303,0
1121,23719863428087,23719863496021,67.934,997.829,0.310,0
1122,23719864428087,23719864501448,73.361,1005.427,0.366,0
1123,23719865428087,23719865498643,70.556,997.195,0.304,0
1124,23719866428087,23719866500559,72.472,1001.916,0.294,0
1125,23719867428087,23719867500005,71.918,999.446,0.295,0
1126,23719868428087,23719868500646,72.559,1000.641,0.301,0
1127,23719869428087,23719869499645,71.558,998.999,0.298,0
1128,23719870428087,23719870500591,72.504,1000.946,0.305,0
1129,23719871428087,23719871499226,71.139,998.635,0.299,0
1130,23719872428087,23719872500496,72.409,1001.270,0.296,0
1131,23719873428087,23719873500328,72.241,999.832,0.290,0
1132,23719874428087,23719874498059,69.972,997.731,0.299,0
1133,23719875428087,23719875500425,72.338,1002.366,0.302,0
1134,23719876428087,23719876502167,74.080,1001.742,0.291,0
1135,23719877428087,23719877498214,70.127,996.047,0.301,0
1136,23719878428087,23719878498141,70.054,999.927,0.287,0
1137,23719879428087,23719879499905,71.818,1001.764,0.308,0
1138,23719880428087,23719880498540,70.453,998.635,0.301,0
1139,23719881428087,23719881499975,71.888,1001.435,0.310,0
1140,23719882428087,23719882500484,72.397,1000.509,0.300,0
1141,23719883428087,23719883499352,71.265,998.868,0.298,0
1142,23719884428087,23719884434772,6.685,935.420,0.287,0
1143,23719885428087,23719885498827,70.740,1064.055,0.306,0
1144,23719886428087,23719886498306,70.219,999.479,0.305,0
1145,23719887428087,23719887498222,70.135,999.916,0.299,0
1146,23719888428087,23719888499906,71.819,1001.684,0.315,0
1147,23719889428087,23719889501116,73.029,1001.210,0.302,0
1148,23719890428087,23719890499098,71.011,997.982,0.302,0
1149,23719891428087,23719891486811,58.724,987.713,0.295,0
1150,23719892428087,23719892462406,34.319,975.595,0.307,0
1151,23719893428087,23719893500552,72.465,1038.146,0.329,0
1152,23719894428087,23719894434529,6.442,933.977,0.300,0
1153,23719895428087,23719895499824,71.737,1065.295,0.373,0
1154,23719896428087,23719896499957,71.870,1000.133,0.305,0
1155,23719897428087,23719897499331,71.244,999.374,0.309,0
1156,23719898428087,23719898499649,71.562,1000.318,0.307,0
1157,23719899428087,23719899498188,70.101,998.539,0.314,0
1158,23719900428087,23719900499809,71.722,1001.621,0.317,0
1159,23719901428087,23719901498050,69.963,998.241,0.304,0
1160,23719902428087,23719902500236,72.149,1002.186,0.306,0
1161,23719903428087,23719903498510,70.423,998.274,0.305,0
1162,23719904428087,23719904435319,7.232,936.809,0.318,0
1163,23719905428087,23719905500535,72.448,1065.216,0.304,0
1164,23719906428087,23719906499253,71.166,998.718,0.306,0
1165,23719907428087,23719907498355,70.268,999.102,0.303,0
1166,23719908428087,23719908499723,71.636,1001.368,0.311,0
1167,23719909428087,23719909499150,71.063,999.427,0.321,0
1168,23719910428087,23719910498648,70.561,999.498,0.306,0
1169,23719911428087,23719911496426,68.339,997.778,0.299,0
1170,23719912428087,23719912499935,71.848,1003.509,0.304,0
1171,23719913428087,23719913499787,71.700,999.852,0.300,0
1172,23719914428087,23719914434529,6.442,934.742,0.304,0
1173,23719915428087,23719915498776,70.689,1064.247,0.310,0
1174,23719916428087,23719916499166,71.079,1000.390,0.305,0
1175,23719917428087,23719917499329,71.242,1000.163,0.305,0
1176,23719918428087,23719918431711,3.624,932.382,0.141,0
1177,23719919428087,23719919498624,70.537,1066.913,0.307,0
1178,23719920428087,23719920497659,69.572,999.035,0.310,0
1179,23719921428087,23719921498877,70.790,1001.218,0.301,0
1180,23719922428087,23719922500615,72.528,1001.738,0.306,0
1181,23719923428087,23719923487382,59.295,986.767,0.300,0
1182,23719924428087,23719924434652,6.565,947.270,0.303,0
1183,23719925428087,23719925497729,69.642,1063.077,0.301,0
1184,23719926428087,23719926497941,69.854,1000.212,0.301,0
1185,23719927428087,23719927497580,69.493,999.639,0.364,0
1186,23719928428087,23719928497604,69.517,1000.024,0.321,0
1187,23719929428087,23719929497316,69.229,999.712,0.309,0
1188,23719930428087,23719930498704,70.617,1001.388,0.303,0
1189,23719931428087,23719931499428,71.341,1000.724,0.301,0
1190,23719932428087,23719932499960,71.873,1000.532,0.312,0
1191,23719933428087,23719933502959,74.872,1002.999,0.309,0
1192,23719934428087,23719934434619,6.532,931.660,0.313,0
1193,23719935428087,23719935497617,69.530,1062.998,0.300,0
1194,23719936428087,23719936497272,69.185,999.655,0.314,0
1195,23719937428087,23719937497618,69.531,1000.346,0.304,0
1196,23719938428087,23719938431826,3.739,934.208,0.127,0
1197,23719939428087,23719939498162,70.075,1066.336,0.297,0
1198,23719940428087,23719940500481,72.394,1002.319,0.305,0
1199,23719941428087,23719941497411,69.324,996.930,0.307,0
1200,23719942428087,23719942497400,69.313,999.989,0.300,0
1201,23719943428087,23719943498591,70.504,1001.191,0.304,0
1202,23719944428087,23719944434391,6.304,935.800,0.307,0
1203,23719945428087,23719945498022,69.935,1063.631,0.317,0
1204,23719946428087,23719946498756,70.669,1000.734,0.299,0
1205,23719947428087,23719947498861,70.774,1000.105,0.309,0
1206,23719948428087,23719948499824,71.737,1000.963,0.308,0
1207,23719949428087,23719949499262,71.175,999.438,0.313,0
1208,23719950428087,23719950498824,70.737,999.562,0.302,0
1209,23719951428087,23719951435307,7.220,936.483,0.306,0
1210,23719952428087,23719952497807,69.720,1062.500,0.308,0
1211,23719953428087,23719953499135,71.048,1001.328,0.307,0
1212,23719954428087,23719954434536,6.449,935.401,0.314,0
1213,23719955428087,23719955467164,39.077,1032.628,0.328,0
1214,23719956428087,23719956497729,69.642,1030.565,0.309,0
1215,23719957428087,23719957497683,69.596,999.954,0.306,0
1216,23719958428087,23719958497406,69.319,999.723,0.365,0
1217,23719959428087,23719959498049,69.962,1000.643,0.305,0
1218,23719960428087,23719960499155,71.068,1001.106,0.302,0
1219,23719961428087,23719961497623,69.536,998.468,0.314,0
1220,23719962428087,23719962497290,69.203,999.667,0.298,0
1221,23719963428087,23719963499900,71.813,1002.610,0.319,0
1222,23719964428087,23719964434631,6.544,934.731,0.316,0
1223,23719965428087,23719965498917,70.830,1064.286,0.296,0
1224,23719966428087,23719966497317,69.230,998.400,0.307,0
1225,23719967428087,23719967500073,71.986,1002.756,0.314,0
1226,23719968428087,23719968505111,77.024,1005.038,0.302,0
1227,23719969428087,23719969498041,69.954,992.930,0.306,0
1228,23719970428087,23719970498841,70.754,1000.800,0.309,0
1229,23719971428087,23719971497511,69.424,998.670,0.315,0
1230,23719972428087,23719972498228,70.141,1000.717,0.309,0
1231,23719973428087,23719973497859,69.772,999.631,0.309,0
1232,23719974428087,23719974434646,6.559,936.787,0.319,0
1233,23719975428087,23719975494881,66.794,1060.235,0.309,0
1234,23719976428087,23719976497627,69.540,1002.746,0.311,0
1235,23719977428087,23719977497473,69.386,999.846,0.305,0
1236,23719978428087,23719978497244,69.157,999.771,0.312,0
1237,23719979428087,23719979499630,71.543,1002.386,0.301,0
1238,23719980428087,23719980498106,70.019,998.476,0.313,0
1239,23719981428087,23719981497559,69.472,999.453,0.312,0
1240,23719982428087,23719982499615,71.528,1002.056,0.309,0
1241,23719983428087,23719983499689,71.602,1000.074,0.303,0
1242,23719984428087,23719984434622,6.535,934.933,0.308,0
1243,23719985428087,23719985497675,69.588,1063.053,0.310,0
1244,23719986428087,23719986497617,69.530,999.942,0.313,0
1245,23719987428087,23719987497336,69.249,999.719,0.309,0
1246,23719988428087,23719988499689,71.602,1002.353,0.302,0
1247,23719989428087,23719989496882,68.795,997.193,0.359,0
1248,23719990428087,23719990500296,72.209,1003.414,0.306,0
1249,23719991428087,23719991501900,73.813,1001.604,0.296,0
1250,23719992428087,23719992498582,70.495,996.682,0.306,0
1251,23719993428087,23719993499058,70.971,1000.476,0.311,0
1252,23719994428087,23719994434546,6.459,935.488,0.304,0
1253,23719995428087,23719995497943,69.856,1063.397,0.303,0
1254,23719996428087,23719996498979,70.892,1001.036,0.305,0
1255,23719997428087,23719997502384,74.297,1003.405,0.296,0
1256,23719998428087,23719998499336,71.249,996.952,0.297,0
1257,23719999428087,23719999497376,69.289,998.040,0.307,0
1258,23720000428087,23720000498186,70.099,1000.810,0.285,0
1259,23720001428087,23720001498305,70.218,1000.119,0.304,0
1260,23720002428087,23720002497446,69.359,999.141,0.297,0
1261,23720003428087,23720003497696,69.609,1000.250,0.310,0
1262,23720004428087,23720004433640,5.553,935.944,0.311,0
1263,23720005428087,23720005501519,73.432,1067.879,0.306,0
1264,23720006428087,23720006497635,69.548,996.116,0.304,0
1265,23720007428087,23720007498845,70.758,1001.210,0.305,0
1266,23720008428087,23720008499083,70.996,1000.238,0.310,0
1267,23720009428087,23720009498943,70.856,999.860,0.310,0
1268,23720010428087,23720010499741,71.654,1000.798,0.317,0
1269,23720011428087,23720011499906,71.819,1000.165,0.309,0
1270,23720012428087,23720012499812,71.725,999.906,0.313,0
1271,23720013428087,23720013499926,71.839,1000.114,0.316,0
1272,23720014428087,23720014434488,6.401,934.562,0.320,0
1273,23720015428087,23720015499506,71.419,1065.018,0.303,0
1274,23720016428087,23720016497572,69.485,998.066,0.310,0
1275,23720017428087,23720017499225,71.138,1001.653,0.309,0
1276,23720018428087,23720018499049,70.962,999.824,0.311,0
1277,23720019428087,23720019497696,69.609,998.647,0.305,0
1278,23720020428087,23720020497793,69.706,1000.097,0.361,0
1279,23720021428087,23720021497649,69.562,999.856,0.308,0
1280,23720022428087,23720022499727,71.640,1002.078,0.304,0
1281,23720023428087,23720023499889,71.802,1000.162,0.305,0
1282,23720024428087,23720024435240,7.153,935.351,0.308,0
1283,23720025428087,23720025497496,69.409,1062.256,0.312,0
1284,23720026428087,23720026498065,69.978,1000.569,0.321,0
1285,23720027428087,23720027498882,70.795,1000.817,0.303,0
1286,23720028428087,23720028498752,70.665,999.870,0.301,0
1287,23720029428087,23720029498779,70.692,1000.027,0.318,0
1288,23720030428087,23720030499380,71.293,1000.601,0.309,0
1289,23720031428087,23720031497613,69.526,998.233,0.319,0
1290,23720032428087,23720032497245,69.158,999.632,0.309,0
1291,23720033428087,23720033497205,69.118,999.960,0.315,0
1292,23720034428087,23720034434621,6.534,937.416,0.314,0
1293,23720035428087,23720035498441,70.354,1063.820,0.318,0
1294,23720036428087,23720036498430,70.343,999.989,0.321,0
1295,23720037428087,23720037497751,69.664,999.321,0.297,0
1296,23720038428087,23720038504432,76.345,1006.681,0.307,0
1297,23720039428087,23720039463591,35.504,959.159,0.331,0
1298,23720040428087,23720040498408,70.321,1034.817,0.309,0
1299,23720041428087,23720041497679,69.592,999.271,0.320,0
1300,23720042428087,23720042497808,69.721,1000.129,0.308,0
1301,23720043428087,23720043499403,71.316,1001.595,0.305,0
1302,23720044428087,23720044434844,6.757,935.441,0.305,0
1303,23720045428087,23720045501446,73.359,1066.602,0.308,0
1304,23720046428087,23720046503839,75.752,1002.393,0.316,0
1305,23720047428087,23720047497639,69.552,993.800,0.307,0
1306,23720048428087,23720048496050,67.963,998.411,0.301,0
1307,23720049428087,23720049499346,71.259,1003.296,0.305,0
1308,23720050428087,23720050498939,70.852,999.593,0.297,0
1309,23720051428087,23720051497776,69.689,998.837,0.307,0
1310,23720052428087,23720052498818,70.731,1001.042,0.373,0
1311,23720053428087,23720053501280,73.193,1002.462,0.310,0
1312,23720054428087,23720054434435,6.348,933.155,0.308,0
1313,23720055428087,23720055495060,66.973,1060.625,0.302,0
1314,23720056428087,23720056499475,71.388,1004.415,0.304,0
1315,23720057428087,23720057498081,69.994,998.606,0.316,0
1316,23720058428087,23720058500122,72.035,1002.041,0.306,0
1317,23720059428087,23720059499526,71.439,999.404,0.305,0
1318,23720060428087,23720060498429,70.342,998.903,0.323,0
1319,23720061428087,23720061501366,73.279,1002.937,0.305,0
1320,23720062428087,23720062498744,70.657,997.378,0.314,0
1321,23720063428087,23720063497840,69.753,999.096,0.306,0
1322,23720064428087,23720064434435,6.348,936.595,0.319,0
1323,23720065428087,23720065497438,69.351,1063.003,0.309,0
1324,23720066428087,23720066498010,69.923,1000.572,0.308,0
1325,23720067428087,23720067497847,69.760,999.837,0.309,0
1326,23720068428087,23720068499060,70.973,1001.213,0.306,0
1327,23720069428087,23720069501051,72.964,1001.991,0.303,0
1328,23720070428087,23720070498900,70.813,997.849,0.299,0
1329,23720071428087,23720071498867,70.780,999.967,0.319,0
1330,23720072428087,23720072497596,69.509,998.729,0.319,0
1331,23720073428087,23720073498003,69.916,1000.407,0.300,0
1332,23720074428087,23720074434551,6.464,936.548,0.305,0
1333,23720075428087,23720075498633,70.546,1064.082,0.306,0
1334,23720076428087,23720076498053,69.966,999.420,0.313,0
1335,23720077428087,23720077498239,70.152,1000.186,0.308,0
1336,23720078428087,23720078497391,69.304,999.152,0.320,0
1337,23720079428087,23720079499595,71.508,1002.204,0.299,0
1338,23720080428087,23720080497666,69.579,998.071,0.298,0
1339,23720081428087,23720081497461,69.374,999.795,0.310,0
1340,23720082428087,23720082497578,69.491,1000.117,0.305,0
1341,23720083428087,23720083497616,69.529,1000.038,0.377,0
1342,23720084428087,23720084434602,6.515,936.986,0.315,0
1343,23720085428087,23720085430505,2.418,995.903,0.083,0
1344,23720086428087,23720086430447,2.360,999.942,0.066,0
1345,23720087428087,23720087499038,70.951,1068.591,0.313,0
1346,23720088428087,23720088497887,69.800,998.849,0.312,0
1347,23720089428087,23720089497583,69.496,999.696,0.307,0
1348,23720090428087,23720090497605,69.518,1000.022,0.302,0
1349,23720091428087,23720091497455,69.368,999.850,0.302,0
1350,23720092428087,23720092497380,69.293,999.925,0.304,0
1351,23720093428087,23720093499435,71.348,1002.055,0.302,0
1352,23720094428087,23720094434459,6.372,935.024,0.320,0
1353,23720095428087,23720095498449,70.362,1063.990,0.315,0
1354,23720096428087,23720096497257,69.170,998.808,0.316,0
1355,23720097428087,23720097499770,71.683,1002.513,0.308,0
1356,23720098428087,23720098499630,71.543,999.860,0.316,0
1357,23720099428087,23720099464764,36.677,965.134,0.303,0
1358,23720100428087,23720100465815,37.728,1001.051,0.311,0
1359,23720101428087,23720101499484,71.397,1033.669,0.298,0
1360,23720102428087,23720102498771,70.684,999.287,0.308,0
1361,23720103428087,23720103500856,72.769,1002.085,0.303,0
1362,23720104428087,23720104434595,6.508,933.739,0.314,0
1363,23720105428087,23720105497224,69.137,1062.629,0.302,0
1364,23720106428087,23720106499474,71.387,1002.250,0.304,0
1365,23720107428087,23720107498106,70.019,998.632,0.312,0
1366,23720108428087,23720108498940,70.853,1000.834,0.311,0
1367,23720109428087,23720109500881,72.794,1001.941,0.307,0
1368,23720110428087,23720110498185,70.098,997.304,0.312,0
1369,23720111428087,23720111497563,69.476,999.378,0.316,0
1370,23720112428087,23720112497724,69.637,1000.161,0.296,0
1371,23720113428087,23720113499706,71.619,1001.982,0.311,0
1372,23720114428087,23720114434638,6.551,934.932,0.364,0
1373,23720115428087,23720115497314,69.227,1062.676,0.307,0
1374,23720116428087,23720116499068,70.981,1001.754,0.317,0
1375,23720117428087,23720117500408,72.321,1001.340,0.312,0
1376,23720118428087,23720118431697,3.610,931.289,0.152,0
1377,23720119428087,23720119494861,66.774,1063.164,0.310,0
1378,23720120428087,23720120497709,69.622,1002.848,0.307,0
1379,23720121428087,23720121497453,69.366,999.744,0.300,0
1380,23720122428087,23720122497317,69.230,999.864,0.306,0
1381,23720123428087,23720123497812,69.725,1000.495,0.312,0
1382,23720124428087,23720124434699,6.612,936.887,0.310,0
1383,23720125428087,23720125500730,72.643,1066.031,0.308,0
1384,23720126428087,23720126502863,74.776,1002.133,0.305,0
1385,23720127428087,23720127497985,69.898,995.122,0.315,0
1386,23720128428087,23720128498926,70.839,1000.941,0.310,0
1387,23720129428087,23720129499065,70.978,1000.139,0.319,0
1388,23720130428087,23720130498007,69.920,998.942,0.308,0
1389,23720131428087,23720131499412,71.325,1001.405,0.297,0
1390,23720132428087,23720132498170,70.083,998.758,0.304,0
1391,23720133428087,23720133499944,71.857,1001.774,0.317,0
1392,23720134428087,23720134434694,6.607,934.750,0.304,0
1393,23720135428087,23720135430467,2.380,995.773,0.083,0
1394,23720136428087,23720136430294,2.207,999.827,0.066,0
1395,23720137428087,23720137497587,69.500,1067.293,0.305,0
1396,23720138428087,23720138498636,70.549,1001.049,0.306,0
1397,23720139428087,23720139498401,70.314,999.765,0.308,0
1398,23720140428087,23720140497623,69.536,999.222,0.304,0
1399,23720141428087,23720141497799,69.712,1000.176,0.310,0
1400,23720142428087,23720142499700,71.613,1001.901,0.310,0
1401,23720143428087,23720143497879,69.792,998.179,0.309,0
1402,23720144428087,23720144435001,6.914,937.122,0.320,0
1403,23720145428087,23720145497284,69.197,1062.283,0.358,0
1404,23720146428087,23720146497526,69.439,1000.242,0.304,0
1405,23720147428087,23720147497935,69.848,1000.409,0.314,0
1406,23720148428087,23720148499002,70.915,1001.067,0.299,0
1407,23720149428087,23720149500235,72.148,1001.233,0.309,0
1408,23720150428087,23720150499035,70.948,998.800,0.301,0
1409,23720151428087,23720151497458,69.371,998.423,0.295,0
1410,23720152428087,23720152497520,69.433,1000.062,0.303,0
1411,23720153428087,23720153499464,71.377,1001.944,0.307,0
1412,23720154428087,23720154434454,6.367,934.990,0.303,0
1413,23720155428087,23720155497385,69.298,1062.931,0.301,0
1414,23720156428087,23720156497832,69.745,1000.447,0.302,0
1415,23720157428087,23720157502458,74.371,1004.626,0.301,0
1416,23720158428087,23720158497542,69.455,995.084,0.289,0
1417,23720159428087,23720159497567,69.480,1000.025,0.291,0
1418,23720160428087,23720160495168,67.081,997.601,0.308,0
1419,23720161428087,23720161497032,68.945,1001.864,0.295,0
1420,23720162428087,23720162499908,71.821,1002.876,0.295,0
1421,23720163428087,23720163498396,70.309,998.488,0.297,0
1422,23720164428087,23720164434521,6.434,936.125,0.301,0
1423,23720165428087,23720165498259,70.172,1063.738,0.291,0
1424,23720166428087,23720166502833,74.746,1004.574,0.295,0
1425,23720167428087,23720167500482,72.395,997.649,0.305,0
1426,23720168428087,23720168498140,70.053,997.658,0.310,0
1427,23720169428087,23720169461019,32.932,962.879,0.302,0
1428,23720170428087,23720170497469,69.382,1036.450,0.297,0
1429,23720171428087,23720171498362,70.275,1000.893,0.304,0
1430,23720172428087,23720172490906,62.819,992.544,0.295,0
1431,23720173428087,23720173500116,72.029,1009.210,0.303,0
1432,23720174428087,23720174434964,6.877,934.848,0.315,0
1433,23720175428087,23720175497585,69.498,1062.621,0.298,0
1434,23720176428087,23720176495266,67.179,997.681,0.297,0
1435,23720177428087,23720177499443,71.356,1004.177,0.291,0
1436,23720178428087,23720178497815,69.728,998.372,0.295,0
1437,23720179428087,23720179497601,69.514,999.786,0.302,0
1438,23720180428087,23720180497598,69.511,999.997,0.289,0
1439,23720181428087,23720181499606,71.519,1002.008,0.291,0
1440,23720182428087,23720182502657,74.570,1003.051,0.301,0
1441,23720183428087,23720183499994,71.907,997.337,0.314,0
1442,23720184428087,23720184434860,6.773,934.866,0.310,0
1443,23720185428087,23720185497458,69.371,1062.598,0.304,0
1444,23720186428087,23720186497453,69.366,999.995,0.302,0
1445,23720187428087,23720187497531,69.444,1000.078,0.300,0
1446,23720188428087,23720188498833,70.746,1001.302,0.295,0
1447,23720189428087,23720189499683,71.596,1000.850,0.303,0
1448,23720190428087,23720190497319,69.232,997.636,0.296,0
1449,23720191428087,23720191498450,70.363,1001.131,0.301,0
1450,23720192428087,23720192498781,70.694,1000.331,0.301,0
1451,23720193428087,23720193498799,70.712,1000.018,0.302,0
1452,23720194428087,23720194434487,6.400,935.688,0.301,0
1453,23720195428087,23720195498496,70.409,1064.009,0.293,0
1454,23720196428087,23720196499545,71.458,1001.049,0.300,0
1455,23720197428087,23720197499566,71.479,1000.021,0.291,0
1456,23720198428087,23720198498875,70.788,999.309,0.311,0
1457,23720199428087,23720199498157,70.070,999.282,0.301,0
1458,23720200428087,23720200499140,71.053,1000.983,0.298,0
1459,23720201428087,23720201497689,69.602,998.549,0.304,0
1460,23720202428087,23720202498543,70.456,1000.854,0.295,0
1461,23720203428087,23720203499368,71.281,1000.825,0.299,0
1462,23720204428087,23720204434660,6.573,935.292,0.303,0
1463,23720205428087,23720205499077,70.990,1064.417,0.302,0
1464,23720206428087,23720206497644,69.557,998.567,0.304,0
1465,23720207428087,23720207499507,71.420,1001.863,0.305,0
1466,23720208428087,23720208497181,69.094,997.674,0.303,0
1467,23720209428087,23720209498252,70.165,1001.071,0.306,0
1468,23720210428087,23720210498377,70.290,1000.125,0.308,0
1469,23720211428087,23720211498749,70.662,1000.372,0.298,0
1470,23720212428087,23720212497839,69.752,999.090,0.301,0
1471,23720213428087,23720213499684,71.597,1001.845,0.295,0
1472,23720214428087,23720214436188,8.101,936.504,0.312,0
1473,23720215428087,23720215498768,70.681,1062.580,0.297,0
1474,23720216428087,23720216497466,69.379,998.698,0.312,0
1475,23720217428087,23720217497707,69.620,1000.241,0.308,0
1476,23720218428087,23720218497301,69.214,999.594,0.302,0
1477,23720219428087,23720219497703,69.616,1000.402,0.305,0
1478,23720220428087,23720220499687,71.600,1001.984,0.291,0
1479,23720221428087,23720221499516,71.429,999.829,0.304,0
1480,23720222428087,23720222499435,71.348,999.919,0.301,0
1481,23720223428087,23720223500233,72.146,1000.798,0.299,0
1482,23720224428087,23720224434622,6.535,934.389,0.312,0
1483,23720225428087,23720225497503,69.416,1062.881,0.296,0
1484,23720226428087,23720226499244,71.157,1001.741,0.305,0
1485,23720227428087,23720227497813,69.726,998.569,0.295,0
1486,23720228428087,23720228497787,69.700,999.974,0.308,0
1487,23720229428087,23720229497248,69.161,999.461,0.312,0
1488,23720230428087,23720230503229,75.142,1005.981,0.305,0
1489,23720231428087,23720231499186,71.099,995.957,0.300,0
1490,23720232428087,23720232498739,70.652,999.553,0.311,0
1491,23720233428087,23720233498085,69.998,999.346,0.304,0
1492,23720234428087,23720234434656,6.569,936.571,0.319,0
1493,23720235428087,23720235499428,71.341,1064.772,0.298,0
1494,23720236428087,23720236499594,71.507,1000.166,0.303,0
1495,23720237428087,23720237499502,71.415,999.908,0.303,0
1496,23720238428087,23720238431691,3.604,932.189,0.148,0
1497,23720239428087,23720239497292,69.205,1065.601,0.312,0
1498,23720240428087,23720240501700,73.613,1004.408,0.303,0
1499,23720241428087,23720241497185,69.098,995.485,0.301,0
1500,23720242428087,23720242497588,69.501,1000.403,0.304,0
1501,23720243428087,23720243483928,55.841,986.340,0.301,0
1502,23720244428087,23720244434889,6.802,950.961,0.308,0
1503,23720245428087,23720245498701,70.614,1063.812,0.292,0
1504,23720246428087,23720246497089,69.002,998.388,0.314,0
1505,23720247428087,23720247499169,71.082,1002.080,0.302,0
1506,23720248428087,23720248499246,71.159,1000.077,0.299,0
1507,23720249428087,23720249497604,69.517,998.358,0.310,0
1508,23720250428087,23720250503112,75.025,1005.508,0.315,0
1509,23720251428087,23720251499106,71.019,995.994,0.305,0
1510,23720252428087,23720252497337,69.250,998.231,0.316,0
1511,23720253428087,23720253499327,71.240,1001.990,0.302,0
1512,23720254428087,23720254434487,6.400,935.160,0.311,0
1513,23720255428087,23720255497383,69.296,1062.896,0.290,0
1514,23720256428087,23720256497242,69.155,999.859,0.293,0
1515,23720257428087,23720257497203,69.116,999.961,0.299,0
1516,23720258428087,23720258432185,4.098,934.982,0.134,0
1517,23720259428087,23720259498525,70.438,1066.340,0.296,0
1518,23720260428087,23720260498262,70.175,999.737,0.302,0
1519,23720261428087,23720261461050,32.963,962.788,0.303,0
1520,23720262428087,23720262497672,69.585,1036.622,0.288,0
1521,23720263428087,23720263497553,69.466,999.881,0.291,0
1522,23720264428087,23720264433519,5.432,935.966,0.321,0
1523,23720265428087,23720265497466,69.379,1063.947,0.296,0
1524,23720266428087,23720266497372,69.285,999.906,0.306,0
1525,23720267428087,23720267497561,69.474,1000.189,0.302,0
1526,23720268428087,23720268497211,69.124,999.650,0.294,0
1527,23720269428087,23720269500003,71.916,1002.792,0.306,0
1528,23720270428087,23720270497620,69.533,997.617,0.301,0
1529,23720271428087,23720271497344,69.257,999.724,0.304,0
1530,23720272428087,23720272498023,69.936,1000.679,0.308,0
1531,23720273428087,23720273497372,69.285,999.349,0.295,0
1532,23720274428087,23720274434587,6.500,937.215,0.310,0
1533,23720275428087,23720275497456,69.369,1062.869,0.297,0
1534,23720276428087,23720276498028,69.941,1000.572,0.304,0
1535,23720277428087,23720277497533,69.446,999.505,0.300,0
1536,23720278428087,23720278499479,71.392,1001.946,0.311,0
1537,23720279428087,23720279498418,70.331,998.939,0.296,0
1538,23720280428087,23720280497656,69.569,999.238,0.295,0
1539,23720281428087,23720281497679,69.592,1000.023,0.291,0
1540,23720282428087,23720282497393,69.306,999.714,0.294,0
1541,23720283428087,23720283497407,69.320,1000.014,0.302,0
1542,23720284428087,23720284435540,7.453,938.133,0.301,0
1543,23720285428087,23720285498330,70.243,1062.790,0.302,0
1544,23720286428087,23720286499060,70.973,1000.730,0.313,0
1545,23720287428087,23720287499222,71.135,1000.162,0.306,0
1546,23720288428087,23720288495493,67.406,996.271,0.308,0
1547,23720289428087,23720289497292,69.205,1001.799,0.310,0
1548,23720290428087,23720290500377,72.290,1003.085,0.293,0
1549,23720291428087,23720291502143,74.056,1001.766,0.296,0
1550,23720292428087,23720292498983,70.896,996.840,0.298,0
1551,23720293428087,23720293498749,70.662,999.766,0.308,0
1552,23720294428087,23720294434509,6.422,935.760,0.304,0
1553,23720295428087,23720295498723,70.636,1064.214,0.298,0
1554,23720296428087,23720296498152,70.065,999.429,0.299,0
1555,23720297428087,23720297497790,69.703,999.638,0.305,0
1556,23720298428087,23720298431632,3.545,933.842,0.153,0
1557,23720299428087,23720299499602,71.515,1067.970,0.302,0
1558,23720300428087,23720300497596,69.509,997.994,0.298,0
1559,23720301428087,23720301498530,70.443,1000.934,0.301,0
1560,23720302428087,23720302500822,72.735,1002.292,0.371,0
1561,23720303428087,23720303504017,75.930,1003.195,0.300,0
1562,23720304428087,23720304434568,6.481,930.551,0.329,0
1563,23720305428087,23720305497505,69.418,1062.937,0.302,0
1564,23720306428087,23720306497425,69.338,999.920,0.312,0
1565,23720307428087,23720307496676,68.589,999.251,0.314,0
1566,23720308428087,23720308498465,70.378,1001.789,0.300,0
1567,23720309428087,23720309498676,70.589,1000.211,0.302,0
1568,23720310428087,23720310501134,73.047,1002.458,0.309,0
1569,23720311428087,23720311498627,70.540,997.493,0.295,0
1570,23720312428087,23720312497311,69.224,998.684,0.299,0
1571,23720313428087,23720313498777,70.690,1001.466,0.300,0
1572,23720314428087,23720314434553,6.466,935.776,0.304,0
1573,23720315428087,23720315497494,69.407,1062.941,0.300,0
1574,23720316428087,23720316499640,71.553,1002.146,0.293,0
1575,23720317428087,23720317498532,70.445,998.892,0.296,0
1576,23720318428087,23720318500633,72.546,1002.101,0.293,0
1577,23720319428087,23720319497176,69.089,996.543,0.311,0
1578,23720320428087,23720320497483,69.396,1000.307,0.295,0
1579,23720321428087,23720321497298,69.211,999.815,0.301,0
1580,23720322428087,23720322499417,71.330,1002.119,0.299,0
1581,23720323428087,23720323498069,69.982,998.652,0.293,0
1582,23720324428087,23720324434452,6.365,936.383,0.294,0
1583,23720325428087,23720325498035,69.948,1063.583,0.300,0
1584,23720326428087,23720326498112,70.025,1000.077,0.297,0
1585,23720327428087,23720327497742,69.655,999.630,0.299,0
1586,23720328428087,23720328497599,69.512,999.857,0.313,0
1587,23720329428087,23720329499133,71.046,1001.534,0.289,0
1588,23720330428087,23720330504205,76.118,1005.072,0.303,0
1589,23720331428087,23720331497929,69.842,993.724,0.307,0
1590,23720332428087,23720332497650,69.563,999.721,0.313,0
1591,23720333428087,23720333497296,69.209,999.646,0.301,0
1592,23720334428087,23720334434659,6.572,937.363,0.308,0
1593,23720335428087,23720335497644,69.557,1062.985,0.307,0
1594,23720336428087,23720336497815,69.728,1000.171,0.297,0
1595,23720337428087,23720337497552,69.465,999.737,0.306,0
1596,23720338428087,23720338436557,8.470,939.005,0.363,0
1597,23720339428087,23720339499497,71.410,1062.940,0.299,0
1598,23720340428087,23720340497421,69.334,997.924,0.301,0
1599,23720341428087,23720341498136,70.049,1000.715,0.294,0
1600,23720342428087,23720342498634,70.547,1000.498,0.297,0
1601,23720343428087,23720343498793,70.706,1000.159,0.296,0
1602,23720344428087,23720344434791,6.704,935.998,0.302,0
1603,23720345428087,23720345503260,75.173,1068.469,0.311,0
1604,23720346428087,23720346498852,70.765,995.592,0.316,0
1605,23720347428087,23720347498253,70.166,999.401,0.292,0
1606,23720348428087,23720348498004,69.917,999.751,0.301,0
1607,23720349428087,23720349498763,70.676,1000.759,0.308,0
1608,23720350428087,23720350498887,70.800,1000.124,0.296,0
1609,23720351428087,23720351498523,70.436,999.636,0.309,0
1610,23720352428087,23720352500440,72.353,1001.917,0.301,0
1611,23720353428087,23720353497402,69.315,996.962,0.311,0
1612,23720354428087,23720354434467,6.380,937.065,0.305,0
1613,23720355428087,23720355497644,69.557,1063.177,0.309,0
1614,23720356428087,23720356499244,71.157,1001.600,0.296,0
1615,23720357428087,23720357498537,70.450,999.293,0.300,0
1616,23720358428087,23720358500523,72.436,1001.986,0.298,0
1617,23720359428087,23720359497787,69.700,997.264,0.299,0
1618,23720360428087,23720360498684,70.597,1000.897,0.302,0
1619,23720361428087,23720361497448,69.361,998.764,0.305,0
1620,23720362428087,23720362497844,69.757,1000.396,0.298,0
1621,23720363428087,23720363497809,69.722,999.965,0.308,0
1622,23720364428087,23720364435726,7.639,937.917,0.295,0
1623,23720365428087,23720365497881,69.794,1062.155,0.300,0
1624,23720366428087,23720366499883,71.796,1002.002,0.303,0
1625,23720367428087,23720367498288,70.201,998.405,0.305,0
1626,23720368428087,23720368499341,71.254,1001.053,0.302,0
1627,23720369428087,23720369498723,70.636,999.382,0.297,0
1628,23720370428087,23720370499923,71.836,1001.200,0.300,0
1629,23720371428087,23720371497717,69.630,997.794,0.305,0
1630,23720372428087,23720372499579,71.492,1001.862,0.306,0
1631,23720373428087,23720373497486,69.399,997.907,0.303,0
1632,23720374428087,23720374434620,6.533,937.134,0.309,0
1633,23720375428087,23720375497556,69.469,1062.936,0.301,0
1634,23720376428087,23720376499751,71.664,1002.195,0.296,0
1635,23720377428087,23720377502329,74.242,1002.578,0.310,0
1636,23720378428087,23720378499787,71.700,997.458,0.305,0
1637,23720379428087,23720379497682,69.595,997.895,0.292,0
1638,23720380428087,23720380497612,69.525,999.930,0.300,0
1639,23720381428087,23720381498914,70.827,1001.302,0.306,0
1640,23720382428087,23720382499784,71.697,1000.870,0.302,0
1641,23720383428087,23720383498350,70.263,998.566,0.290,0
1642,23720384428087,23720384434201,6.114,935.851,0.287,0
1643,23720385428087,23720385499781,71.694,1065.580,0.309,0
1644,23720386428087,23720386497451,69.364,997.670,0.318,0
1645,23720387428087,23720387498919,70.832,1001.468,0.308,0
1646,23720388428087,23720388499241,71.154,1000.322,0.305,0
1647,23720389428087,23720389497233,69.146,997.992,0.312,0
1648,23720390428087,23720390487275,59.188,990.042,0.300,0
1649,23720391428087,23720391497670,69.583,1010.395,0.297,0
1650,23720392428087,23720392497368,69.281,999.698,0.300,0
1651,23720393428087,23720393498613,70.526,1001.245,0.294,0
1652,23720394428087,23720394434630,6.543,936.017,0.306,0
1653,23720395428087,23720395497759,69.672,1063.129,0.299,0
1654,23720396428087,23720396499703,71.616,1001.944,0.304,0
1655,23720397428087,23720397462913,34.826,963.210,0.297,0
1656,23720398428087,23720398497298,69.211,1034.385,0.302,0
1657,23720399428087,23720399497413,69.326,1000.115,0.295,0
1658,23720400428087,23720400499643,71.556,1002.230,0.295,0
1659,23720401428087,23720401497871,69.784,998.228,0.307,0
1660,23720402428087,23720402498430,70.343,1000.559,0.306,0
1661,23720403428087,23720403498356,70.269,999.926,0.315,0
1662,23720404428087,23720404434575,6.488,936.219,0.303,0
1663,23720405428087,23720405499686,71.599,1065.111,0.309,0
1664,23720406428087,23720406498239,70.152,998.553,0.302,0
1665,23720407428087,23720407498426,70.339,1000.187,0.329,0
1666,23720408428087,23720408500636,72.549,1002.210,0.304,0
1667,23720409428087,23720409496168,68.081,995.532,0.299,0
1668,23720410428087,23720410498642,70.555,1002.474,0.303,0
1669,23720411428087,23720411497162,69.075,998.520,0.297,0
1670,23720412428087,23720412499766,71.679,1002.604,0.293,0
1671,23720413428087,23720413499809,71.722,1000.043,0.294,0
1672,23720414428087,23720414434481,6.394,934.672,0.312,0
1673,23720415428087,23720415502637,74.550,1068.156,0.322,0
1674,23720416428087,23720416499818,71.731,997.181,0.299,0
1675,23720417428087,23720417497331,69.244,997.513,0.300,0
1676,23720418428087,23720418499370,71.283,1002.039,0.303,0
1677,23720419428087,23720419497815,69.728,998.445,0.293,0
1678,23720420428087,23720420498428,70.341,1000.613,0.297,0
1679,23720421428087,23720421497347,69.260,998.919,0.300,0
1680,23720422428087,23720422499808,71.721,1002.461,0.310,0
1681,23720423428087,23720423501984,73.897,1002.176,0.311,0
1682,23720424428087,23720424434553,6.466,932.569,0.299,0
1683,23720425428087,23720425495055,66.968,1060.502,0.301,0
1684,23720426428087,23720426497530,69.443,1002.475,0.297,0
1685,23720427428087,23720427497432,69.345,999.902,0.304,0
1686,23720428428087,23720428497329,69.242,999.897,0.303,0
1687,23720429428087,23720429497339,69.252,1000.010,0.302,0
1688,23720430428087,23720430499463,71.376,1002.124,0.298,0
1689,23720431428087,23720431497385,69.298,997.922,0.303,0
1690,23720432428087,23720432490035,61.948,992.650,0.308,0
1691,23720433428087,23720433498264,70.177,1008.229,0.304,0
1692,23720434428087,23720434433424,5.337,935.160,0.322,0
1693,23720435428087,23720435498046,69.959,1064.622,0.305,0
1694,23720436428087,23720436498555,70.468,1000.509,0.307,0
1695,23720437428087,23720437498662,70.575,1000.107,0.298,0
1696,23720438428087,23720438499439,71.352,1000.777,0.299,0
1697,23720439428087,23720439501736,73.649,1002.297,0.303,0
1698,23720440428087,23720440499027,70.940,997.291,0.305,0
1699,23720441428087,23720441497140,69.053,998.113,0.307,0
1700,23720442428087,23720442497348,69.261,1000.208,0.300,0
1701,23720443428087,23720443497288,69.201,999.940,0.305,0
1702,23720444428087,23720444434731,6.644,937.443,0.304,0
1703,23720445428087,23720445499184,71.097,1064.453,0.305,0
1704,23720446428087,23720446499096,71.009,999.912,0.313,0
1705,23720447428087,23720447497728,69.641,998.632,0.310,0
1706,23720448428087,23720448497504,69.417,999.776,0.299,0
1707,23720449428087,23720449499387,71.300,1001.883,0.299,0
1708,23720450428087,23720450497546,69.459,998.159,0.302,0
1709,23720451428087,23720451498085,69.998,1000.539,0.295,0
1710,23720452428087,23720452497207,69.120,999.122,0.295,0
1711,23720453428087,23720453497610,69.523,1000.403,0.309,0
1712,23720454428087,23720454434432,6.345,936.822,0.308,0
1713,23720455428087,23720455500103,72.016,1065.671,0.301,0
1714,23720456428087,23720456497748,69.661,997.645,0.318,0
1715,23720457428087,23720457498104,70.017,1000.356,0.296,0
1716,23720458428087,23720458498835,70.748,1000.731,0.296,0
1717,23720459428087,23720459499479,71.392,1000.644,0.290,0
1718,23720460428087,23720460497531,69.444,998.052,0.301,0
1719,23720461428087,23720461497634,69.547,1000.103,0.292,0
1720,23720462428087,23720462498033,69.946,1000.399,0.291,0
1721,23720463428087,23720463498097,70.010,1000.064,0.295,0
1722,23720464428087,23720464434691,6.604,936.594,0.304,0
1723,23720465428087,23720465498708,70.621,1064.017,0.309,0
1724,23720466428087,23720466497511,69.424,998.803,0.297,0
1725,23720467428087,23720467497472,69.385,999.961,0.307,0
1726,23720468428087,23720468497312,69.225,999.840,0.301,0
1727,23720469428087,23720469497385,69.298,1000.073,0.299,0
1728,23720470428087,23720470497713,69.626,1000.328,0.303,0
1729,23720471428087,23720471497547,69.460,999.834,0.299,0
1730,23720472428087,23720472497318,69.231,999.771,0.305,0
1731,23720473428087,23720473494957,66.870,997.639,0.301,0
1732,23720474428087,23720474434428,6.341,939.471,0.314,0
1733,23720475428087,23720475498353,70.266,1063.925,0.299,0
1734,23720476428087,23720476498453,70.366,1000.100,0.302,0
1735,23720477428087,23720477499376,71.289,1000.923,0.299,0
1736,23720478428087,23720478498930,70.843,999.554,0.309,0
1737,23720479428087,23720479496762,68.675,997.832,0.301,0
1738,23720480428087,23720480499001,70.914,1002.239,0.300,0
1739,23720481428087,23720481497336,69.249,998.335,0.308,0
1740,23720482428087,23720482497563,69.476,1000.227,0.312,0
1741,23720483428087,23720483497320,69.233,999.757,0.313,0
1742,23720484428087,23720484433610,5.523,936.290,0.341,0
1743,23720485428087,23720485497311,69.224,1063.701,0.311,0
1744,23720486428087,23720486498896,70.809,1001.585,0.309,0
1745,23720487428087,23720487501361,73.274,1002.465,0.305,0
1746,23720488428087,23720488504458,76.371,1003.097,0.311,0
1747,23720489428087,23720489501593,73.506,997.135,0.313,0
1748,23720490428087,23720490499688,71.601,998.095,0.317,0
1749,23720491428087,23720491460265,32.178,960.577,0.307,0
1750,23720492428087,23720492499635,71.548,1039.370,0.304,0
1751,23720493428087,23720493498940,70.853,999.305,0.309,0
1752,23720494428087,23720494434494,6.407,935.554,0.312,0
1753,23720495428087,23720495461988,33.901,1027.494,0.317,0
1754,23720496428087,23720496498812,70.725,1036.824,0.332,0
1755,23720497428087,23720497498380,70.293,999.568,0.305,0
1756,23720498428087,23720498497161,69.074,998.781,0.314,0
1757,23720499428087,23720499497412,69.325,1000.251,0.310,0
1758,23720500428087,23720500499093,71.006,1001.681,0.309,0
1759,23720501428087,23720501497589,69.502,998.496,0.312,0
1760,23720502428087,23720502499757,71.670,1002.168,0.309,0
1761,23720503428087,23720503501159,73.072,1001.402,0.314,0
1762,23720504428087,23720504434674,6.587,933.515,0.323,0
1763,23720505428087,23720505498456,70.369,1063.782,0.307,0
1764,23720506428087,23720506497978,69.891,999.522,0.303,0
1765,23720507428087,23720507499357,71.270,1001.379,0.334,0
1766,23720508428087,23720508498776,70.689,999.419,0.302,0
1767,23720509428087,23720509497357,69.270,998.581,0.308,0
1768,23720510428087,23720510462130,34.043,964.773,0.314,0
1769,23720511428087,23720511498660,70.573,1036.530,0.307,0
1770,23720512428087,23720512498062,69.975,999.402,0.298,0
1771,23720513428087,23720513498670,70.583,1000.608,0.305,0
1772,23720514428087,23720514434415,6.328,935.745,0.307,0
1773,23720515428087,23720515500120,72.033,1065.705,0.309,0
1774,23720516428087,23720516500039,71.952,999.919,0.306,0
1775,23720517428087,23720517499951,71.864,999.912,0.312,0
1776,23720518428087,23720518503646,75.559,1003.695,0.301,0
1777,23720519428087,23720519500165,72.078,996.519,0.303,0
1778,23720520428087,23720520498315,70.228,998.150,0.301,0
1779,23720521428087,23720521465952,37.865,967.637,0.327,0
1780,23720522428087,23720522499885,71.798,1033.933,0.305,0
1781,23720523428087,23720523498361,70.274,998.476,0.321,0
1782,23720524428087,23720524436391,8.304,938.030,0.319,0
1783,23720525428087,23720525498457,70.370,1062.066,0.304,0
1784,23720526428087,23720526498259,70.172,999.802,0.301,0
1785,23720527428087,23720527500960,72.873,1002.701,0.300,0
1786,23720528428087,23720528501415,73.328,1000.455,0.305,0
1787,23720529428087,23720529498218,70.131,996.803,0.319,0
1788,23720530428087,23720530495951,67.864,997.733,0.309,0
1789,23720531428087,23720531498469,70.382,1002.518,0.315,0
1790,23720532428087,23720532498981,70.894,1000.512,0.308,0
1791,23720533428087,23720533499076,70.989,1000.095,0.297,0
1792,23720534428087,23720534433651,5.564,934.575,0.328,0
1793,23720535428087,23720535499919,71.832,1066.268,0.308,0
1794,23720536428087,23720536499699,71.612,999.780,0.311,0
1795,23720537428087,23720537501021,72.934,1001.322,0.315,0
1796,23720538428087,23720538498679,70.592,997.658,0.311,0
1797,23720539428087,23720539498728,70.641,1000.049,0.306,0
1798,23720540428087,23720540498509,70.422,999.781,0.314,0
1799,23720541428087,23720541498738,70.651,1000.229,0.318,0
1800,23720542428087,23720542498408,70.321,999.670,0.316,0
1801,23720543428087,23720543502074,73.987,1003.666,0.319,0
1802,23720544428087,23720544434841,6.754,932.767,0.323,0
1803,23720545428087,23720545498895,70.808,1064.054,0.319,0
1804,23720546428087,23720546497399,69.312,998.504,0.307,0
1805,23720547428087,23720547499375,71.288,1001.976,0.319,0
1806,23720548428087,23720548499940,71.853,1000.565,0.305,0
1807,23720549428087,23720549498315,70.228,998.375,0.306,0
1808,23720550428087,23720550499343,71.256,1001.028,0.316,0
1809,23720551428087,23720551500311,72.224,1000.968,0.307,0
1810,23720552428087,23720552499346,71.259,999.035,0.317,0
1811,23720553428087,23720553500841,72.754,1001.495,0.297,0
1812,23720554428087,23720554500344,72.257,999.503,0.315,0
1813,23720555428087,23720555500447,72.360,1000.103,0.304,0
1814,23720556428087,23720556499259,71.172,998.812,0.303,0
1815,23720557428087,23720557497382,69.295,998.123,0.303,0
1816,23720558428087,23720558499726,71.639,1002.344,0.303,0
1817,23720559428087,23720559500786,72.699,1001.060,0.319,0
1818,23720560428087,23720560502859,74.772,1002.073,0.319,0
1819,23720561428087,23720561499188,71.101,996.329,0.304,0
1820,23720562428087,23720562498392,70.305,999.204,0.311,0
1821,23720563428087,23720563499102,71.015,1000.710,0.313,0
1822,23720564428087,23720564503308,75.221,1004.206,0.312,0
1823,23720565428087,23720565500456,72.369,997.148,0.303,0
1824,23720566428087,23720566498946,70.859,998.490,0.309,0
1825,23720567428087,23720567500283,72.196,1001.337,0.296,0
1826,23720568428087,23720568498987,70.900,998.704,0.303,0
1827,23720569428087,23720569500605,72.518,1001.618,0.312,0
1828,23720570428087,23720570498525,70.438,997.920,0.317,0
1829,23720571428087,23720571500421,72.334,1001.896,0.304,0
1830,23720572428087,23720572498936,70.849,998.515,0.317,0
1831,23720573428087,23720573498101,70.014,999.165,0.307,0
1832,23720574428087,23720574499101,71.014,1001.000,0.311,0
1833,23720575428087,23720575499026,70.939,999.925,0.313,0
1834,23720576428087,23720576498887,70.800,999.861,0.303,0
1835,23720577428087,23720577498411,70.324,999.524,0.307,0
1836,23720578428087,23720578498290,70.203,999.879,0.306,0
1837,23720579428087,23720579500034,71.947,1001.744,0.307,0
1838,23720580428087,23720580498391,70.304,998.357,0.320,0
1839,23720581428087,23720581498857,70.770,1000.466,0.300,0
1840,23720582428087,23720582497887,69.800,999.030,0.307,0
1841,23720583428087,23720583498293,70.206,1000.406,0.303,0
1842,23720584428087,23720584433427,5.340,935.134,0.315,0
1843,23720585428087,23720585498111,70.024,1064.684,0.309,0
1844,23720586428087,23720586498208,70.121,1000.097,0.304,0
1845,23720587428087,23720587499078,70.991,1000.870,0.312,0
1846,23720588428087,23720588498170,70.083,999.092,0.303,0
1847,23720589428087,23720589498220,70.133,1000.050,0.299,0
1848,23720590428087,23720590467623,39.536,969.403,0.303,0
1849,23720591428087,23720591499894,71.807,1032.271,0.305,0
1850,23720592428087,23720592498750,70.663,998.856,0.307,0
1851,23720593428087,23720593501728,73.641,1002.978,0.297,0
1852,23720594428087,23720594496356,68.269,994.628,0.320,0
1853,23720595428087,23720595498613,70.526,1002.257,0.301,0
1854,23720596428087,23720596498350,70.263,999.737,0.306,0
1855,23720597428087,23720597500259,72.172,1001.909,0.300,0
1856,23720598428087,23720598498387,70.300,998.128,0.325,0
1857,23720599428087,23720599501344,73.257,1002.957,0.308,0
1858,23720600428087,23720600503740,75.653,1002.396,0.314,0
1859,23720601428087,23720601500251,72.164,996.511,0.316,0
1860,23720602428087,23720602498486,70.399,998.235,0.299,0
1861,23720603428087,23720603498064,69.977,999.578,0.315,0
1862,23720604428087,23720604501827,73.740,1003.763,0.314,0
1863,23720605428087,23720605498119,70.032,996.292,0.316,0
1864,23720606428087,23720606498328,70.241,1000.209,0.300,0
1865,23720607428087,23720607501048,72.961,1002.720,0.297,0
1866,23720608428087,23720608502400,74.313,1001.352,0.316,0
1867,23720609428087,23720609499353,71.266,996.953,0.301,0
1868,23720610428087,23720610496922,68.835,997.569,0.298,0
1869,23720611428087,23720611498294,70.207,1001.372,0.307,0
1870,23720612428087,23720612498341,70.254,1000.047,0.307,0
1871,23720613428087,23720613499623,71.536,1001.282,0.301,0
1872,23720614428087,23720614499561,71.474,999.938,0.306,0
1873,23720615428087,23720615500316,72.229,1000.755,0.308,0
1874,23720616428087,23720616503511,75.424,1003.195,0.309,0
1875,23720617428087,23720617499832,71.745,996.321,0.309,0
1876,23720618428087,23720618500871,72.784,1001.039,0.307,0
1877,23720619428087,23720619498136,70.049,997.265,0.294,0
1878,23720620428087,23720620498781,70.694,1000.645,0.305,0
1879,23720621428087,23720621498883,70.796,1000.102,0.333,0
1880,23720622428087,23720622499610,71.523,1000.727,0.305,0
1881,23720623428087,23720623500843,72.756,1001.233,0.325,0
1882,23720624428087,23720624502299,74.212,1001.456,0.305,0
1883,23720625428087,23720625500795,72.708,998.496,0.301,0
1884,23720626428087,23720626500428,72.341,999.633,0.309,0
1885,23720627428087,23720627498681,70.594,998.253,0.307,0
1886,23720628428087,23720628498953,70.866,1000.272,0.301,0
1887,23720629428087,23720629498238,70.151,999.285,0.306,0
1888,23720630428087,23720630498083,69.996,999.845,0.307,0
1889,23720631428087,23720631500781,72.694,1002.698,0.307,0
1890,23720632428087,23720632500099,72.012,999.318,0.299,0
1891,23720633428087,23720633500556,72.469,1000.457,0.300,0
1892,23720634428087,23720634475495,47.408,974.939,0.308,0
1893,23720635428087,23720635498385,70.298,1022.890,0.304,0
1894,23720636428087,23720636500112,72.025,1001.727,0.311,0
1895,23720637428087,23720637500396,72.309,1000.284,0.303,0
1896,23720638428087,23720638498206,70.119,997.810,0.306,0
1897,23720639428087,23720639498255,70.168,1000.049,0.303,0
1898,23720640428087,23720640498755,70.668,1000.500,0.302,0
1899,23720641428087,23720641499969,71.882,1001.214,0.299,0
1900,23720642428087,23720642499563,71.476,999.594,0.307,0
1901,23720643428087,23720643499758,71.671,1000.195,0.307,0
1902,23720644428087,23720644499212,71.125,999.454,0.307,0
1903,23720645428087,23720645498248,70.161,999.036,0.305,0
1904,23720646428087,23720646503805,75.718,1005.557,0.297,0
1905,23720647428087,23720647500024,71.937,996.219,0.331,0
1906,23720648428087,23720648498642,70.555,998.618,0.303,0
1907,23720649428087,23720649500718,72.631,1002.076,0.296,0
1908,23720650428087,23720650498416,70.329,997.698,0.317,0
1909,23720651428087,23720651498467,70.380,1000.051,0.303,0
1910,23720652428087,23720652498526,70.439,1000.059,0.318,0
1911,23720653428087,23720653498223,70.136,999.697,0.319,0
1912,23720654428087,23720654499974,71.887,1001.751,0.301,0
1913,23720655428087,23720655500327,72.240,1000.353,0.295,0
1914,23720656428087,23720656498463,70.376,998.136,0.299,0
1915,23720657428087,23720657500848,72.761,1002.385,0.301,0
1916,23720658428087,23720658501781,73.694,1000.933,0.291,0
1917,23720659428087,23720659498127,70.040,996.346,0.300,0
1918,23720660428087,23720660501619,73.532,1003.492,0.304,0
1919,23720661428087,23720661499935,71.848,998.316,0.301,0
1920,23720662428087,23720662499535,71.448,999.600,0.314,0
1921,23720663428087,23720663498298,70.211,998.763,0.306,0
1922,23720664428087,23720664500350,72.263,1002.052,0.312,0
1923,23720665428087,23720665499600,71.513,999.250,0.302,0
1924,23720666428087,23720666498317,70.230,998.717,0.310,0
1925,23720667428087,23720667498595,70.508,1000.278,0.306,0
1926,23720668428087,23720668499738,71.651,1001.143,0.309,0
1927,23720669428087,23720669499687,71.600,999.949,0.309,0
1928,23720670428087,23720670499227,71.140,999.540,0.311,0
1929,23720671428087,23720671500631,72.544,1001.404,0.309,0
1930,23720672428087,23720672501595,73.508,1000.964,0.311,0
1931,23720673428087,23720673498120,70.033,996.525,0.302,0
1932,23720674428087,23720674495720,67.633,997.600,0.328,0
1933,23720675428087,23720675499911,71.824,1004.191,0.303,0
1934,23720676428087,23720676499617,71.530,999.706,0.296,0
1935,23720677428087,23720677497857,69.770,998.240,0.301,0
1936,23720678428087,23720678499747,71.660,1001.890,0.303,0
1937,23720679428087,23720679498836,70.749,999.089,0.309,0
1938,23720680428087,23720680502848,74.761,1004.012,0.308,0
1939,23720681428087,23720681499200,71.113,996.352,0.313,0
1940,23720682428087,23720682500113,72.026,1000.913,0.295,0
1941,23720683428087,23720683500687,72.600,1000.574,0.318,0
1942,23720684428087,23720684502991,74.904,1002.304,0.299,0
1943,23720685428087,23720685498503,70.416,995.512,0.300,0
1944,23720686428087,23720686498407,70.320,999.904,0.310,0
1945,23720687428087,23720687500277,72.190,1001.870,0.308,0
1946,23720688428087,23720688501418,73.331,1001.141,0.295,0
1947,23720689428087,23720689498929,70.842,997.511,0.301,0
1948,23720690428087,23720690498527,70.440,999.598,0.313,0
1949,23720691428087,23720691498673,70.586,1000.146,0.307,0
1950,23720692428087,23720692499171,71.084,1000.498,0.317,0
1951,23720693428087,23720693498484,70.397,999.313,0.329,0
1952,23720694428087,23720694434421,6.334,935.937,0.305,0
1953,23720695428087,23720695499010,70.923,1064.589,0.312,0
1954,23720696428087,23720696498307,70.220,999.297,0.300,0
1955,23720697428087,23720697499661,71.574,1001.354,0.307,0
1956,23720698428087,23720698492242,64.155,992.581,0.300,0
1957,23720699428087,23720699498798,70.711,1006.556,0.315,0
1958,23720700428087,23720700500447,72.360,1001.649,0.318,0
1959,23720701428087,23720701500195,72.108,999.748,0.308,0
1960,23720702428087,23720702498872,70.785,998.677,0.311,0
1961,23720703428087,23720703499596,71.509,1000.724,0.312,0
1962,23720704428087,23720704434539,6.452,934.943,0.328,0
1963,23720705428087,23720705498827,70.740,1064.288,0.308,0
1964,23720706428087,23720706498442,70.355,999.615,0.306,0
1965,23720707428087,23720707498657,70.570,1000.215,0.311,0
1966,23720708428087,23720708498693,70.606,1000.036,0.310,0
1967,23720709428087,23720709499411,71.324,1000.718,0.310,0
1968,23720710428087,23720710499160,71.073,999.749,0.307,0
1969,23720711428087,23720711500556,72.469,1001.396,0.303,0
1970,23720712428087,23720712500656,72.569,1000.100,0.317,0
1971,23720713428087,23720713498745,70.658,998.089,0.336,0
1972,23720714428087,23720714434617,6.530,935.872,0.302,0
1973,23720715428087,23720715498531,70.444,1063.914,0.302,0
1974,23720716428087,23720716500585,72.498,1002.054,0.300,0
1975,23720717428087,23720717499614,71.527,999.029,0.331,0
1976,23720718428087,23720718499061,70.974,999.447,0.299,0
1977,23720719428087,23720719498936,70.849,999.875,0.297,0
1978,23720720428087,23720720499317,71.230,1000.381,0.295,0
1979,23720721428087,23720721500160,72.073,1000.843,0.310,0
1980,23720722428087,23720722506272,78.185,1006.112,0.302,0
1981,23720723428087,23720723499479,71.392,993.207,0.323,0
1982,23720724428087,23720724435761,7.674,936.282,0.326,0
1983,23720725428087,23720725500340,72.253,1064.579,0.306,0
1984,23720726428087,23720726498125,70.038,997.785,0.304,0
1985,23720727428087,23720727499251,71.164,1001.126,0.307,0
1986,23720728428087,23720728502194,74.107,1002.943,0.296,0
1987,23720729428087,23720729498616,70.529,996.422,0.301,0
1988,23720730428087,23720730498924,70.837,1000.308,0.300,0
1989,23720731428087,23720731498104,70.017,999.180,0.300,0
1990,23720732428087,23720732471216,43.129,973.112,0.298,0
1991,23720733428087,23720733499479,71.392,1028.263,0.299,0
1992,23720734428087,23720734502362,74.275,1002.883,0.302,0
1993,23720735428087,23720735500501,72.414,998.139,0.309,0
1994,23720736428087,23720736500933,72.846,1000.432,0.289,0
1995,23720737428087,23720737500086,71.999,999.153,0.309,0
1996,23720738428087,23720738501048,72.961,1000.962,0.299,0
1997,23720739428087,23720739498755,70.668,997.707,0.296,0
1998,23720740428087,23720740498468,70.381,999.713,0.300,0
1999,23720741428087,23720741498511,70.424,1000.043,0.308,0
2000,23720742428087,23720742498342,70.255,999.831,0.295,0
2001,23720743428087,23720743500178,72.091,1001.836,0.310,0
2002,23720744428087,23720744502054,73.967,1001.876,0.295,0
2003,23720745428087,23720745498308,70.221,996.254,0.303,0
2004,23720746428087,23720746499578,71.491,1001.270,0.300,0
2005,23720747428087,23720747498279,70.192,998.701,0.301,0
2006,23720748428087,23720748499072,70.985,1000.793,0.311,0
2007,23720749428087,23720749498767,70.680,999.695,0.302,0
2008,23720750428087,23720750500072,71.985,1001.305,0.287,0
2009,23720751428087,23720751499353,71.266,999.281,0.306,0
2010,23720752428087,23720752500770,72.683,1001.417,0.292,0
2011,23720753428087,23720753500440,72.353,999.670,0.305,0
2012,23720754428087,23720754498209,70.122,997.769,0.299,0
2013,23720755428087,23720755499011,70.924,1000.802,0.293,0
2014,23720756428087,23720756503876,75.789,1004.865,0.310,0
2015,23720757428087,23720757499498,71.411,995.622,0.298,0
2016,23720758428087,23720758498337,70.250,998.839,0.294,0
2017,23720759428087,23720759497962,69.875,999.625,0.294,0
2018,23720760428087,23720760498443,70.356,1000.481,0.299,0
2019,23720761428087,23720761500362,72.275,1001.919,0.295,0
2020,23720762428087,23720762500353,72.266,999.991,0.304,0
2021,23720763428087,23720763499572,71.485,999.219,0.297,0
2022,23720764428087,23720764435122,7.035,935.550,0.296,0
2023,23720765428087,23720765499966,71.879,1064.844,0.294,0
2024,23720766428087,23720766498499,70.412,998.533,0.307,0
2025,23720767428087,23720767498973,70.886,1000.474,0.314,0
2026,23720768428087,23720768498010,69.923,999.037,0.295,0
2027,23720769428087,23720769498449,70.362,1000.439,0.330,0
2028,23720770428087,23720770498437,70.350,999.988,0.307,0
2029,23720771428087,23720771499768,71.681,1001.331,0.308,0
2030,23720772428087,23720772498962,70.875,999.194,0.311,0
2031,23720773428087,23720773498405,70.318,999.443,0.297,0
2032,23720774428087,23720774434610,6.523,936.205,0.302,0
2033,23720775428087,23720775436159,8.072,1001.549,0.319,0
2034,23720776428087,23720776498133,70.046,1061.974,0.308,0
2035,23720777428087,23720777498362,70.275,1000.229,0.308,0
2036,23720778428087,23720778499782,71.695,1001.420,0.300,0
2037,23720779428087,23720779497541,69.454,997.759,0.291,0
2038,23720780428087,23720780499805,71.718,1002.264,0.290,0
2039,23720781428087,23720781498711,70.624,998.906,0.293,0
2040,23720782428087,23720782499864,71.777,1001.153,0.308,0
2041,23720783428087,23720783499682,71.595,999.818,0.309,0
2042,23720784428087,23720784434537,6.450,934.855,0.309,0
2043,23720785428087,23720785499467,71.380,1064.930,0.306,0
2044,23720786428087,23720786500611,72.524,1001.144,0.297,0
2045,23720787428087,23720787500162,72.075,999.551,0.291,0
2046,23720788428087,23720788499269,71.182,999.107,0.307,0
2047,23720789428087,23720789463271,35.184,964.002,0.298,0
2048,23720790428087,23720790473721,45.634,1010.450,0.724,0
2049,23720791428087,23720791471545,43.458,997.824,0.729,0
2050,23720792428087,23720792471616,43.529,1000.071,0.733,0
2051,23720793428087,23720793471647,43.560,1000.031,0.705,0
2052,23720794428087,23720794434623,6.536,962.976,0.318,0
2053,23720795428087,23720795472217,44.130,1037.594,0.717,0
2054,23720796428087,23720796472993,44.906,1000.776,0.735,0
2055,23720797428087,23720797471826,43.739,998.833,0.728,0
2056,23720798428087,23720798498906,70.819,1027.080,0.307,0
2057,23720799428087,23720799499136,71.049,1000.230,0.300,0
2058,23720800428087,23720800500108,72.021,1000.972,0.307,0
2059,23720801428087,23720801499159,71.072,999.051,0.306,0
2060,23720802428087,23720802500470,72.383,1001.311,0.315,0
2061,23720803428087,23720803500131,72.044,999.661,0.296,0
2062,23720804428087,23720804434861,6.774,934.730,0.323,0
2063,23720805428087,23720805499234,71.147,1064.373,0.311,0
2064,23720806428087,23720806498558,70.471,999.324,0.298,0
2065,23720807428087,23720807498745,70.658,1000.187,0.315,0
2066,23720808428087,23720808501551,73.464,1002.806,0.300,0
2067,23720809428087,23720809502603,74.516,1001.052,0.292,0
2068,23720810428087,23720810497259,69.172,994.656,0.299,0
2069,23720811428087,23720811499975,71.888,1002.716,0.298,0
2070,23720812428087,23720812500041,71.954,1000.066,0.305,0
2071,23720813428087,23720813499572,71.485,999.531,0.300,0
2072,23720814428087,23720814498404,70.317,998.832,0.291,0
2073,23720815428087,23720815498712,70.625,1000.308,0.314,0
2074,23720816428087,23720816499831,71.744,1001.119,0.300,0
2075,23720817428087,23720817498370,70.283,998.539,0.303,0
2076,23720818428087,23720818500182,72.095,1001.812,0.308,0
2077,23720819428087,23720819498447,70.360,998.265,0.300,0
2078,23720820428087,23720820499118,71.031,1000.671,0.299,0
2079,23720821428087,23720821499692,71.605,1000.574,0.309,0
2080,23720822428087,23720822498735,70.648,999.043,0.299,0
2081,23720823428087,23720823498627,70.540,999.892,0.307,0
2082,23720824428087,23720824434522,6.435,935.895,0.304,0
2083,23720825428087,23720825500338,72.251,1065.816,0.300,0
2084,23720826428087,23720826498850,70.763,998.512,0.310,0
2085,23720827428087,23720827498464,70.377,999.614,0.297,0
2086,23720828428087,23720828500289,72.202,1001.825,0.308,0
2087,23720829428087,23720829500551,72.464,1000.262,0.297,0
2088,23720830428087,23720830498493,70.406,997.942,0.296,0
2089,23720831428087,23720831498061,69.974,999.568,0.301,0
2090,23720832428087,23720832498463,70.376,1000.402,0.306,0
2091,23720833428087,23720833498332,70.245,999.869,0.301,0
2092,23720834428087,23720834498341,70.254,1000.009,0.301,0
2093,23720835428087,23720835499796,71.709,1001.455,0.310,0
2094,23720836428087,23720836498534,70.447,998.738,0.306,0
2095,23720837428087,23720837502329,74.242,1003.795,0.297,0
2096,23720838428087,23720838498051,69.964,995.722,0.304,0
2097,23720839428087,23720839499688,71.601,1001.637,0.298,0
2098,23720840428087,23720840500805,72.718,1001.117,0.308,0
2099,23720841428087,23720841504196,76.109,1003.391,0.294,0
2100,23720842428087,23720842498794,70.707,994.598,0.292,0
2101,23720843428087,23720843496734,68.647,997.940,0.293,0
2102,23720844428087,23720844500030,71.943,1003.296,0.311,0
2103,23720845428087,23720845498332,70.245,998.302,0.296,0
2104,23720846428087,23720846500366,72.279,1002.034,0.295,0
2105,23720847428087,23720847500341,72.254,999.975,0.295,0
2106,23720848428087,23720848498394,70.307,998.053,0.296,0
2107,23720849428087,23720849498779,70.692,1000.385,0.296,0
2108,23720850428087,23720850499886,71.799,1001.107,0.310,0
2109,23720851428087,23720851498749,70.662,998.863,0.297,0
2110,23720852428087,23720852497093,69.006,998.344,0.310,0
2111,23720853428087,23720853500214,72.127,1003.121,0.288,0
2112,23720854428087,23720854502222,74.135,1002.008,0.301,0
2113,23720855428087,23720855498560,70.473,996.338,0.300,0
2114,23720856428087,23720856500597,72.510,1002.037,0.300,0
2115,23720857428087,23720857502120,74.033,1001.523,0.295,0
2116,23720858428087,23720858498589,70.502,996.469,0.309,0
2117,23720859428087,23720859502473,74.386,1003.884,0.305,0
2118,23720860428087,23720860499002,70.915,996.529,0.311,0
2119,23720861428087,23720861499715,71.628,1000.713,0.296,0
2120,23720862428087,23720862498530,70.443,998.815,0.318,0
2121,23720863428087,23720863498411,70.324,999.881,0.308,0
2122,23720864428087,23720864499298,71.211,1000.887,0.310,0
2123,23720865428087,23720865498425,70.338,999.127,0.300,0
2124,23720866428087,23720866499632,71.545,1001.207,0.301,0
2125,23720867428087,23720867499990,71.903,1000.358,0.304,0
2126,23720868428087,23720868498849,70.762,998.859,0.301,0
2127,23720869428087,23720869498536,70.449,999.687,0.306,0
2128,23720870428087,23720870498731,70.644,1000.195,0.293,0
2129,23720871428087,23720871499988,71.901,1001.257,0.298,0
2130,23720872428087,23720872500579,72.492,1000.591,0.297,0
2131,23720873428087,23720873502170,74.083,1001.591,0.300,0
2132,23720874428087,23720874500841,72.754,998.671,0.303,0
2133,23720875428087,23720875498215,70.128,997.374,0.298,0
2134,23720876428087,23720876498490,70.403,1000.275,0.307,0
2135,23720877428087,23720877504243,76.156,1005.753,0.292,0
2136,23720878428087,23720878498453,70.366,994.210,0.298,0
2137,23720879428087,23720879498537,70.450,1000.084,0.297,0
2138,23720880428087,23720880499199,71.112,1000.662,0.300,0
2139,23720881428087,23720881499674,71.587,1000.475,0.304,0
2140,23720882428087,23720882499031,70.944,999.357,0.305,0
2141,23720883428087,23720883498539,70.452,999.508,0.305,0
2142,23720884428087,23720884498783,70.696,1000.244,0.307,0
2143,23720885428087,23720885435859,7.772,937.076,0.422,0
2144,23720886428087,23720886497539,69.452,1061.680,0.296,0
2145,23720887428087,23720887497915,69.828,1000.376,0.295,0
2146,23720888428087,23720888497510,69.423,999.595,0.302,0
2147,23720889428087,23720889497241,69.154,999.731,0.300,0
2148,23720890428087,23720890498574,70.487,1001.333,0.298,0
2149,23720891428087,23720891497285,69.198,998.711,0.311,0
2150,23720892428087,23720892497523,69.436,1000.238,0.294,0
2151,23720893428087,23720893497995,69.908,1000.472,0.300,0
2152,23720894428087,23720894434443,6.356,936.448,0.315,0
2153,23720895428087,23720895498540,70.453,1064.097,0.307,0
2154,23720896428087,23720896497589,69.502,999.049,0.305,0
2155,23720897428087,23720897499304,71.217,1001.715,0.298,0
2156,23720898428087,23720898497412,69.325,998.108,0.299,0
2157,23720899428087,23720899496768,68.681,999.356,0.300,0
2158,23720900428087,23720900498392,70.305,1001.624,0.307,0
2159,23720901428087,23720901499625,71.538,1001.233,0.313,0
2160,23720902428087,23720902497518,69.431,997.893,0.305,0
2161,23720903428087,23720903497454,69.367,999.936,0.305,0
2162,23720904428087,23720904498673,70.586,1001.219,0.301,0
2163,23720905428087,23720905499218,71.131,1000.545,0.301,0
2164,23720906428087,23720906498649,70.562,999.431,0.304,0
2165,23720907428087,23720907494950,66.863,996.301,0.314,0
2166,23720908428087,23720908497935,69.848,1002.985,0.299,0
2167,23720909428087,23720909497627,69.540,999.692,0.304,0
2168,23720910428087,23720910497391,69.304,999.764,0.294,0
2169,23720911428087,23720911497552,69.465,1000.161,0.316,0
2170,23720912428087,23720912497386,69.299,999.834,0.308,0
2171,23720913428087,23720913501937,73.850,1004.551,0.308,0
2172,23720914428087,23720914434706,6.619,932.769,0.333,0
2173,23720915428087,23720915497073,68.986,1062.367,0.299,0
2174,23720916428087,23720916498320,70.233,1001.247,0.297,0
2175,23720917428087,23720917499641,71.554,1001.321,0.307,0
2176,23720918428087,23720918496816,68.729,997.175,0.301,0
2177,23720919428087,23720919497375,69.288,1000.559,0.303,0
2178,23720920428087,23720920498884,70.797,1001.509,0.304,0
2179,23720921428087,23720921501259,73.172,1002.375,0.294,0
2180,23720922428087,23720922499588,71.501,998.329,0.300,0
2181,23720923428087,23720923495196,67.109,995.608,0.301,0
2182,23720924428087,23720924502429,74.342,1007.233,0.303,0
2183,23720925428087,23720925498582,70.495,996.153,0.316,0
2184,23720926428087,23720926498845,70.758,1000.263,0.305,0
2185,23720927428087,23720927498300,70.213,999.455,0.306,0
2186,23720928428087,23720928498402,70.315,1000.102,0.303,0
2187,23720929428087,23720929501816,73.729,1003.414,0.297,0
2188,23720930428087,23720930498869,70.782,997.053,0.301,0
2189,23720931428087,23720931499566,71.479,1000.697,0.304,0
2190,23720932428087,23720932498288,70.201,998.722,0.299,0
2191,23720933428087,23720933499720,71.633,1001.432,0.304,0
2192,23720934428087,23720934498761,70.674,999.041,0.306,0
2193,23720935428087,23720935496755,68.668,997.994,0.297,0
2194,23720936428087,23720936498245,70.158,1001.490,0.307,0
2195,23720937428087,23720937501141,73.054,1002.896,0.298,0
2196,23720938428087,23720938497197,69.110,996.056,0.306,0
2197,23720939428087,23720939497287,69.200,1000.090,0.312,0
2198,23720940428087,23720940498213,70.126,1000.926,0.305,0
2199,23720941428087,23720941497561,69.474,999.348,0.297,0
2200,23720942428087,23720942498775,70.688,1001.214,0.312,0
2201,23720943428087,23720943498832,70.745,1000.057,0.306,0
2202,23720944428087,23720944501718,73.631,1002.886,0.297,0
2203,23720945428087,23720945498539,70.452,996.821,0.306,0
2204,23720946428087,23720946498730,70.643,1000.191,0.295,0
2205,23720947428087,23720947497345,69.258,998.615,0.306,0
2206,23720948428087,23720948497989,69.902,1000.644,0.308,0
2207,23720949428087,23720949498359,70.272,1000.370,0.297,0
2208,23720950428087,23720950499463,71.376,1001.104,0.298,0
2209,23720951428087,23720951497607,69.520,998.144,0.298,0
2210,23720952428087,23720952498673,70.586,1001.066,0.301,0
2211,23720953428087,23720953497742,69.655,999.069,0.305,0
2212,23720954428087,23720954434592,6.505,936.850,0.301,0
2213,23720955428087,23720955499196,71.109,1064.604,0.306,0
2214,23720956428087,23720956497266,69.179,998.070,0.306,0
2215,23720957428087,23720957500707,72.620,1003.441,0.297,0
2216,23720958428087,23720958498586,70.499,997.879,0.294,0
2217,23720959428087,23720959498573,70.486,999.987,0.299,0
2218,23720960428087,23720960499089,71.002,1000.516,0.299,0
2219,23720961428087,23720961497506,69.419,998.417,0.301,0
2220,23720962428087,23720962499812,71.725,1002.306,0.307,0
2221,23720963428087,23720963499464,71.377,999.652,0.318,0
2222,23720964428087,23720964434533,6.446,935.069,0.294,0
2223,23720965428087,23720965497480,69.393,1062.947,0.297,0
2224,23720966428087,23720966497071,68.984,999.591,0.302,0
2225,23720967428087,23720967498318,70.231,1001.247,0.301,0
2226,23720968428087,23720968498135,70.048,999.817,0.302,0
2227,23720969428087,23720969497571,69.484,999.436,0.300,0
2228,23720970428087,23720970499021,70.934,1001.450,0.319,0
2229,23720971428087,23720971501022,72.935,1002.001,0.299,0
2230,23720972428087,23720972498685,70.598,997.663,0.307,0
2231,23720973428087,23720973499740,71.653,1001.055,0.304,0
2232,23720974428087,23720974434495,6.408,934.755,0.306,0
2233,23720975428087,23720975497558,69.471,1063.063,0.301,0
2234,23720976428087,23720976497543,69.456,999.985,0.294,0
2235,23720977428087,23720977501274,73.187,1003.731,0.303,0
2236,23720978428087,23720978498594,70.507,997.320,0.300,0
2237,23720979428087,23720979497751,69.664,999.157,0.299,0
2238,23720980428087,23720980496720,68.633,998.969,0.300,0
2239,23720981428087,23720981498012,69.925,1001.292,0.304,0
2240,23720982428087,23720982497504,69.417,999.492,0.299,0
2241,23720983428087,23720983497811,69.724,1000.307,0.301,0
2242,23720984428087,23720984434583,6.496,936.772,0.295,0
2243,23720985428087,23720985500618,72.531,1066.035,0.302,0
2244,23720986428087,23720986500542,72.455,999.924,0.297,0
2245,23720987428087,23720987494872,66.785,994.330,0.296,0
2246,23720988428087,23720988499498,71.411,1004.626,0.296,0
2247,23720989428087,23720989499564,71.477,1000.066,0.296,0
2248,23720990428087,23720990497985,69.898,998.421,0.305,0
2249,23720991428087,23720991462707,34.620,964.722,0.301,0
2250,23720992428087,23720992497764,69.677,1035.057,0.297,0
2251,23720993428087,23720993500966,72.879,1003.202,0.298,0
2252,23720994428087,23720994434486,6.399,933.520,0.306,0
2253,23720995428087,23720995499365,71.278,1064.879,0.306,0
2254,23720996428087,23720996501868,73.781,1002.503,0.301,0
2255,23720997428087,23720997498129,70.042,996.261,0.304,0
2256,23720998428087,23720998498875,70.788,1000.746,0.296,0
2257,23720999428087,23720999496369,68.282,997.494,0.291,0
2258,23721000428087,23721000498252,70.165,1001.883,0.270,0
2259,23721001428087,23721001500281,72.194,1002.029,0.306,0
2260,23721002428087,23721002497353,69.266,997.072,0.309,0
2261,23721003428087,23721003497166,69.079,999.813,0.290,0
2262,23721004428087,23721004498736,70.649,1001.570,0.301,0
2263,23721005428087,23721005497626,69.539,998.890,0.295,0
2264,23721006428087,23721006498771,70.684,1001.145,0.294,0
2265,23721007428087,23721007502705,74.618,1003.934,0.310,0
2266,23721008428087,23721008497563,69.476,994.858,0.302,0
2267,23721009428087,23721009502005,73.918,1004.442,0.304,0
2268,23721010428087,23721010499203,71.116,997.198,0.300,0
2269,23721011428087,23721011497471,69.384,998.268,0.289,0
2270,23721012428087,23721012497501,69.414,1000.030,0.301,0
2271,23721013428087,23721013499345,71.258,1001.844,0.301,0
2272,23721014428087,23721014434435,6.348,935.090,0.307,0
2273,23721015428087,23721015499010,70.923,1064.575,0.306,0
2274,23721016428087,23721016498257,70.170,999.247,0.302,0
2275,23721017428087,23721017497775,69.688,999.518,0.307,0
2276,23721018428087,23721018497608,69.521,999.833,0.300,0
2277,23721019428087,23721019497303,69.216,999.695,0.334,0
2278,23721020428087,23721020498680,70.593,1001.377,0.293,0
2279,23721021428087,23721021494294,66.207,995.614,0.307,0
2280,23721022428087,23721022497379,69.292,1003.085,0.304,0
2281,23721023428087,23721023497685,69.598,1000.306,0.298,0
2282,23721024428087,23721024434528,6.441,936.843,0.298,0
2283,23721025428087,23721025488571,60.484,1054.043,0.331,0
2284,23721026428087,23721026497637,69.550,1009.066,0.301,0
2285,23721027428087,23721027498769,70.682,1001.132,0.302,0
2286,23721028428087,23721028495292,67.205,996.523,0.294,0
2287,23721029428087,23721029497373,69.286,1002.081,0.290,0
2288,23721030428087,23721030497752,69.665,1000.379,0.295,0
2289,23721031428087,23721031498742,70.655,1000.990,0.299,0
2290,23721032428087,23721032497707,69.620,998.965,0.295,0
2291,23721033428087,23721033500217,72.130,1002.510,0.295,0
2292,23721034428087,23721034498404,70.317,998.187,0.292,0
2293,23721035428087,23721035500362,72.275,1001.958,0.299,0
2294,23721036428087,23721036498678,70.591,998.316,0.313,0
2295,23721037428087,23721037499985,71.898,1001.307,0.316,0
2296,23721038428087,23721038498126,70.039,998.141,0.294,0
2297,23721039428087,23721039498350,70.263,1000.224,0.306,0
2298,23721040428087,23721040500277,72.190,1001.927,0.310,0
2299,23721041428087,23721041500424,72.337,1000.147,0.295,0
2300,23721042428087,23721042497553,69.466,997.129,0.307,0
2301,23721043428087,23721043505517,77.430,1007.964,0.296,0
2302,23721044428087,23721044502863,74.776,997.346,0.297,0
2303,23721045428087,23721045499136,71.049,996.273,0.302,0
2304,23721046428087,23721046498414,70.327,999.278,0.304,0
2305,23721047428087,23721047499055,70.968,1000.641,0.310,0
2306,23721048428087,23721048498006,69.919,998.951,0.300,0
2307,23721049428087,23721049499621,71.534,1001.615,0.301,0
2308,23721050428087,23721050498082,69.995,998.461,0.303,0
2309,23721051428087,23721051499928,71.841,1001.846,0.308,0
2310,23721052428087,23721052497470,69.383,997.542,0.303,0
2311,23721053428087,23721053497686,69.599,1000.216,0.306,0
2312,23721054428087,23721054497869,69.782,1000.183,0.295,0
2313,23721055428087,23721055497952,69.865,1000.083,0.307,0
2314,23721056428087,23721056497776,69.689,999.824,0.306,0
2315,23721057428087,23721057500240,72.153,1002.464,0.300,0
2316,23721058428087,23721058502306,74.219,1002.066,0.293,0
2317,23721059428087,23721059498756,70.669,996.450,0.301,0
2318,23721060428087,23721060498589,70.502,999.833,0.305,0
2319,23721061428087,23721061498787,70.700,1000.198,0.302,0
2320,23721062428087,23721062498274,70.187,999.487,0.308,0
2321,23721063428087,23721063498296,70.209,1000.022,0.297,0
2322,23721064428087,23721064499149,71.062,1000.853,0.297,0
2323,23721065428087,23721065499469,71.382,1000.320,0.307,0
2324,23721066428087,23721066499345,71.258,999.876,0.306,0
2325,23721067428087,23721067498822,70.735,999.477,0.313,0
2326,23721068428087,23721068497450,69.363,998.628,0.301,0
2327,23721069428087,23721069498192,70.105,1000.742,0.302,0
2328,23721070428087,23721070499167,71.080,1000.975,0.295,0
2329,23721071428087,23721071497771,69.684,998.604,0.301,0
2330,23721072428087,23721072499087,71.000,1001.316,0.305,0
2331,23721073428087,23721073497987,69.900,998.900,0.298,0
2332,23721074428087,23721074434558,6.471,936.571,0.298,0
2333,23721075428087,23721075498184,70.097,1063.626,0.298,0
2334,23721076428087,23721076498046,69.959,999.862,0.306,0
2335,23721077428087,23721077498767,70.680,1000.721,0.299,0
2336,23721078428087,23721078498241,70.154,999.474,0.293,0
2337,23721079428087,23721079499163,71.076,1000.922,0.295,0
2338,23721080428087,23721080497356,69.269,998.193,0.306,0
2339,23721081428087,23721081498809,70.722,1001.453,0.308,0
2340,23721082428087,23721082499220,71.133,1000.411,0.292,0
2341,23721083428087,23721083496874,68.787,997.654,0.303,0
2342,23721084428087,23721084436773,8.686,939.899,0.312,0
2343,23721085428087,23721085498665,70.578,1061.892,0.307,0
2344,23721086428087,23721086497819,69.732,999.154,0.303,0
2345,23721087428087,23721087500434,72.347,1002.615,0.299,0
2346,23721088428087,23721088498477,70.390,998.043,0.307,0
2347,23721089428087,23721089497276,69.189,998.799,0.303,0
2348,23721090428087,23721090498456,70.369,1001.180,0.307,0
2349,23721091428087,23721091497519,69.432,999.063,0.308,0
2350,23721092428087,23721092507202,79.115,1009.683,0.305,0
2351,23721093428087,23721093435511,7.424,928.309,0.312,0
2352,23721094428087,23721094434470,6.383,998.959,0.320,0
2353,23721095428087,23721095505532,77.445,1071.062,0.306,0
2354,23721096428087,23721096479868,51.781,974.336,0.302,0
2355,23721097428087,23721097435705,7.618,955.837,0.308,0
2356,23721098428087,23721098478601,50.514,1042.896,0.747,0
2357,23721099428087,23721099477811,49.724,999.210,0.724,0
2358,23721100428087,23721100481733,53.646,1003.922,0.725,0
2359,23721101428087,23721101462728,34.641,980.995,0.295,0
2360,23721102428087,23721102457249,29.162,994.521,0.340,0
2361,23721103428087,23721103497573,69.486,1040.324,0.285,0
2362,23721104428087,23721104434808,6.721,937.235,0.302,0
2363,23721105428087,23721105499433,71.346,1064.625,0.297,0
2364,23721106428087,23721106501693,73.606,1002.260,0.303,0
2365,23721107428087,23721107497634,69.547,995.941,0.305,0
2366,23721108428087,23721108495022,66.935,997.388,0.302,0
2367,23721109428087,23721109498058,69.971,1003.036,0.294,0
2368,23721110428087,23721110498235,70.148,1000.177,0.305,0
2369,23721111428087,23721111498577,70.490,1000.342,0.305,0
2370,23721112428087,23721112503189,75.102,1004.612,0.309,0
2371,23721113428087,23721113499284,71.197,996.095,0.302,0
2372,23721114428087,23721114434541,6.454,935.257,0.306,0
2373,23721115428087,23721115499339,71.252,1064.798,0.303,0
2374,23721116428087,23721116498569,70.482,999.230,0.309,0
2375,23721117428087,23721117497883,69.796,999.314,0.316,0
2376,23721118428087,23721118498519,70.432,1000.636,0.293,0
2377,23721119428087,23721119498521,70.434,1000.002,0.298,0
2378,23721120428087,23721120498359,70.272,999.838,0.307,0
2379,23721121428087,23721121499516,71.429,1001.157,0.312,0
2380,23721122428087,23721122501500,73.413,1001.984,0.300,0
2381,23721123428087,23721123498791,70.704,997.291,0.305,0
2382,23721124428087,23721124434622,6.535,935.831,0.315,0
2383,23721125428087,23721125496586,68.499,1061.964,0.297,0
2384,23721126428087,23721126501200,73.113,1004.614,0.314,0
2385,23721127428087,23721127498759,70.672,997.559,0.302,0
2386,23721128428087,23721128496694,68.607,997.935,0.303,0
2387,23721129428087,23721129498899,70.812,1002.205,0.299,0
2388,23721130428087,23721130497504,69.417,998.605,0.293,0
2389,23721131428087,23721131498918,70.831,1001.414,0.301,0
2390,23721132428087,23721132498303,70.216,999.385,0.298,0
2391,23721133428087,23721133482529,54.442,984.226,0.300,0
2392,23721134428087,23721134434702,6.615,952.173,0.305,0
2393,23721135428087,23721135500365,72.278,1065.663,0.307,0
2394,23721136428087,23721136498040,69.953,997.675,0.305,0
2395,23721137428087,23721137498288,70.201,1000.248,0.304,0
2396,23721138428087,23721138499481,71.394,1001.193,0.294,0
2397,23721139428087,23721139498258,70.171,998.777,0.300,0
2398,23721140428087,23721140497897,69.810,999.639,0.305,0
2399,23721141428087,23721141499033,70.946,1001.136,0.299,0
2400,23721142428087,23721142497887,69.800,998.854,0.303,0
2401,23721143428087,23721143497374,69.287,999.487,0.308,0
2402,23721144428087,23721144434617,6.530,937.243,0.323,0
2403,23721145428087,23721145498767,70.680,1064.150,0.301,0
2404,23721146428087,23721146497639,69.552,998.872,0.304,0
2405,23721147428087,23721147499528,71.441,1001.889,0.301,0
2406,23721148428087,23721148499576,71.489,1000.048,0.317,0
2407,23721149428087,23721149504300,76.213,1004.724,0.319,0
2408,23721150428087,23721150498583,70.496,994.283,0.294,0
2409,23721151428087,23721151496847,68.760,998.264,0.315,0
2410,23721152428087,23721152497864,69.777,1001.017,0.309,0
2411,23721153428087,23721153496914,68.827,999.050,0.303,0
2412,23721154428087,23721154434588,6.501,937.674,0.327,0
2413,23721155428087,23721155498534,70.447,1063.946,0.317,0
2414,23721156428087,23721156501551,73.464,1003.017,0.303,0
2415,23721157428087,23721157499901,71.814,998.350,0.305,0
2416,23721158428087,23721158499033,70.946,999.132,0.299,0
2417,23721159428087,23721159499126,71.039,1000.093,0.292,0
2418,23721160428087,23721160497664,69.577,998.538,0.300,0
2419,23721161428087,23721161499039,70.952,1001.375,0.303,0
2420,23721162428087,23721162500913,72.826,1001.874,0.308,0
2421,23721163428087,23721163498905,70.818,997.992,0.301,0
2422,23721164428087,23721164434651,6.564,935.746,0.327,0
2423,23721165428087,23721165497276,69.189,1062.625,0.301,0
2424,23721166428087,23721166498965,70.878,1001.689,0.308,0
2425,23721167428087,23721167497471,69.384,998.506,0.297,0
2426,23721168428087,23721168497036,68.949,999.565,0.300,0
2427,23721169428087,23721169498809,70.722,1001.773,0.360,0
2428,23721170428087,23721170501229,73.142,1002.420,0.321,0
2429,23721171428087,23721171499273,71.186,998.044,0.313,0
2430,23721172428087,23721172494877,66.790,995.604,0.313,0
2431,23721173428087,23721173497611,69.524,1002.734,0.328,0
2432,23721174428087,23721174434489,6.402,936.878,0.313,0
2433,23721175428087,23721175499588,71.501,1065.099,0.322,0
2434,23721176428087,23721176499722,71.635,1000.134,0.307,0
2435,23721177428087,23721177498308,70.221,998.586,0.311,0
2436,23721178428087,23721178501280,73.193,1002.972,0.296,0
2437,23721179428087,23721179498542,70.455,997.262,0.320,0
2438,23721180428087,23721180497630,69.543,999.088,0.310,0
2439,23721181428087,23721181497379,69.292,999.749,0.308,0
2440,23721182428087,23721182499448,71.361,1002.069,0.315,0
2441,23721183428087,23721183498970,70.883,999.522,0.309,0
2442,23721184428087,23721184435051,6.964,936.081,0.337,0
2443,23721185428087,23721185498724,70.637,1063.673,0.306,0
2444,23721186428087,23721186500732,72.645,1002.008,0.330,0
2445,23721187428087,23721187498028,69.941,997.296,0.318,0
2446,23721188428087,23721188499365,71.278,1001.337,0.316,0
2447,23721189428087,23721189497314,69.227,997.949,0.316,0
2448,23721190428087,23721190497956,69.869,1000.642,0.306,0
2449,23721191428087,23721191497569,69.482,999.613,0.314,0
2450,23721192428087,23721192498794,70.707,1001.225,0.312,0
2451,23721193428087,23721193499096,71.009,1000.302,0.294,0
2452,23721194428087,23721194434435,6.348,935.339,0.320,0
2453,23721195428087,23721195498773,70.686,1064.338,0.306,0
2454,23721196428087,23721196498879,70.792,1000.106,0.322,0
2455,23721197428087,23721197497837,69.750,998.958,0.306,0
2456,23721198428087,23721198498102,70.015,1000.265,0.315,0
2457,23721199428087,23721199499704,71.617,1001.602,0.315,0
2458,23721200428087,23721200498551,70.464,998.847,0.317,0
2459,23721201428087,23721201497634,69.547,999.083,0.308,0
2460,23721202428087,23721202497424,69.337,999.790,0.315,0
2461,23721203428087,23721203498749,70.662,1001.325,0.309,0
2462,23721204428087,23721204434603,6.516,935.854,0.330,0
2463,23721205428087,23721205499175,71.088,1064.572,0.304,0
2464,23721206428087,23721206498754,70.667,999.579,0.313,0
2465,23721207428087,23721207499634,71.547,1000.880,0.300,0
2466,23721208428087,23721208503136,75.049,1003.502,0.317,0
2467,23721209428087,23721209497854,69.767,994.718,0.327,0
2468,23721210428087,23721210497909,69.822,1000.055,0.309,0
2469,23721211428087,23721211501291,73.204,1003.382,0.314,0
2470,23721212428087,23721212497368,69.281,996.077,0.337,0
2471,23721213428087,23721213498008,69.921,1000.640,0.309,0
2472,23721214428087,23721214434543,6.456,936.535,0.319,0
2473,23721215428087,23721215498302,70.215,1063.759,0.329,0
2474,23721216428087,23721216497375,69.288,999.073,0.318,0
2475,23721217428087,23721217499111,71.024,1001.736,0.317,0
2476,23721218428087,23721218497690,69.603,998.579,0.318,0
2477,23721219428087,23721219498666,70.579,1000.976,0.308,0
2478,23721220428087,23721220495013,66.926,996.347,0.318,0
2479,23721221428087,23721221497292,69.205,1002.279,0.327,0
2480,23721222428087,23721222498909,70.822,1001.617,0.331,0
2481,23721223428087,23721223499843,71.756,1000.934,0.317,0
2482,23721224428087,23721224434635,6.548,934.792,0.339,0
2483,23721225428087,23721225499116,71.029,1064.481,0.332,0
2484,23721226428087,23721226501061,72.974,1001.945,0.328,0
2485,23721227428087,23721227502954,74.867,1001.893,0.320,0
2486,23721228428087,23721228498779,70.692,995.825,0.318,0
2487,23721229428087,23721229497110,69.023,998.331,0.332,0
2488,23721230428087,23721230501300,73.213,1004.190,0.323,0
2489,23721231428087,23721231497687,69.600,996.387,0.304,0
2490,23721232428087,23721232497535,69.448,999.848,0.316,0
2491,23721233428087,23721233501579,73.492,1004.044,0.328,0
2492,23721234428087,23721234441870,13.783,940.291,0.321,0
2493,23721235428087,23721235503498,75.411,1061.628,0.309,0
2494,23721236428087,23721236500717,72.630,997.219,0.318,0
2495,23721237428087,23721237498872,70.785,998.155,0.305,0
2496,23721238428087,23721238498508,70.421,999.636,0.306,0
2497,23721239428087,23721239497532,69.445,999.024,0.321,0
2498,23721240428087,23721240500109,72.022,1002.577,0.312,0
2499,23721241428087,23721241497518,69.431,997.409,0.314,0
2500,23721242428087,23721242500576,72.489,1003.058,0.320,0
2501,23721243428087,23721243461642,33.555,961.066,0.323,0
2502,23721244428087,23721244434527,6.440,972.885,0.334,0
2503,23721245428087,23721245498359,70.272,1063.832,0.328,0
2504,23721246428087,23721246497865,69.778,999.506,0.314,0
2505,23721247428087,23721247498677,70.590,1000.812,0.321,0
2506,23721248428087,23721248497352,69.265,998.675,0.320,0
2507,23721249428087,23721249498078,69.991,1000.726,0.321,0
2508,23721250428087,23721250500110,72.023,1002.032,0.322,0
2509,23721251428087,23721251498904,70.817,998.794,0.322,0
2510,23721252428087,23721252497570,69.483,998.666,0.316,0
2511,23721253428087,23721253498946,70.859,1001.376,0.308,0
2512,23721254428087,23721254434459,6.372,935.513,0.305,0
2513,23721255428087,23721255499402,71.315,1064.943,0.321,0
2514,23721256428087,23721256435044,6.957,935.642,0.409,0
2515,23721257428087,23721257500394,72.307,1065.350,0.328,0
2516,23721258428087,23721258499260,71.173,998.866,0.337,0
2517,23721259428087,23721259499412,71.325,1000.152,0.315,0
2518,23721260428087,23721260498534,70.447,999.122,0.327,0
2519,23721261428087,23721261500118,72.031,1001.584,0.293,0
2520,23721262428087,23721262499729,71.642,999.611,0.310,0
2521,23721263428087,23721263499591,71.504,999.862,0.316,0
2522,23721264428087,23721264434555,6.468,934.964,0.350,0
2523,23721265428087,23721265498454,70.367,1063.899,0.326,0
2524,23721266428087,23721266499226,71.139,1000.772,0.328,0
2525,23721267428087,23721267504250,76.163,1005.024,0.314,0
2526,23721268428087,23721268498597,70.510,994.347,0.303,0
2527,23721269428087,23721269498545,70.458,999.948,0.315,0
2528,23721270428087,23721270497983,69.896,999.438,0.316,0
2529,23721271428087,23721271456825,28.738,958.842,0.300,0
2530,23721272428087,23721272514968,86.881,1058.143,0.316,0
2531,23721273428087,23721273499260,71.173,984.292,0.332,0
2532,23721274428087,23721274434566,6.479,935.306,0.316,0
2533,23721275428087,23721275499941,71.854,1065.375,0.314,0
2534,23721276428087,23721276499224,71.137,999.283,0.317,0
2535,23721277428087,23721277502985,74.898,1003.761,0.311,0
2536,23721278428087,23721278499116,71.029,996.131,0.315,0
2537,23721279428087,23721279498312,70.225,999.196,0.315,0
2538,23721280428087,23721280500375,72.288,1002.063,0.315,0
2539,23721281428087,23721281498967,70.880,998.592,0.328,0
2540,23721282428087,23721282499404,71.317,1000.437,0.320,0
2541,23721283428087,23721283499043,70.956,999.639,0.317,0
2542,23721284428087,23721284434971,6.884,935.928,0.331,0
2543,23721285428087,23721285499891,71.804,1064.920,0.318,0
2544,23721286428087,23721286499606,71.519,999.715,0.309,0
2545,23721287428087,23721287499615,71.528,1000.009,0.325,0
2546,23721288428087,23721288498394,70.307,998.779,0.321,0
2547,23721289428087,23721289469854,41.767,971.460,0.324,0
2548,23721290428087,23721290501071,72.984,1031.217,0.307,0
2549,23721291428087,23721291502285,74.198,1001.214,0.315,0
2550,23721292428087,23721292498946,70.859,996.661,0.304,0
2551,23721293428087,23721293502237,74.150,1003.291,0.317,0
2552,23721294428087,23721294434453,6.366,932.216,0.333,0
2553,23721295428087,23721295499234,71.147,1064.781,0.326,0
2554,23721296428087,23721296498484,70.397,999.250,0.315,0
2555,23721297428087,23721297498874,70.787,1000.390,0.313,0
2556,23721298428087,23721298499506,71.419,1000.632,0.323,0
2557,23721299428087,23721299498645,70.558,999.139,0.311,0
2558,23721300428087,23721300499889,71.802,1001.244,0.316,0
2559,23721301428087,23721301498962,70.875,999.073,0.326,0
2560,23721302428087,23721302498463,70.376,999.501,0.305,0
2561,23721303428087,23721303497860,69.773,999.397,0.304,0
2562,23721304428087,23721304434486,6.399,936.626,0.335,0
2563,23721305428087,23721305497180,69.093,1062.694,0.320,0
2564,23721306428087,23721306500587,72.500,1003.407,0.333,0
2565,23721307428087,23721307497242,69.155,996.655,0.328,0
2566,23721308428087,23721308498509,70.422,1001.267,0.303,0
2567,23721309428087,23721309500399,72.312,1001.890,0.312,0
2568,23721310428087,23721310498674,70.587,998.275,0.386,0
2569,23721311428087,23721311500039,71.952,1001.365,0.314,0
2570,23721312428087,23721312500055,71.968,1000.016,0.310,0
2571,23721313428087,23721313498549,70.462,998.494,0.308,0
2572,23721314428087,23721314434581,6.494,936.032,0.307,0
2573,23721315428087,23721315498919,70.832,1064.338,0.307,0
2574,23721316428087,23721316498241,70.154,999.322,0.311,0
2575,23721317428087,23721317498839,70.752,1000.598,0.320,0
2576,23721318428087,23721318499044,70.957,1000.205,0.310,0
2577,23721319428087,23721319498240,70.153,999.196,0.309,0
2578,23721320428087,23721320499871,71.784,1001.631,0.316,0
2579,23721321428087,23721321499392,71.305,999.521,0.324,0
2580,23721322428087,23721322500370,72.283,1000.978,0.322,0
2581,23721323428087,23721323461141,33.054,960.771,0.325,0
2582,23721324428087,23721324434625,6.538,973.484,0.351,0
2583,23721325428087,23721325499074,70.987,1064.449,0.325,0
2584,23721326428087,23721326499138,71.051,1000.064,0.322,0
2585,23721327428087,23721327499098,71.011,999.960,0.313,0
2586,23721328428087,23721328497969,69.882,998.871,0.312,0
2587,23721329428087,23721329499547,71.460,1001.578,0.318,0
2588,23721330428087,23721330499892,71.805,1000.345,0.323,0
2589,23721331428087,23721331499370,71.283,999.478,0.304,0
2590,23721332428087,23721332498595,70.508,999.225,0.315,0
2591,23721333428087,23721333499236,71.149,1000.641,0.326,0
2592,23721334428087,23721334434540,6.453,935.304,0.318,0
2593,23721335428087,23721335433385,5.298,998.845,0.326,0
2594,23721336428087,23721336498582,70.495,1065.197,0.324,0
2595,23721337428087,23721337499121,71.034,1000.539,0.329,0
2596,23721338428087,23721338436862,8.775,937.741,0.345,0
2597,23721339428087,23721339496599,68.512,1059.737,0.316,0
2598,23721340428087,23721340499042,70.955,1002.443,0.307,0
2599,23721341428087,23721341495040,66.953,995.998,0.378,0
2600,23721342428087,23721342497476,69.389,1002.436,0.322,0
2601,23721343428087,23721343498222,70.135,1000.746,0.298,0
2602,23721344428087,23721344434617,6.530,936.395,0.337,0
2603,23721345428087,23721345498001,69.914,1063.384,0.314,0
2604,23721346428087,23721346499019,70.932,1001.018,0.322,0
2605,23721347428087,23721347502287,74.200,1003.268,0.310,0
2606,23721348428087,23721348499129,71.042,996.842,0.317,0
2607,23721349428087,23721349499229,71.142,1000.100,0.330,0
2608,23721350428087,23721350497027,68.940,997.798,0.310,0
2609,23721351428087,23721351496771,68.684,999.744,0.328,0
2610,23721352428087,23721352497225,69.138,1000.454,0.317,0
2611,23721353428087,23721353498583,70.496,1001.358,0.306,0
2612,23721354428087,23721354434430,6.343,935.847,0.322,0
2613,23721355428087,23721355501421,73.334,1066.991,0.335,0
2614,23721356428087,23721356497164,69.077,995.743,0.306,0
2615,23721357428087,23721357495701,67.614,998.537,0.316,0
2616,23721358428087,23721358497755,69.668,1002.054,0.313,0
2617,23721359428087,23721359498894,70.807,1001.139,0.316,0
2618,23721360428087,23721360497649,69.562,998.755,0.314,0
2619,23721361428087,23721361498560,70.473,1000.911,0.331,0
2620,23721362428087,23721362499125,71.038,1000.565,0.325,0
2621,23721363428087,23721363501965,73.878,1002.840,0.321,0
2622,23721364428087,23721364434529,6.442,932.564,0.339,0
2623,23721365428087,23721365497702,69.615,1063.173,0.327,0
2624,23721366428087,23721366497617,69.530,999.915,0.333,0
2625,23721367428087,23721367499432,71.345,1001.815,0.312,0
2626,23721368428087,23721368497340,69.253,997.908,0.322,0
2627,23721369428087,23721369498941,70.854,1001.601,0.315,0
2628,23721370428087,23721370499250,71.163,1000.309,0.320,0
2629,23721371428087,23721371501172,73.085,1001.922,0.317,0
2630,23721372428087,23721372497633,69.546,996.461,0.377,0
2631,23721373428087,23721373497515,69.428,999.882,0.315,0
2632,23721374428087,23721374434423,6.336,936.908,0.315,0
2633,23721375428087,23721375498852,70.765,1064.429,0.296,0
2634,23721376428087,23721376496587,68.500,997.735,0.333,0
2635,23721377428087,23721377498270,70.183,1001.683,0.337,0
2636,23721378428087,23721378501739,73.652,1003.469,0.317,0
2637,23721379428087,23721379497494,69.407,995.755,0.321,0
2638,23721380428087,23721380497495,69.408,1000.001,0.317,0
2639,23721381428087,23721381497615,69.528,1000.120,0.317,0
2640,23721382428087,23721382497116,69.029,999.501,0.304,0
2641,23721383428087,23721383498706,70.619,1001.590,0.327,0
2642,23721384428087,23721384434908,6.821,936.202,0.334,0
2643,23721385428087,23721385433526,5.439,998.618,0.336,0
2644,23721386428087,23721386498398,70.311,1064.872,0.318,0
2645,23721387428087,23721387498142,70.055,999.744,0.309,0
2646,23721388428087,23721388497379,69.292,999.237,0.318,0
2647,23721389428087,23721389498712,70.625,1001.333,0.314,0
2648,23721390428087,23721390497591,69.504,998.879,0.315,0
2649,23721391428087,23721391498163,70.076,1000.572,0.315,0
2650,23721392428087,23721392497115,69.028,998.952,0.322,0
2651,23721393428087,23721393497984,69.897,1000.869,0.324,0
2652,23721394428087,23721394434499,6.412,936.515,0.315,0
2653,23721395428087,23721395498739,70.652,1064.240,0.301,0
2654,23721396428087,23721396497702,69.615,998.963,0.311,0
2655,23721397428087,23721397498385,70.298,1000.683,0.313,0
2656,23721398428087,23721398497172,69.085,998.787,0.302,0
2657,23721399428087,23721399498274,70.187,1001.102,0.324,0
2658,23721400428087,23721400499617,71.530,1001.343,0.326,0
2659,23721401428087,23721401497600,69.513,997.983,0.312,0
2660,23721402428087,23721402498787,70.700,1001.187,0.316,0
2661,23721403428087,23721403503321,75.234,1004.534,0.322,0
2662,23721404428087,23721404434547,6.460,931.226,0.404,0
2663,23721405428087,23721405494294,66.207,1059.747,0.323,0
2664,23721406428087,23721406499561,71.474,1005.267,0.300,0
2665,23721407428087,23721407498709,70.622,999.148,0.315,0
2666,23721408428087,23721408497497,69.410,998.788,0.303,0
2667,23721409428087,23721409497400,69.313,999.903,0.323,0
2668,23721410428087,23721410498534,70.447,1001.134,0.317,0
2669,23721411428087,23721411501374,73.287,1002.840,0.323,0
2670,23721412428087,23721412498349,70.262,996.975,0.315,0
2671,23721413428087,23721413498088,70.001,999.739,0.299,0
2672,23721414428087,23721414434505,6.418,936.417,0.330,0
2673,23721415428087,23721415499368,71.281,1064.863,0.333,0
2674,23721416428087,23721416497436,69.349,998.068,0.314,0
2675,23721417428087,23721417434303,6.216,936.867,0.321,0
2676,23721418428087,23721418500287,72.200,1065.984,0.316,0
2677,23721419428087,23721419500815,72.728,1000.528,0.318,0
2678,23721420428087,23721420500092,72.005,999.277,0.312,0
2679,23721421428087,23721421501130,73.043,1001.038,0.310,0
2680,23721422428087,23721422502255,74.168,1001.125,0.305,0
2681,23721423428087,23721423498686,70.599,996.431,0.319,0
2682,23721424428087,23721424434491,6.404,935.805,0.328,0
2683,23721425428087,23721425499019,70.932,1064.528,0.323,0
2684,23721426428087,23721426498172,70.085,999.153,0.331,0
2685,23721427428087,23721427502086,73.999,1003.914,0.329,0
2686,23721428428087,23721428503353,75.266,1001.267,0.332,0
2687,23721429428087,23721429498381,70.294,995.028,0.303,0
2688,23721430428087,23721430500558,72.471,1002.177,0.315,0
2689,23721431428087,23721431504088,76.001,1003.530,0.313,0
2690,23721432428087,23721432498357,70.270,994.269,0.304,0
2691,23721433428087,23721433499427,71.340,1001.070,0.308,0
2692,23721434428087,23721434434701,6.614,935.274,0.322,0
2693,23721435428087,23721435461508,33.421,1026.807,0.379,0
2694,23721436428087,23721436498549,70.462,1037.041,0.305,0
2695,23721437428087,23721437498698,70.611,1000.149,0.322,0
2696,23721438428087,23721438499500,71.413,1000.802,0.300,0
2697,23721439428087,23721439498453,70.366,998.953,0.318,0
2698,23721440428087,23721440498657,70.570,1000.204,0.325,0
2699,23721441428087,23721441500526,72.439,1001.869,0.308,0
2700,23721442428087,23721442498181,70.094,997.655,0.311,0
2701,23721443428087,23721443498657,70.570,1000.476,0.316,0
2702,23721444428087,23721444434637,6.550,935.980,0.337,0
2703,23721445428087,23721445498260,70.173,1063.623,0.307,0
2704,23721446428087,23721446499466,71.379,1001.206,0.321,0
2705,23721447428087,23721447498463,70.376,998.997,0.314,0
2706,23721448428087,23721448499439,71.352,1000.976,0.304,0
2707,23721449428087,23721449499484,71.397,1000.045,0.321,0
2708,23721450428087,23721450499619,71.532,1000.135,0.324,0
2709,23721451428087,23721451499369,71.282,999.750,0.305,0
2710,23721452428087,23721452500414,72.327,1001.045,0.318,0
2711,23721453428087,23721453498820,70.733,998.406,0.324,0
2712,23721454428087,23721454434621,6.534,935.801,0.323,0
2713,23721455428087,23721455499284,71.197,1064.663,0.324,0
2714,23721456428087,23721456498764,70.677,999.480,0.317,0
2715,23721457428087,23721457500194,72.107,1001.430,0.327,0
2716,23721458428087,23721458498080,69.993,997.886,0.310,0
2717,23721459428087,23721459499370,71.283,1001.290,0.319,0
2718,23721460428087,23721460499907,71.820,1000.537,0.316,0
2719,23721461428087,23721461498910,70.823,999.003,0.321,0
2720,23721462428087,23721462495823,67.736,996.913,0.339,0
2721,23721463428087,23721463498556,70.469,1002.733,0.304,0
2722,23721464428087,23721464434552,6.465,935.996,0.342,0
2723,23721465428087,23721465499373,71.286,1064.821,0.318,0
2724,23721466428087,23721466499077,70.990,999.704,0.372,0
2725,23721467428087,23721467498416,70.329,999.339,0.326,0
2726,23721468428087,23721468499406,71.319,1000.990,0.328,0
2727,23721469428087,23721469500432,72.345,1001.026,0.308,0
2728,23721470428087,23721470498143,70.056,997.711,0.307,0
2729,23721471428087,23721471498375,70.288,1000.232,0.309,0
2730,23721472428087,23721472497518,69.431,999.143,0.307,0
2731,23721473428087,23721473500064,71.977,1002.546,0.321,0
2732,23721474428087,23721474434506,6.419,934.442,0.325,0
2733,23721475428087,23721475501435,73.348,1066.929,0.329,0
2734,23721476428087,23721476502712,74.625,1001.277,0.318,0
2735,23721477428087,23721477502031,73.944,999.319,0.325,0
2736,23721478428087,23721478496524,68.437,994.493,0.320,0
2737,23721479428087,23721479498739,70.652,1002.215,0.317,0
2738,23721480428087,23721480498432,70.345,999.693,0.318,0
2739,23721481428087,23721481499482,71.395,1001.050,0.332,0
2740,23721482428087,23721482498623,70.536,999.141,0.323,0
2741,23721483428087,23721483500035,71.948,1001.412,0.307,0
2742,23721484428087,23721484434911,6.824,934.876,0.331,0
2743,23721485428087,23721485500557,72.470,1065.646,0.322,0
2744,23721486428087,23721486498663,70.576,998.106,0.321,0
2745,23721487428087,23721487499142,71.055,1000.479,0.313,0
2746,23721488428087,23721488498613,70.526,999.471,0.322,0
2747,23721489428087,23721489499141,71.054,1000.528,0.308,0
2748,23721490428087,23721490498703,70.616,999.562,0.324,0
2749,23721491428087,23721491501157,73.070,1002.454,0.305,0
2750,23721492428087,23721492473154,45.067,971.997,0.315,0
2751,23721493428087,23721493499293,71.206,1026.139,0.333,0
2752,23721494428087,23721494434519,6.432,935.226,0.322,0
2753,23721495428087,23721495498127,70.040,1063.608,0.323,0
2754,23721496428087,23721496498393,70.306,1000.266,0.312,0
2755,23721497428087,23721497499164,71.077,1000.771,0.362,0
2756,23721498428087,23721498499571,71.484,1000.407,0.323,0
2757,23721499428087,23721499499814,71.727,1000.243,0.312,0
2758,23721500428087,23721500498223,70.136,998.409,0.334,0
2759,23721501428087,23721501499087,71.000,1000.864,0.320,0
2760,23721502428087,23721502499643,71.556,1000.556,0.310,0
2761,23721503428087,23721503499970,71.883,1000.327,0.329,0
2762,23721504428087,23721504434494,6.407,934.524,0.350,0
2763,23721505428087,23721505498376,70.289,1063.882,0.325,0
2764,23721506428087,23721506500101,72.014,1001.725,0.319,0
2765,23721507428087,23721507498509,70.422,998.408,0.318,0
2766,23721508428087,23721508499068,70.981,1000.559,0.316,0
2767,23721509428087,23721509498374,70.287,999.306,0.301,0
2768,23721510428087,23721510499629,71.542,1001.255,0.315,0
2769,23721511428087,23721511435568,7.481,935.939,0.355,0
2770,23721512428087,23721512498762,70.675,1063.194,0.324,0
2771,23721513428087,23721513500776,72.689,1002.014,0.306,0
2772,23721514428087,23721514434445,6.358,933.669,0.330,0
2773,23721515428087,23721515498714,70.627,1064.269,0.320,0
2774,23721516428087,23721516499594,71.507,1000.880,0.324,0
2775,23721517428087,23721517499022,70.935,999.428,0.322,0
2776,23721518428087,23721518498429,70.342,999.407,0.328,0
2777,23721519428087,23721519497184,69.097,998.755,0.320,0
2778,23721520428087,23721520499578,71.491,1002.394,0.335,0
2779,23721521428087,23721521498022,69.935,998.444,0.322,0
2780,23721522428087,23721522466514,38.427,968.492,0.339,0
2781,23721523428087,23721523499577,71.490,1033.063,0.325,0
2782,23721524428087,23721524434498,6.411,934.921,0.357,0
2783,23721525428087,23721525498009,69.922,1063.511,0.320,0
2784,23721526428087,23721526495897,67.810,997.888,0.329,0
2785,23721527428087,23721527440028,11.941,944.131,0.329,0
2786,23721528428087,23721528498371,70.284,1058.343,0.318,0
2787,23721529428087,23721529499663,71.576,1001.292,0.402,0
2788,23721530428087,23721530498557,70.470,998.894,0.313,0
2789,23721531428087,23721531498277,70.190,999.720,0.333,0
2790,23721532428087,23721532516334,88.247,1018.057,0.304,0
2791,23721533428087,23721533435472,7.385,919.138,0.345,0
2792,23721534428087,23721534434504,6.417,999.032,0.320,0
2793,23721535428087,23721535498410,70.323,1063.906,0.339,0
2794,23721536428087,23721536431145,3.058,932.735,0.169,0
2795,23721537428087,23721537498166,70.079,1067.021,0.329,0
2796,23721538428087,23721538497646,69.559,999.480,0.336,0
2797,23721539428087,23721539499768,71.681,1002.122,0.344,0
2798,23721540428087,23721540501848,73.761,1002.080,0.307,0
2799,23721541428087,23721541497525,69.438,995.677,0.313,0
2800,23721542428087,23721542496119,68.032,998.594,0.302,0
2801,23721543428087,23721543498593,70.506,1002.474,0.324,0
2802,23721544428087,23721544434638,6.551,936.045,0.336,0
2803,23721545428087,23721545499920,71.833,1065.282,0.325,0
2804,23721546428087,23721546499576,71.489,999.656,0.323,0
2805,23721547428087,23721547499466,71.379,999.890,0.319,0
2806,23721548428087,23721548497302,69.215,997.836,0.321,0
2807,23721549428087,23721549499481,71.394,1002.179,0.335,0
2808,23721550428087,23721550497707,69.620,998.226,0.322,0
2809,23721551428087,23721551497497,69.410,999.790,0.301,0
2810,23721552428087,23721552499295,71.208,1001.798,0.326,0
2811,23721553428087,23721553498167,70.080,998.872,0.310,0
2812,23721554428087,23721554434622,6.535,936.455,0.339,0
2813,23721555428087,23721555499441,71.354,1064.819,0.314,0
2814,23721556428087,23721556444954,16.867,945.513,0.342,0
2815,23721557428087,23721557499133,71.046,1054.179,0.323,0
2816,23721558428087,23721558497989,69.902,998.856,0.328,0
2817,23721559428087,23721559498299,70.212,1000.310,0.333,0
2818,23721560428087,23721560498457,70.370,1000.158,0.376,0
2819,23721561428087,23721561498072,69.985,999.615,0.332,0
2820,23721562428087,23721562498129,70.042,1000.057,0.323,0
2821,23721563428087,23721563499252,71.165,1001.123,0.318,0
2822,23721564428087,23721564434510,6.423,935.258,0.352,0
2823,23721565428087,23721565497840,69.753,1063.330,0.316,0
2824,23721566428087,23721566498102,70.015,1000.262,0.324,0
2825,23721567428087,23721567498153,70.066,1000.051,0.321,0
2826,23721568428087,23721568497691,69.604,999.538,0.328,0
2827,23721569428087,23721569498312,70.225,1000.621,0.329,0
2828,23721570428087,23721570497406,69.319,999.094,0.307,0
2829,23721571428087,23721571497961,69.874,1000.555,0.315,0
2830,23721572428087,23721572497401,69.314,999.440,0.312,0
2831,23721573428087,23721573498591,70.504,1001.190,0.318,0
2832,23721574428087,23721574447384,19.297,948.793,0.347,0
2833,23721575428087,23721575497711,69.624,1050.327,0.329,0
2834,23721576428087,23721576497576,69.489,999.865,0.334,0
2835,23721577428087,23721577499087,71.000,1001.511,0.340,0
2836,23721578428087,23721578498989,70.902,999.902,0.323,0
2837,23721579428087,23721579499106,71.019,1000.117,0.328,0
2838,23721580428087,23721580497594,69.507,998.488,0.315,0
2839,23721581428087,23721581498081,69.994,1000.487,0.321,0
2840,23721582428087,23721582497397,69.310,999.316,0.327,0
2841,23721583428087,23721583497385,69.298,999.988,0.316,0
2842,23721584428087,23721584435032,6.945,937.647,0.348,0
2843,23721585428087,23721585497722,69.635,1062.690,0.325,0
2844,23721586428087,23721586498504,70.417,1000.782,0.316,0
2845,23721587428087,23721587497605,69.518,999.101,0.309,0
2846,23721588428087,23721588497300,69.213,999.695,0.317,0
2847,23721589428087,23721589499694,71.607,1002.394,0.337,0
2848,23721590428087,23721590496132,68.045,996.438,0.315,0
2849,23721591428087,23721591499310,71.223,1003.178,0.388,0
2850,23721592428087,23721592498404,70.317,999.094,0.315,0
2851,23721593428087,23721593499517,71.430,1001.113,0.303,0
2852,23721594428087,23721594434466,6.379,934.949,0.334,0
2853,23721595428087,23721595498183,70.096,1063.717,0.324,0
2854,23721596428087,23721596502540,74.453,1004.357,0.323,0
2855,23721597428087,23721597499167,71.080,996.627,0.301,0
2856,23721598428087,23721598498405,70.318,999.238,0.311,0
2857,23721599428087,23721599498343,70.256,999.938,0.345,0
2858,23721600428087,23721600499351,71.264,1001.008,0.311,0
2859,23721601428087,23721601499629,71.542,1000.278,0.329,0
2860,23721602428087,23721602499721,71.634,1000.092,0.315,0
2861,23721603428087,23721603500206,72.119,1000.485,0.313,0
2862,23721604428087,23721604434499,6.412,934.293,0.343,0
2863,23721605428087,23721605500428,72.341,1065.929,0.324,0
2864,23721606428087,23721606435240,7.153,934.812,0.346,0
2865,23721607428087,23721607498411,70.324,1063.171,0.319,0
2866,23721608428087,23721608498855,70.768,1000.444,0.313,0
2867,23721609428087,23721609499399,71.312,1000.544,0.324,0
2868,23721610428087,23721610498946,70.859,999.547,0.311,0
2869,23721611428087,23721611498883,70.796,999.937,0.326,0
2870,23721612428087,23721612502323,74.236,1003.440,0.317,0
2871,23721613428087,23721613498705,70.618,996.382,0.330,0
2872,23721614428087,23721614434525,6.438,935.820,0.328,0
2873,23721615428087,23721615498590,70.503,1064.065,0.333,0
2874,23721616428087,23721616498998,70.911,1000.408,0.331,0
2875,23721617428087,23721617499568,71.481,1000.570,0.322,0
2876,23721618428087,23721618499476,71.389,999.908,0.323,0
2877,23721619428087,23721619499576,71.489,1000.100,0.327,0
2878,23721620428087,23721620500912,72.825,1001.336,0.321,0
2879,23721621428087,23721621498182,70.095,997.270,0.322,0
2880,23721622428087,23721622498326,70.239,1000.144,0.387,0
2881,23721623428087,23721623500640,72.553,1002.314,0.321,0
2882,23721624428087,23721624434504,6.417,933.864,0.338,0
2883,23721625428087,23721625498139,70.052,1063.635,0.323,0
2884,23721626428087,23721626465601,37.514,967.462,0.327,0
2885,23721627428087,23721627500485,72.398,1034.884,0.320,0
2886,23721628428087,23721628498116,70.029,997.631,0.319,0
2887,23721629428087,23721629500363,72.276,1002.247,0.318,0
2888,23721630428087,23721630498870,70.783,998.507,0.328,0
2889,23721631428087,23721631499194,71.107,1000.324,0.323,0
2890,23721632428087,23721632498136,70.049,998.942,0.319,0
2891,23721633428087,23721633499771,71.684,1001.635,0.312,0
2892,23721634428087,23721634434508,6.421,934.737,0.326,0
2893,23721635428087,23721635498301,70.214,1063.793,0.320,0
2894,23721636428087,23721636498402,70.315,1000.101,0.337,0
2895,23721637428087,23721637499459,71.372,1001.057,0.332,0
2896,23721638428087,23721638498381,70.294,998.922,0.327,0
2897,23721639428087,23721639498344,70.257,999.963,0.317,0
2898,23721640428087,23721640499182,71.095,1000.838,0.322,0
2899,23721641428087,23721641499084,70.997,999.902,0.307,0
2900,23721642428087,23721642499014,70.927,999.930,0.317,0
2901,23721643428087,23721643499661,71.574,1000.647,0.320,0
2902,23721644428087,23721644434524,6.437,934.863,0.350,0
2903,23721645428087,23721645499062,70.975,1064.538,0.324,0
2904,23721646428087,23721646498560,70.473,999.498,0.319,0
2905,23721647428087,23721647496716,68.629,998.156,0.311,0
2906,23721648428087,23721648499369,71.282,1002.653,0.325,0
2907,23721649428087,23721649499823,71.736,1000.454,0.344,0
2908,23721650428087,23721650500939,72.852,1001.116,0.315,0
2909,23721651428087,23721651499573,71.486,998.634,0.325,0
2910,23721652428087,23721652499265,71.178,999.692,0.319,0
2911,23721653428087,23721653499748,71.661,1000.483,0.333,0
2912,23721654428087,23721654434465,6.378,934.717,0.395,0
2913,23721655428087,23721655498440,70.353,1063.975,0.336,0
2914,23721656428087,23721656498086,69.999,999.646,0.336,0
2915,23721657428087,23721657498319,70.232,1000.233,0.326,0
2916,23721658428087,23721658431807,3.720,933.488,0.174,0
2917,23721659428087,23721659497342,69.255,1065.535,0.329,0
2918,23721660428087,23721660500963,72.876,1003.621,0.344,0
2919,23721661428087,23721661498198,70.111,997.235,0.316,0
2920,23721662428087,23721662501258,73.171,1003.060,0.306,0
2921,23721663428087,23721663495696,67.609,994.438,0.326,0
2922,23721664428087,23721664434466,6.379,938.770,0.353,0
2923,23721665428087,23721665497853,69.766,1063.387,0.338,0
2924,23721666428087,23721666497907,69.820,1000.054,0.308,0
2925,23721667428087,23721667498040,69.953,1000.133,0.333,0
2926,23721668428087,23721668500417,72.330,1002.377,0.338,0
2927,23721669428087,23721669498625,70.538,998.208,0.312,0
2928,23721670428087,23721670500037,71.950,1001.412,0.328,0
2929,23721671428087,23721671497752,69.665,997.715,0.325,0
2930,23721672428087,23721672498320,70.233,1000.568,0.324,0
2931,23721673428087,23721673497606,69.519,999.286,0.339,0
2932,23721674428087,23721674434456,6.369,936.850,0.332,0
2933,23721675428087,23721675499074,70.987,1064.618,0.336,0
2934,23721676428087,23721676500633,72.546,1001.559,0.326,0
2935,23721677428087,23721677498008,69.921,997.375,0.319,0
2936,23721678428087,23721678497591,69.504,999.583,0.321,0
2937,23721679428087,23721679498229,70.142,1000.638,0.303,0
2938,23721680428087,23721680498054,69.967,999.825,0.318,0
2939,23721681428087,23721681497671,69.584,999.617,0.328,0
2940,23721682428087,23721682498820,70.733,1001.149,0.341,0
2941,23721683428087,23721683498574,70.487,999.754,0.306,0
2942,23721684428087,23721684434811,6.724,936.237,0.331,0
2943,23721685428087,23721685498502,70.415,1063.691,0.390,0
2944,23721686428087,23721686497437,69.350,998.935,0.323,0
2945,23721687428087,23721687498941,70.854,1001.504,0.340,0
2946,23721688428087,23721688498157,70.070,999.216,0.344,0
2947,23721689428087,23721689499354,71.267,1001.197,0.334,0
2948,23721690428087,23721690497686,69.599,998.332,0.327,0
2949,23721691428087,23721691498563,70.476,1000.877,0.322,0
2950,23721692428087,23721692497779,69.692,999.216,0.320,0
2951,23721693428087,23721693497558,69.471,999.779,0.339,0
2952,23721694428087,23721694434655,6.568,937.097,0.325,0
2953,23721695428087,23721695497888,69.801,1063.233,0.333,0
2954,23721696428087,23721696498560,70.473,1000.672,0.316,0
2955,23721697428087,23721697497781,69.694,999.221,0.320,0
2956,23721698428087,23721698498240,70.153,1000.459,0.313,0
2957,23721699428087,23721699437387,9.300,939.147,0.322,0
2958,23721700428087,23721700498317,70.230,1060.930,0.317,0
2959,23721701428087,23721701497716,69.629,999.399,0.328,0
2960,23721702428087,23721702497492,69.405,999.776,0.333,0
2961,23721703428087,23721703497542,69.455,1000.050,0.319,0
2962,23721704428087,23721704434598,6.511,937.056,0.340,0
2963,23721705428087,23721705472981,44.894,1038.383,0.766,0
2964,23721706428087,23721706472591,44.504,999.610,0.323,0
2965,23721707428087,23721707498430,70.343,1025.839,0.308,0
2966,23721708428087,23721708499769,71.682,1001.339,0.312,0
2967,23721709428087,23721709497758,69.671,997.989,0.325,0
2968,23721710428087,23721710497841,69.754,1000.083,0.342,0
2969,23721711428087,23721711495939,67.852,998.098,0.337,0
2970,23721712428087,23721712497739,69.652,1001.800,0.327,0
2971,23721713428087,23721713498072,69.985,1000.333,0.314,0
2972,23721714428087,23721714434412,6.325,936.340,0.351,0
2973,23721715428087,23721715499639,71.552,1065.227,0.333,0
2974,23721716428087,23721716498360,70.273,998.721,0.363,0
2975,23721717428087,23721717498276,70.189,999.916,0.306,0
2976,23721718428087,23721718499576,71.489,1001.300,0.326,0
2977,23721719428087,23721719499063,70.976,999.487,0.304,0
2978,23721720428087,23721720498567,70.480,999.504,0.327,0
2979,23721721428087,23721721497555,69.468,998.988,0.320,0
2980,23721722428087,23721722498517,70.430,1000.962,0.297,0
2981,23721723428087,23721723498618,70.531,1000.101,0.317,0
2982,23721724428087,23721724436442,8.355,937.824,0.360,0
2983,23721725428087,23721725502348,74.261,1065.906,0.343,0
2984,23721726428087,23721726497576,69.489,995.228,0.330,0
2985,23721727428087,23721727495424,67.337,997.848,0.300,0
2986,23721728428087,23721728498761,70.674,1003.337,0.322,0
2987,23721729428087,23721729501221,73.134,1002.460,0.323,0
2988,23721730428087,23721730497853,69.766,996.632,0.320,0
2989,23721731428087,23721731499550,71.463,1001.697,0.317,0
2990,23721732428087,23721732499521,71.434,999.971,0.302,0
2991,23721733428087,23721733502784,74.697,1003.263,0.301,0
2992,23721734428087,23721734434648,6.561,931.864,0.305,0
2993,23721735428087,23721735497711,69.624,1063.063,0.316,0
2994,23721736428087,23721736499423,71.336,1001.712,0.300,0
2995,23721737428087,23721737497550,69.463,998.127,0.300,0
2996,23721738428087,23721738431708,3.621,934.158,0.134,0
2997,23721739428087,23721739497462,69.375,1065.754,0.315,0
2998,23721740428087,23721740500097,72.010,1002.635,0.322,0
2999,23721741428087,23721741497242,69.155,997.145,0.319,0
3000,23721742428087,23721742498152,70.065,1000.910,0.320,0
3001,23721743428087,23721743499348,71.261,1001.196,0.315,0
3002,23721744428087,23721744433442,5.355,934.094,0.333,0
3003,23721745428087,23721745497888,69.801,1064.446,0.310,0
3004,23721746428087,23721746499357,71.270,1001.469,0.307,0
3005,23721747428087,23721747497485,69.398,998.128,0.327,0
3006,23721748428087,23721748499209,71.122,1001.724,0.302,0
3007,23721749428087,23721749496480,68.393,997.271,0.312,0
3008,23721750428087,23721750498026,69.939,1001.546,0.319,0
3009,23721751428087,23721751498305,70.218,1000.279,0.314,0
3010,23721752428087,23721752497704,69.617,999.399,0.306,0
3011,23721753428087,23721753498017,69.930,1000.313,0.317,0
3012,23721754428087,23721754434525,6.438,936.508,0.318,0
3013,23721755428087,23721755497444,69.357,1062.919,0.312,0
3014,23721756428087,23721756497200,69.113,999.756,0.326,0
3015,23721757428087,23721757499384,71.297,1002.184,0.317,0
3016,23721758428087,23721758498222,70.135,998.838,0.357,0
3017,23721759428087,23721759498090,70.003,999.868,0.342,0
3018,23721760428087,23721760498474,70.387,1000.384,0.324,0
3019,23721761428087,23721761497637,69.550,999.163,0.336,0
3020,23721762428087,23721762498471,70.384,1000.834,0.360,0
3021,23721763428087,23721763497514,69.427,999.043,0.346,0
3022,23721764428087,23721764434621,6.534,937.107,0.333,0
3023,23721765428087,23721765497502,69.415,1062.881,0.342,0
3024,23721766428087,23721766497378,69.291,999.876,0.369,0
3025,23721767428087,23721767498217,70.130,1000.839,0.324,0
3026,23721768428087,23721768498596,70.509,1000.379,0.331,0
3027,23721769428087,23721769498986,70.899,1000.390,0.343,0
3028,23721770428087,23721770499756,71.669,1000.770,0.346,0
3029,23721771428087,23721771497936,69.849,998.180,0.323,0
3030,23721772428087,23721772497660,69.573,999.724,0.346,0
3031,23721773428087,23721773497685,69.598,1000.025,0.348,0
3032,23721774428087,23721774434451,6.364,936.766,0.354,0
3033,23721775428087,23721775502136,74.049,1067.685,0.344,0
3034,23721776428087,23721776498558,70.471,996.422,0.333,0
3035,23721777428087,23721777498226,70.139,999.668,0.356,0
3036,23721778428087,23721778498446,70.359,1000.220,0.343,0
3037,23721779428087,23721779498491,70.404,1000.045,0.346,0
3038,23721780428087,23721780497841,69.754,999.350,0.347,0
3039,23721781428087,23721781502299,74.212,1004.458,0.335,0
3040,23721782428087,23721782499390,71.303,997.091,0.353,0
3041,23721783428087,23721783498179,70.092,998.789,0.334,0
3042,23721784428087,23721784434862,6.775,936.683,0.331,0
3043,23721785428087,23721785498723,70.636,1063.861,0.356,0
3044,23721786428087,23721786498320,70.233,999.597,0.348,0
3045,23721787428087,23721787498292,70.205,999.972,0.357,0
3046,23721788428087,23721788483662,55.575,985.370,0.346,0
3047,23721789428087,23721789461643,33.556,977.981,0.374,0
3048,23721790428087,23721790471934,43.847,1010.291,0.869,0
3049,23721791428087,23721791472458,44.371,1000.524,0.841,0
3050,23721792428087,23721792473184,45.097,1000.726,0.829,0
3051,23721793428087,23721793473445,45.358,1000.261,0.810,0
3052,23721794428087,23721794434480,6.393,961.035,0.343,0
3053,23721795428087,23721795471550,43.463,1037.070,0.844,0
3054,23721796428087,23721796471411,43.324,999.861,0.873,0
3055,23721797428087,23721797473770,45.683,1002.359,0.809,0
3056,23721798428087,23721798499229,71.142,1025.459,0.342,0
3057,23721799428087,23721799498403,70.316,999.174,0.348,0
3058,23721800428087,23721800497448,69.361,999.045,0.340,0
3059,23721801428087,23721801498639,70.552,1001.191,0.322,0
3060,23721802428087,23721802498752,70.665,1000.113,0.342,0
3061,23721803428087,23721803499070,70.983,1000.318,0.326,0
3062,23721804428087,23721804434399,6.312,935.329,0.336,0
3063,23721805428087,23721805501526,73.439,1067.127,0.344,0
3064,23721806428087,23721806498591,70.504,997.065,0.358,0
3065,23721807428087,23721807498430,70.343,999.839,0.335,0
3066,23721808428087,23721808498364,70.277,999.934,0.365,0
3067,23721809428087,23721809498303,70.216,999.939,0.346,0
3068,23721810428087,23721810499059,70.972,1000.756,0.338,0
3069,23721811428087,23721811499016,70.929,999.957,0.355,0
3070,23721812428087,23721812498792,70.705,999.776,0.352,0
3071,23721813428087,23721813500412,72.325,1001.620,0.335,0
3072,23721814428087,23721814434464,6.377,934.052,0.350,0
3073,23721815428087,23721815498862,70.775,1064.398,0.343,0
3074,23721816428087,23721816498184,70.097,999.322,0.335,0
3075,23721817428087,23721817499301,71.214,1001.117,0.338,0
3076,23721818428087,23721818500137,72.050,1000.836,0.330,0
3077,23721819428087,23721819498711,70.624,998.574,0.367,0
3078,23721820428087,23721820498429,70.342,999.718,0.358,0
3079,23721821428087,23721821500800,72.713,1002.371,0.339,0
3080,23721822428087,23721822470138,42.051,969.338,0.353,0
3081,23721823428087,23721823484346,56.259,1014.208,0.352,0
3082,23721824428087,23721824434281,6.194,949.935,0.335,0
3083,23721825428087,23721825499091,71.004,1064.810,0.361,0
3084,23721826428087,23721826500048,71.961,1000.957,0.330,0
3085,23721827428087,23721827499228,71.141,999.180,0.357,0
3086,23721828428087,23721828498225,70.138,998.997,0.324,0
3087,23721829428087,23721829498411,70.324,1000.186,0.356,0
3088,23721830428087,23721830499228,71.141,1000.817,0.348,0
3089,23721831428087,23721831498353,70.266,999.125,0.343,0
3090,23721832428087,23721832496869,68.782,998.516,0.340,0
3091,23721833428087,23721833500642,72.555,1003.773,0.321,0
3092,23721834428087,23721834434790,6.703,934.148,0.356,0
3093,23721835428087,23721835499953,71.866,1065.163,0.346,0
3094,23721836428087,23721836431109,3.022,931.156,0.142,0
3095,23721837428087,23721837430478,2.391,999.369,0.068,0
3096,23721838428087,23721838499031,70.944,1068.553,0.324,0
3097,23721839428087,23721839490816,62.729,991.785,0.362,0
3098,23721840428087,23721840498897,70.810,1008.081,0.324,0
3099,23721841428087,23721841498152,70.065,999.255,0.338,0
3100,23721842428087,23721842498309,70.222,1000.157,0.353,0
3101,23721843428087,23721843498684,70.597,1000.375,0.322,0
3102,23721844428087,23721844434544,6.457,935.860,0.332,0
3103,23721845428087,23721845502225,74.138,1067.681,0.364,0
3104,23721846428087,23721846503611,75.524,1001.386,0.345,0
3105,23721847428087,23721847498814,70.727,995.203,0.360,0
3106,23721848428087,23721848498248,70.161,999.434,0.345,0
3107,23721849428087,23721849498337,70.250,1000.089,0.344,0
3108,23721850428087,23721850499797,71.710,1001.460,0.334,0
3109,23721851428087,23721851500260,72.173,1000.463,0.365,0
3110,23721852428087,23721852499592,71.505,999.332,0.326,0
3111,23721853428087,23721853500938,72.851,1001.346,0.355,0
3112,23721854428087,23721854434442,6.355,933.504,0.343,0
3113,23721855428087,23721855501043,72.956,1066.601,0.368,0
3114,23721856428087,23721856498899,70.812,997.856,0.334,0
3115,23721857428087,23721857498735,70.648,999.836,0.354,0
3116,23721858428087,23721858499392,71.305,1000.657,0.351,0
3117,23721859428087,23721859499161,71.074,999.769,0.337,0
3118,23721860428087,23721860498156,70.069,998.995,0.358,0
3119,23721861428087,23721861501892,73.805,1003.736,0.346,0
3120,23721862428087,23721862503252,75.165,1001.360,0.337,0
3121,23721863428087,23721863499128,71.041,995.876,0.335,0
3122,23721864428087,23721864434506,6.419,935.378,0.351,0
3123,23721865428087,23721865498645,70.558,1064.139,0.337,0
3124,23721866428087,23721866498508,70.421,999.863,0.342,0
3125,23721867428087,23721867498844,70.757,1000.336,0.357,0
3126,23721868428087,23721868499287,71.200,1000.443,0.337,0
3127,23721869428087,23721869500478,72.391,1001.191,0.338,0
3128,23721870428087,23721870498651,70.564,998.173,0.338,0
3129,23721871428087,23721871498513,70.426,999.862,0.348,0
3130,23721872428087,23721872471336,43.249,972.823,0.372,0
3131,23721873428087,23721873498721,70.634,1027.385,0.336,0
3132,23721874428087,23721874434563,6.476,935.842,0.361,0
3133,23721875428087,23721875498871,70.784,1064.308,0.356,0
3134,23721876428087,23721876498971,70.884,1000.100,0.341,0
3135,23721877428087,23721877498513,70.426,999.542,0.338,0
3136,23721878428087,23721878431721,3.634,933.208,0.145,0
3137,23721879428087,23721879498004,69.917,1066.283,0.361,0
3138,23721880428087,23721880497714,69.627,999.710,0.341,0
3139,23721881428087,23721881497503,69.416,999.789,0.333,0
3140,23721882428087,23721882498110,70.023,1000.607,0.347,0
3141,23721883428087,23721883498731,70.644,1000.621,0.341,0
3142,23721884428087,23721884434949,6.862,936.218,0.326,0
3143,23721885428087,23721885497295,69.208,1062.346,0.357,0
3144,23721886428087,23721886499391,71.304,1002.096,0.348,0
3145,23721887428087,23721887498304,70.217,998.913,0.356,0
3146,23721888428087,23721888497894,69.807,999.590,0.325,0
3147,23721889428087,23721889499521,71.434,1001.627,0.348,0
3148,23721890428087,23721890497660,69.573,998.139,0.348,0
3149,23721891428087,23721891497374,69.287,999.714,0.345,0
3150,23721892428087,23721892496542,68.455,999.168,0.338,0
3151,23721893428087,23721893498307,70.220,1001.765,0.342,0
3152,23721894428087,23721894434508,6.421,936.201,0.337,0
3153,23721895428087,23721895497517,69.430,1063.009,0.349,0
3154,23721896428087,23721896496033,67.946,998.516,0.349,0
3155,23721897428087,23721897497638,69.551,1001.605,0.340,0
3156,23721898428087,23721898497332,69.245,999.694,0.354,0
3157,23721899428087,23721899499408,71.321,1002.076,0.331,0
3158,23721900428087,23721900498065,69.978,998.657,0.338,0
3159,23721901428087,23721901497796,69.709,999.731,0.325,0
3160,23721902428087,23721902498372,70.285,1000.576,0.353,0
3161,23721903428087,23721903500872,72.785,1002.500,0.326,0
3162,23721904428087,23721904436254,8.167,935.382,0.326,0
3163,23721905428087,23721905498115,70.028,1061.861,0.340,0
3164,23721906428087,23721906497323,69.236,999.208,0.373,0
3165,23721907428087,23721907497500,69.413,1000.177,0.334,0
3166,23721908428087,23721908498583,70.496,1001.083,0.338,0
3167,23721909428087,23721909500666,72.579,1002.083,0.331,0
3168,23721910428087,23721910502839,74.752,1002.173,0.351,0
3169,23721911428087,23721911498600,70.513,995.761,0.371,0
3170,23721912428087,23721912497507,69.420,998.907,0.345,0
3171,23721913428087,23721913497938,69.851,1000.431,0.317,0
3172,23721914428087,23721914434507,6.420,936.569,0.342,0
3173,23721915428087,23721915497704,69.617,1063.197,0.338,0
3174,23721916428087,23721916498865,70.778,1001.161,0.373,0
3175,23721917428087,23721917500308,72.221,1001.443,0.337,0
3176,23721918428087,23721918498262,70.175,997.954,0.362,0
3177,23721919428087,23721919500188,72.101,1001.926,0.335,0
3178,23721920428087,23721920497589,69.502,997.401,0.340,0
3179,23721921428087,23721921498448,70.361,1000.859,0.366,0
3180,23721922428087,23721922497529,69.442,999.081,0.341,0
3181,23721923428087,23721923497671,69.584,1000.142,0.372,0
3182,23721924428087,23721924434563,6.476,936.892,0.340,0
3183,23721925428087,23721925499575,71.488,1065.012,0.348,0
3184,23721926428087,23721926497576,69.489,998.001,0.341,0
3185,23721927428087,23721927498047,69.960,1000.471,0.338,0
3186,23721928428087,23721928499034,70.947,1000.987,0.348,0
3187,23721929428087,23721929497418,69.331,998.384,0.355,0
3188,23721930428087,23721930497842,69.755,1000.424,0.345,0
3189,23721931428087,23721931497890,69.803,1000.048,0.338,0
3190,23721932428087,23721932499127,71.040,1001.237,0.331,0
3191,23721933428087,23721933500137,72.050,1001.010,0.338,0
3192,23721934428087,23721934434537,6.450,934.400,0.348,0
3193,23721935428087,23721935499581,71.494,1065.044,0.326,0
3194,23721936428087,23721936431189,3.102,931.608,0.112,0
3195,23721937428087,23721937430465,2.378,999.276,0.067,0
3196,23721938428087,23721938499695,71.608,1069.230,0.332,0
3197,23721939428087,23721939497374,69.287,997.679,0.366,0
3198,23721940428087,23721940497647,69.560,1000.273,0.348,0
3199,23721941428087,23721941497363,69.276,999.716,0.352,0
3200,23721942428087,23721942499896,71.809,1002.533,0.339,0
3201,23721943428087,23721943497816,69.729,997.920,0.328,0
3202,23721944428087,23721944434759,6.672,936.943,0.331,0
3203,23721945428087,23721945492314,64.227,1057.555,0.349,0
3204,23721946428087,23721946498736,70.649,1006.422,0.343,0
3205,23721947428087,23721947498191,70.104,999.455,0.341,0
3206,23721948428087,23721948498352,70.265,1000.161,0.340,0
3207,23721949428087,23721949498177,70.090,999.825,0.336,0
3208,23721950428087,23721950497325,69.238,999.148,0.353,0
3209,23721951428087,23721951497360,69.273,1000.035,0.343,0
3210,23721952428087,23721952497655,69.568,1000.295,0.328,0
3211,23721953428087,23721953498503,70.416,1000.848,0.338,0
3212,23721954428087,23721954502409,74.322,1003.906,0.335,0
3213,23721955428087,23721955499252,71.165,996.843,0.359,0
3214,23721956428087,23721956497866,69.779,998.614,0.345,0
3215,23721957428087,23721957497583,69.496,999.717,0.355,0
3216,23721958428087,23721958497951,69.864,1000.368,0.345,0
3217,23721959428087,23721959497647,69.560,999.696,0.350,0
3218,23721960428087,23721960495538,67.451,997.891,0.334,0
3219,23721961428087,23721961498373,70.286,1002.835,0.338,0
3220,23721962428087,23721962497430,69.343,999.057,0.320,0
3221,23721963428087,23721963497999,69.912,1000.569,0.354,0
3222,23721964428087,23721964500630,72.543,1002.631,0.328,0
3223,23721965428087,23721965498294,70.207,997.664,0.335,0
3224,23721966428087,23721966497668,69.581,999.374,0.352,0
3225,23721967428087,23721967499758,71.671,1002.090,0.349,0
3226,23721968428087,23721968497615,69.528,997.857,0.352,0
3227,23721969428087,23721969499206,71.119,1001.591,0.348,0
3228,23721970428087,23721970497555,69.468,998.349,0.340,0
3229,23721971428087,23721971497202,69.115,999.647,0.350,0
3230,23721972428087,23721972498115,70.028,1000.913,0.353,0
3231,23721973428087,23721973499366,71.279,1001.251,0.351,0
3232,23721974428087,23721974502189,74.102,1002.823,0.355,0
3233,23721975428087,23721975497718,69.631,995.529,0.347,0
3234,23721976428087,23721976494946,66.859,997.228,0.347,0
3235,23721977428087,23721977498462,70.375,1003.516,0.360,0
3236,23721978428087,23721978498046,69.959,999.584,0.368,0
3237,23721979428087,23721979497440,69.353,999.394,0.343,0
3238,23721980428087,23721980499241,71.154,1001.801,0.344,0
3239,23721981428087,23721981499288,71.201,1000.047,0.331,0
3240,23721982428087,23721982501392,73.305,1002.104,0.340,0
3241,23721983428087,23721983499696,71.609,998.304,0.336,0
3242,23721984428087,23721984500233,72.146,1000.537,0.337,0
3243,23721985428087,23721985499596,71.509,999.363,0.326,0
3244,23721986428087,23721986497548,69.461,997.952,0.341,0
3245,23721987428087,23721987497407,69.320,999.859,0.323,0
3246,23721988428087,23721988497166,69.079,999.759,0.352,0
3247,23721989428087,23721989499818,71.731,1002.652,0.357,0
3248,23721990428087,23721990501979,73.892,1002.161,0.347,0
3249,23721991428087,23721991497323,69.236,995.344,0.346,0
3250,23721992428087,23721992497265,69.178,999.942,0.350,0
3251,23721993428087,23721993497289,69.202,1000.024,0.344,0
3252,23721994428087,23721994498423,70.336,1001.134,0.368,0
3253,23721995428087,23721995497494,69.407,999.071,0.346,0
3254,23721996428087,23721996499089,71.002,1001.595,0.346,0
3255,23721997428087,23721997498879,70.792,999.790,0.352,0
3256,23721998428087,23721998496932,68.845,998.053,0.355,0
3257,23721999428087,23721999497428,69.341,1000.496,0.366,0
3258,23722000428087,23722000498491,70.404,1001.063,0.329,0
3259,23722001428087,23722001497550,69.463,999.059,0.304,0
3260,23722002428087,23722002498499,70.412,1000.949,0.339,0
3261,23722003428087,23722003497617,69.530,999.118,0.302,0
3262,23722004428087,23722004501355,73.268,1003.738,0.348,0
3263,23722005428087,23722005497425,69.338,996.070,0.335,0
3264,23722006428087,23722006498578,70.491,1001.153,0.326,0
3265,23722007428087,23722007498531,70.444,999.953,0.345,0
3266,23722008428087,23722008497386,69.299,998.855,0.331,0
3267,23722009428087,23722009498539,70.452,1001.153,0.335,0
3268,23722010428087,23722010498399,70.312,999.860,0.313,0
3269,23722011428087,23722011498365,70.278,999.966,0.323,0
3270,23722012428087,23722012498708,70.621,1000.343,0.315,0
3271,23722013428087,23722013496587,68.500,997.879,0.320,0
3272,23722014428087,23722014498197,70.110,1001.610,0.317,0
3273,23722015428087,23722015497590,69.503,999.393,0.323,0
3274,23722016428087,23722016497564,69.477,999.974,0.321,0
3275,23722017428087,23722017496878,68.791,999.314,0.327,0
3276,23722018428087,23722018496963,68.876,1000.085,0.314,0
3277,23722019428087,23722019497361,69.274,1000.398,0.316,0
3278,23722020428087,23722020499494,71.407,1002.133,0.313,0
3279,23722021428087,23722021498640,70.553,999.146,0.313,0
3280,23722022428087,23722022497086,68.999,998.446,0.326,0
3281,23722023428087,23722023499047,70.960,1001.961,0.331,0
3282,23722024428087,23722024434475,6.388,935.428,0.312,0
3283,23722025428087,23722025497632,69.545,1063.157,0.320,0
3284,23722026428087,23722026435969,7.882,938.337,0.367,0
3285,23722027428087,23722027497291,69.204,1061.322,0.294,0
3286,23722028428087,23722028497527,69.440,1000.236,0.302,0
3287,23722029428087,23722029497193,69.106,999.666,0.319,0
3288,23722030428087,23722030500823,72.736,1003.630,0.307,0
3289,23722031428087,23722031503908,75.821,1003.085,0.316,0
3290,23722032428087,23722032497339,69.252,993.431,0.303,0
3291,23722033428087,23722033498192,70.105,1000.853,0.323,0
3292,23722034428087,23722034497880,69.793,999.688,0.323,0
3293,23722035428087,23722035497820,69.733,999.940,0.314,0
3294,23722036428087,23722036497922,69.835,1000.102,0.319,0
3295,23722037428087,23722037499233,71.146,1001.311,0.326,0
3296,23722038428087,23722038501201,73.114,1001.968,0.301,0
3297,23722039428087,23722039499367,71.280,998.166,0.332,0
3298,23722040428087,23722040494785,66.698,995.418,0.311,0
3299,23722041428087,23722041503580,75.493,1008.795,0.327,0
3300,23722042428087,23722042496851,68.764,993.271,0.318,0
3301,23722043428087,23722043497515,69.428,1000.664,0.328,0
3302,23722044428087,23722044500452,72.365,1002.937,0.308,0
3303,23722045428087,23722045498536,70.449,998.084,0.335,0
3304,23722046428087,23722046500710,72.623,1002.174,0.323,0
3305,23722047428087,23722047498908,70.821,998.198,0.337,0
3306,23722048428087,23722048497341,69.254,998.433,0.317,0
3307,23722049428087,23722049497458,69.371,1000.117,0.312,0
3308,23722050428087,23722050496700,68.613,999.242,0.334,0
3309,23722051428087,23722051497679,69.592,1000.979,0.321,0
3310,23722052428087,23722052496854,68.767,999.175,0.323,0
3311,23722053428087,23722053498766,70.679,1001.912,0.317,0
3312,23722054428087,23722054500816,72.729,1002.050,0.321,0
3313,23722055428087,23722055498566,70.479,997.750,0.331,0
3314,23722056428087,23722056496852,68.765,998.286,0.318,0
3315,23722057428087,23722057498386,70.299,1001.534,0.335,0
3316,23722058428087,23722058497283,69.196,998.897,0.342,0
3317,23722059428087,23722059500529,72.442,1003.246,0.326,0
3318,23722060428087,23722060500967,72.880,1000.438,0.325,0
3319,23722061428087,23722061498611,70.524,997.644,0.342,0
3320,23722062428087,23722062498772,70.685,1000.161,0.325,0
3321,23722063428087,23722063500669,72.582,1001.897,0.327,0
3322,23722064428087,23722064500191,72.104,999.522,0.322,0
3323,23722065428087,23722065497830,69.743,997.639,0.325,0
3324,23722066428087,23722066498174,70.087,1000.344,0.324,0
3325,23722067428087,23722067497092,69.005,998.918,0.328,0
3326,23722068428087,23722068497683,69.596,1000.591,0.318,0
3327,23722069428087,23722069498384,70.297,1000.701,0.320,0
3328,23722070428087,23722070497864,69.777,999.480,0.327,0
3329,23722071428087,23722071497896,69.809,1000.032,0.328,0
3330,23722072428087,23722072497182,69.095,999.286,0.323,0
3331,23722073428087,23722073497834,69.747,1000.652,0.321,0
3332,23722074428087,23722074497653,69.566,999.819,0.329,0
3333,23722075428087,23722075465968,37.881,968.315,0.327,0
3334,23722076428087,23722076465850,37.763,999.882,0.331,0
3335,23722077428087,23722077499339,71.252,1033.489,0.327,0
3336,23722078428087,23722078497948,69.861,998.609,0.326,0
3337,23722079428087,23722079499236,71.149,1001.288,0.324,0
3338,23722080428087,23722080500082,71.995,1000.846,0.327,0
3339,23722081428087,23722081497377,69.290,997.295,0.326,0
3340,23722082428087,23722082498183,70.096,1000.806,0.317,0
3341,23722083428087,23722083498484,70.397,1000.301,0.325,0
3342,23722084428087,23722084494847,66.760,996.363,0.329,0
3343,23722085428087,23722085499270,71.183,1004.423,0.327,0
3344,23722086428087,23722086500305,72.218,1001.035,0.323,0
3345,23722087428087,23722087500084,71.997,999.779,0.317,0
3346,23722088428087,23722088501264,73.177,1001.180,0.308,0
3347,23722089428087,23722089498903,70.816,997.639,0.316,0
3348,23722090428087,23722090500383,72.296,1001.480,0.326,0
3349,23722091428087,23722091498316,70.229,997.933,0.351,0
3350,23722092428087,23722092499653,71.566,1001.337,0.327,0
3351,23722093428087,23722093498754,70.667,999.101,0.304,0
3352,23722094428087,23722094501954,73.867,1003.200,0.332,0
3353,23722095428087,23722095503167,75.080,1001.213,0.321,0
3354,23722096428087,23722096498310,70.223,995.143,0.312,0
3355,23722097428087,23722097495621,67.534,997.311,0.319,0
3356,23722098428087,23722098498625,70.538,1003.004,0.308,0
3357,23722099428087,23722099498200,70.113,999.575,0.321,0
3358,23722100428087,23722100500089,72.002,1001.889,0.320,0
3359,23722101428087,23722101499152,71.065,999.063,0.320,0
3360,23722102428087,23722102500529,72.442,1001.377,0.327,0
3361,23722103428087,23722103462013,33.926,961.484,0.325,0
3362,23722104428087,23722104469716,41.629,1007.703,0.323,0
3363,23722105428087,23722105499928,71.841,1030.212,0.319,0
3364,23722106428087,23722106498068,69.981,998.140,0.331,0
3365,23722107428087,23722107498918,70.831,1000.850,0.331,0
3366,23722108428087,23722108499133,71.046,1000.215,0.335,0
3367,23722109428087,23722109498736,70.649,999.603,0.324,0
3368,23722110428087,23722110501768,73.681,1003.032,0.343,0
3369,23722111428087,23722111503053,74.966,1001.285,0.322,0
3370,23722112428087,23722112497753,69.666,994.700,0.323,0
3371,23722113428087,23722113499527,71.440,1001.774,0.319,0
3372,23722114428087,23722114491554,63.467,992.027,0.310,0
3373,23722115428087,23722115498588,70.501,1007.034,0.328,0
3374,23722116428087,23722116498182,70.095,999.594,0.320,0
3375,23722117428087,23722117500787,72.700,1002.605,0.311,0
3376,23722118428087,23722118500218,72.131,999.431,0.318,0
3377,23722119428087,23722119498543,70.456,998.325,0.334,0
3378,23722120428087,23722120499699,71.612,1001.156,0.329,0
3379,23722121428087,23722121499614,71.527,999.915,0.332,0
3380,23722122428087,23722122498277,70.190,998.663,0.320,0
3381,23722123428087,23722123499723,71.636,1001.446,0.323,0
3382,23722124428087,23722124499946,71.859,1000.223,0.335,0
3383,23722125428087,23722125498987,70.900,999.041,0.313,0
3384,23722126428087,23722126498372,70.285,999.385,0.343,0
3385,23722127428087,23722127499262,71.175,1000.890,0.322,0
3386,23722128428087,23722128498192,70.105,998.930,0.328,0
3387,23722129428087,23722129498916,70.829,1000.724,0.326,0
3388,23722130428087,23722130498565,70.478,999.649,0.309,0
3389,23722131428087,23722131498920,70.833,1000.355,0.330,0
3390,23722132428087,23722132499202,71.115,1000.282,0.321,0
3391,23722133428087,23722133500304,72.217,1001.102,0.319,0
3392,23722134428087,23722134498259,70.172,997.955,0.330,0
3393,23722135428087,23722135499395,71.308,1001.136,0.329,0
3394,23722136428087,23722136499889,71.802,1000.494,0.318,0
3395,23722137428087,23722137498857,70.770,998.968,0.312,0
3396,23722138428087,23722138498605,70.518,999.748,0.329,0
3397,23722139428087,23722139499005,70.918,1000.400,0.318,0
3398,23722140428087,23722140499220,71.133,1000.215,0.314,0
3399,23722141428087,23722141498732,70.645,999.512,0.331,0
3400,23722142428087,23722142499288,71.201,1000.556,0.336,0
3401,23722143428087,23722143498434,70.347,999.146,0.325,0
3402,23722144428087,23722144501533,73.446,1003.099,0.326,0
3403,23722145428087,23722145496911,68.824,995.378,0.317,0
3404,23722146428087,23722146498335,70.248,1001.424,0.335,0
3405,23722147428087,23722147498280,70.193,999.945,0.321,0
3406,23722148428087,23722148498577,70.490,1000.297,0.338,0
3407,23722149428087,23722149499196,71.109,1000.619,0.331,0
3408,23722150428087,23722150500477,72.390,1001.281,0.334,0
3409,23722151428087,23722151499342,71.255,998.865,0.333,0
3410,23722152428087,23722152500240,72.153,1000.898,0.330,0
3411,23722153428087,23722153498257,70.170,998.017,0.329,0
3412,23722154428087,23722154499853,71.766,1001.596,0.341,0
3413,23722155428087,23722155498523,70.436,998.670,0.336,0
3414,23722156428087,23722156499364,71.277,1000.841,0.313,0
3415,23722157428087,23722157500066,71.979,1000.702,0.337,0
3416,23722158428087,23722158501266,73.179,1001.200,0.324,0
3417,23722159428087,23722159502362,74.275,1001.096,0.313,0
3418,23722160428087,23722160498234,70.147,995.872,0.317,0
3419,23722161428087,23722161496913,68.826,998.679,0.328,0
3420,23722162428087,23722162498600,70.513,1001.687,0.319,0
3421,23722163428087,23722163498208,70.121,999.608,0.336,0
3422,23722164428087,23722164499119,71.032,1000.911,0.330,0
3423,23722165428087,23722165498662,70.575,999.543,0.328,0
3424,23722166428087,23722166499783,71.696,1001.121,0.340,0
3425,23722167428087,23722167498717,70.630,998.934,0.327,0
3426,23722168428087,23722168500229,72.142,1001.512,0.329,0
3427,23722169428087,23722169498991,70.904,998.762,0.313,0
3428,23722170428087,23722170498806,70.719,999.815,0.325,0
3429,23722171428087,23722171498367,70.280,999.561,0.318,0
3430,23722172428087,23722172499891,71.804,1001.524,0.329,0
3431,23722173428087,23722173499257,71.170,999.366,0.321,0
3432,23722174428087,23722174502830,74.743,1003.573,0.322,0
3433,23722175428087,23722175502220,74.133,999.390,0.312,0
3434,23722176428087,23722176498305,70.218,996.085,0.331,0
3435,23722177428087,23722177499860,71.773,1001.555,0.308,0
3436,23722178428087,23722178498904,70.817,999.044,0.323,0
3437,23722179428087,23722179498042,69.955,999.138,0.319,0
3438,23722180428087,23722180498849,70.762,1000.807,0.332,0
3439,23722181428087,23722181498796,70.709,999.947,0.314,0
3440,23722182428087,23722182499614,71.527,1000.818,0.333,0
3441,23722183428087,23722183497923,69.836,998.309,0.333,0
3442,23722184428087,23722184498790,70.703,1000.867,0.319,0
3443,23722185428087,23722185498866,70.779,1000.076,0.329,0
3444,23722186428087,23722186499357,71.270,1000.491,0.317,0
3445,23722187428087,23722187498463,70.376,999.106,0.326,0
3446,23722188428087,23722188498566,70.479,1000.103,0.325,0
3447,23722189428087,23722189498484,70.397,999.918,0.335,0
3448,23722190428087,23722190498413,70.326,999.929,0.317,0
3449,23722191428087,23722191433550,5.463,935.137,0.273,0
3450,23722192428087,23722192434002,5.915,1000.452,0.223,0
3451,23722193428087,23722193499476,71.389,1065.474,0.323,0
3452,23722194428087,23722194435086,6.999,935.610,0.359,0
3453,23722195428087,23722195499980,71.893,1064.894,0.321,0
3454,23722196428087,23722196500486,72.399,1000.506,0.326,0
3455,23722197428087,23722197499200,71.113,998.714,0.323,0
3456,23722198428087,23722198498878,70.791,999.678,0.312,0
3457,23722199428087,23722199498964,70.877,1000.086,0.323,0
3458,23722200428087,23722200500913,72.826,1001.949,0.318,0
3459,23722201428087,23722201498099,70.012,997.186,0.315,0
3460,23722202428087,23722202498200,70.113,1000.101,0.324,0
3461,23722203428087,23722203499420,71.333,1001.220,0.313,0
3462,23722204428087,23722204434355,6.268,934.935,0.363,0
3463,23722205428087,23722205502514,74.427,1068.159,0.310,0
3464,23722206428087,23722206498928,70.841,996.414,0.335,0
3465,23722207428087,23722207500039,71.952,1001.111,0.312,0
3466,23722208428087,23722208500992,72.905,1000.953,0.317,0
3467,23722209428087,23722209495209,67.122,994.217,0.319,0
3468,23722210428087,23722210468340,40.253,973.131,0.314,0
3469,23722211428087,23722211499381,71.294,1031.041,0.330,0
3470,23722212428087,23722212498243,70.156,998.862,0.331,0
3471,23722213428087,23722213497553,69.466,999.310,0.319,0
3472,23722214428087,23722214498229,70.142,1000.676,0.323,0
3473,23722215428087,23722215502230,74.143,1004.001,0.325,0
3474,23722216428087,23722216499594,71.507,997.364,0.334,0
3475,23722217428087,23722217498587,70.500,998.993,0.324,0
3476,23722218428087,23722218498157,70.070,999.570,0.329,0
3477,23722219428087,23722219498474,70.387,1000.317,0.322,0
3478,23722220428087,23722220503074,74.987,1004.600,0.321,0
3479,23722221428087,23722221497517,69.430,994.443,0.334,0
3480,23722222428087,23722222500235,72.148,1002.718,0.325,0
3481,23722223428087,23722223501859,73.772,1001.624,0.333,0
3482,23722224428087,23722224500855,72.768,998.996,0.331,0
3483,23722225428087,23722225495867,67.780,995.012,0.313,0
3484,23722226428087,23722226498475,70.388,1002.608,0.326,0
3485,23722227428087,23722227499277,71.190,1000.802,0.318,0
3486,23722228428087,23722228498499,70.412,999.222,0.315,0
3487,23722229428087,23722229498281,70.194,999.782,0.328,0
3488,23722230428087,23722230499311,71.224,1001.030,0.311,0
3489,23722231428087,23722231498098,70.011,998.787,0.306,0
3490,23722232428087,23722232499361,71.274,1001.263,0.303,0
3491,23722233428087,23722233498746,70.659,999.385,0.330,0
3492,23722234428087,23722234499839,71.752,1001.093,0.329,0
3493,23722235428087,23722235500779,72.692,1000.940,0.327,0
3494,23722236428087,23722236498582,70.495,997.803,0.340,0
3495,23722237428087,23722237499840,71.753,1001.258,0.326,0
3496,23722238428087,23722238500575,72.488,1000.735,0.333,0
3497,23722239428087,23722239501596,73.509,1001.021,0.335,0
3498,23722240428087,23722240500312,72.225,998.716,0.324,0
3499,23722241428087,23722241499139,71.052,998.827,0.325,0
3500,23722242428087,23722242500140,72.053,1001.001,0.324,0
3501,23722243428087,23722243497712,69.625,997.572,0.326,0
3502,23722244428087,23722244498813,70.726,1001.101,0.309,0
3503,23722245428087,23722245498213,70.126,999.400,0.333,0
3504,23722246428087,23722246498685,70.598,1000.472,0.324,0
3505,23722247428087,23722247498738,70.651,1000.053,0.324,0
3506,23722248428087,23722248499309,71.222,1000.571,0.327,0
3507,23722249428087,23722249498762,70.675,999.453,0.326,0
3508,23722250428087,23722250497967,69.880,999.205,0.315,0
3509,23722251428087,23722251498639,70.552,1000.672,0.315,0
3510,23722252428087,23722252498602,70.515,999.963,0.305,0
3511,23722253428087,23722253498349,70.262,999.747,0.322,0
3512,23722254428087,23722254498861,70.774,1000.512,0.328,0
3513,23722255428087,23722255498339,70.252,999.478,0.336,0
3514,23722256428087,23722256498524,70.437,1000.185,0.322,0
3515,23722257428087,23722257499743,71.656,1001.219,0.304,0
3516,23722258428087,23722258498768,70.681,999.025,0.318,0
3517,23722259428087,23722259499040,70.953,1000.272,0.329,0
3518,23722260428087,23722260497416,69.329,998.376,0.343,0
3519,23722261428087,23722261498337,70.250,1000.921,0.322,0
3520,23722262428087,23722262498136,70.049,999.799,0.327,0
3521,23722263428087,23722263499101,71.014,1000.965,0.330,0
3522,23722264428087,23722264485477,57.390,986.376,0.310,0
3523,23722265428087,23722265500519,72.432,1015.042,0.308,0
3524,23722266428087,23722266497719,69.632,997.200,0.317,0
3525,23722267428087,23722267499665,71.578,1001.946,0.314,0
3526,23722268428087,23722268499036,70.949,999.371,0.334,0
3527,23722269428087,23722269498094,70.007,999.058,0.344,0
3528,23722270428087,23722270498572,70.485,1000.478,0.327,0
3529,23722271428087,23722271498772,70.685,1000.200,0.327,0
3530,23722272428087,23722272500422,72.335,1001.650,0.323,0
3531,23722273428087,23722273501518,73.431,1001.096,0.308,0
3532,23722274428087,23722274496085,67.998,994.567,0.304,0
3533,23722275428087,23722275499175,71.088,1003.090,0.325,0
3534,23722276428087,23722276507551,79.464,1008.376,0.360,0
3535,23722277428087,23722277498720,70.633,991.169,0.325,0
3536,23722278428087,23722278498979,70.892,1000.259,0.324,0
3537,23722279428087,23722279501727,73.640,1002.748,0.344,0
3538,23722280428087,23722280498760,70.673,997.033,0.331,0
3539,23722281428087,23722281498364,70.277,999.604,0.336,0
3540,23722282428087,23722282504140,76.053,1005.776,0.319,0
3541,23722283428087,23722283498626,70.539,994.486,0.305,0
3542,23722284428087,23722284498501,70.414,999.875,0.321,0
3543,23722285428087,23722285499278,71.191,1000.777,0.331,0
3544,23722286428087,23722286433434,5.347,934.156,0.334,0
3545,23722287428087,23722287500994,72.907,1067.560,0.323,0
3546,23722288428087,23722288502364,74.277,1001.370,0.336,0
3547,23722289428087,23722289501180,73.093,998.816,0.324,0
3548,23722290428087,23722290498557,70.470,997.377,0.338,0
3549,23722291428087,23722291499094,71.007,1000.537,0.322,0
3550,23722292428087,23722292502539,74.452,1003.445,0.318,0
3551,23722293428087,23722293497671,69.584,995.132,0.317,0
3552,23722294428087,23722294498926,70.839,1001.255,0.319,0
3553,23722295428087,23722295469852,41.765,970.926,0.330,0
3554,23722296428087,23722296498508,70.421,1028.656,0.329,0
3555,23722297428087,23722297498044,69.957,999.536,0.329,0
3556,23722298428087,23722298498812,70.725,1000.768,0.312,0
3557,23722299428087,23722299498483,70.396,999.671,0.321,0
3558,23722300428087,23722300498895,70.808,1000.412,0.313,0
3559,23722301428087,23722301465967,37.880,967.072,0.325,0
3560,23722302428087,23722302478717,50.630,1012.750,0.779,0
3561,23722303428087,23722303472739,44.652,994.022,0.758,0
3562,23722304428087,23722304434562,6.475,961.823,0.316,0
3563,23722305428087,23722305471156,43.069,1036.594,0.746,0
3564,23722306428087,23722306471399,43.312,1000.243,0.750,0
3565,23722307428087,23722307478152,50.065,1006.753,0.731,0
3566,23722308428087,23722308503677,75.590,1025.525,0.310,0
3567,23722309428087,23722309498239,70.152,994.562,0.327,0
3568,23722310428087,23722310498688,70.601,1000.449,0.319,0
3569,23722311428087,23722311498295,70.208,999.607,0.324,0
3570,23722312428087,23722312499740,71.653,1001.445,0.301,0
3571,23722313428087,23722313498828,70.741,999.088,0.320,0
3572,23722314428087,23722314434208,6.121,935.380,0.332,0
3573,23722315428087,23722315498464,70.377,1064.256,0.328,0
3574,23722316428087,23722316498448,70.361,999.984,0.336,0
3575,23722317428087,23722317498934,70.847,1000.486,0.335,0
3576,23722318428087,23722318499264,71.177,1000.330,0.309,0
3577,23722319428087,23722319498265,70.178,999.001,0.313,0
3578,23722320428087,23722320498224,70.137,999.959,0.327,0
3579,23722321428087,23722321499002,70.915,1000.778,0.300,0
3580,23722322428087,23722322499576,71.489,1000.574,0.319,0
3581,23722323428087,23722323499052,70.965,999.476,0.323,0
3582,23722324428087,23722324498379,70.292,999.327,0.305,0
3583,23722325428087,23722325498800,70.713,1000.421,0.332,0
3584,23722326428087,23722326498998,70.911,1000.198,0.319,0
3585,23722327428087,23722327497511,69.424,998.513,0.310,0
3586,23722328428087,23722328499416,71.329,1001.905,0.311,0
3587,23722329428087,23722329499056,70.969,999.640,0.299,0
3588,23722330428087,23722330495523,67.436,996.467,0.332,0
3589,23722331428087,23722331498349,70.262,1002.826,0.299,0
3590,23722332428087,23722332500215,72.128,1001.866,0.311,0
3591,23722333428087,23722333498762,70.675,998.547,0.307,0
3592,23722334428087,23722334498752,70.665,999.990,0.318,0
3593,23722335428087,23722335499961,71.874,1001.209,0.315,0
3594,23722336428087,23722336433543,5.456,933.582,0.339,0
3595,23722337428087,23722337500846,72.759,1067.303,0.328,0
3596,23722338428087,23722338498447,70.360,997.601,0.319,0
3597,23722339428087,23722339500042,71.955,1001.595,0.341,0
3598,23722340428087,23722340498464,70.377,998.422,0.301,0
3599,23722341428087,23722341500205,72.118,1001.741,0.318,0
3600,23722342428087,23722342499136,71.049,998.931,0.300,0
3601,23722343428087,23722343501687,73.600,1002.551,0.330,0
3602,23722344428087,23722344498127,70.040,996.440,0.316,0
3603,23722345428087,23722345499092,71.005,1000.965,0.310,0
3604,23722346428087,23722346496207,68.120,997.115,0.325,0
3605,23722347428087,23722347498510,70.423,1002.303,0.320,0
3606,23722348428087,23722348498690,70.603,1000.180,0.322,0
3607,23722349428087,23722349499817,71.730,1001.127,0.321,0
3608,23722350428087,23722350499293,71.206,999.476,0.311,0
3609,23722351428087,23722351500632,72.545,1001.339,0.320,0
3610,23722352428087,23722352499237,71.150,998.605,0.321,0
3611,23722353428087,23722353500630,72.543,1001.393,0.301,0
3612,23722354428087,23722354495610,67.523,994.980,0.318,0
3613,23722355428087,23722355498436,70.349,1002.826,0.311,0
3614,23722356428087,23722356498919,70.832,1000.483,0.317,0
3615,23722357428087,23722357498759,70.672,999.840,0.322,0
3616,23722358428087,23722358499103,71.016,1000.344,0.302,0
3617,23722359428087,23722359501562,73.475,1002.459,0.304,0
3618,23722360428087,23722360502644,74.557,1001.082,0.321,0
3619,23722361428087,23722361498983,70.896,996.339,0.302,0
3620,23722362428087,23722362498079,69.992,999.096,0.331,0
3621,23722363428087,23722363499497,71.410,1001.418,0.335,0
3622,23722364428087,23722364498746,70.659,999.249,0.324,0
3623,23722365428087,23722365498874,70.787,1000.128,0.325,0
3624,23722366428087,23722366498589,70.502,999.715,0.317,0
3625,23722367428087,23722367500169,72.082,1001.580,0.299,0
3626,23722368428087,23722368499007,70.920,998.838,0.328,0
3627,23722369428087,23722369498695,70.608,999.688,0.314,0
3628,23722370428087,23722370498766,70.679,1000.071,0.303,0
3629,23722371428087,23722371498407,70.320,999.641,0.338,0
3630,23722372428087,23722372498799,70.712,1000.392,0.327,0
3631,23722373428087,23722373500656,72.569,1001.857,0.333,0
3632,23722374428087,23722374499573,71.486,998.917,0.322,0
3633,23722375428087,23722375499462,71.375,999.889,0.318,0
3634,23722376428087,23722376499395,71.308,999.933,0.301,0
3635,23722377428087,23722377498195,70.108,998.800,0.316,0
3636,23722378428087,23722378499890,71.803,1001.695,0.315,0
3637,23722379428087,23722379498924,70.837,999.034,0.320,0
3638,23722380428087,23722380499313,71.226,1000.389,0.320,0
3639,23722381428087,23722381499037,70.950,999.724,0.311,0
3640,23722382428087,23722382498261,70.174,999.224,0.318,0
3641,23722383428087,23722383498377,70.290,1000.116,0.314,0
3642,23722384428087,23722384497638,69.551,999.261,0.317,0
3643,23722385428087,23722385499167,71.080,1001.529,0.307,0
3644,23722386428087,23722386466852,38.765,967.685,0.308,0
3645,23722387428087,23722387492468,64.381,1025.616,0.184,0
3646,23722388428087,23722388499939,71.852,1007.471,0.326,0
3647,23722389428087,23722389499000,70.913,999.061,0.311,0
3648,23722390428087,23722390498856,70.769,999.856,0.320,0
3649,23722391428087,23722391499519,71.432,1000.663,0.327,0
3650,23722392428087,23722392498770,70.683,999.251,0.327,0
3651,23722393428087,23722393498800,70.713,1000.030,0.324,0
3652,23722394428087,23722394433596,5.509,934.796,0.315,0
3653,23722395428087,23722395498827,70.740,1065.231,0.319,0
3654,23722396428087,23722396499147,71.060,1000.320,0.315,0
3655,23722397428087,23722397499578,71.491,1000.431,0.322,0
3656,23722398428087,23722398497655,69.568,998.077,0.327,0
3657,23722399428087,23722399498668,70.581,1001.013,0.328,0
3658,23722400428087,23722400498017,69.930,999.349,0.313,0
3659,23722401428087,23722401500050,71.963,1002.033,0.316,0
3660,23722402428087,23722402500400,72.313,1000.350,0.317,0
3661,23722403428087,23722403499589,71.502,999.189,0.304,0
3662,23722404428087,23722404434701,6.614,935.112,0.340,0
3663,23722405428087,23722405498890,70.803,1064.189,0.313,0
3664,23722406428087,23722406497501,69.414,998.611,0.307,0
3665,23722407428087,23722407500986,72.899,1003.485,0.298,0
3666,23722408428087,23722408497269,69.182,996.283,0.319,0
3667,23722409428087,23722409497474,69.387,1000.205,0.330,0
3668,23722410428087,23722410495284,67.197,997.810,0.299,0
3669,23722411428087,23722411498942,70.855,1003.658,0.318,0
3670,23722412428087,23722412500123,72.036,1001.181,0.323,0
3671,23722413428087,23722413498399,70.312,998.276,0.313,0
3672,23722414428087,23722414434609,6.522,936.210,0.339,0
3673,23722415428087,23722415499338,71.251,1064.729,0.316,0
3674,23722416428087,23722416498729,70.642,999.391,0.305,0
3675,23722417428087,23722417499799,71.712,1001.070,0.301,0
3676,23722418428087,23722418499656,71.569,999.857,0.317,0
3677,23722419428087,23722419498753,70.666,999.097,0.300,0
3678,23722420428087,23722420499058,70.971,1000.305,0.315,0
3679,23722421428087,23722421498625,70.538,999.567,0.318,0
3680,23722422428087,23722422498244,70.157,999.619,0.308,0
3681,23722423428087,23722423500933,72.846,1002.689,0.320,0
3682,23722424428087,23722424434457,6.370,933.524,0.315,0
3683,23722425428087,23722425498508,70.421,1064.051,0.317,0
3684,23722426428087,23722426498647,70.560,1000.139,0.328,0
3685,23722427428087,23722427498984,70.897,1000.337,0.322,0
3686,23722428428087,23722428431855,3.768,932.871,0.166,0
3687,23722429428087,23722429498189,70.102,1066.334,0.305,0
3688,23722430428087,23722430499864,71.777,1001.675,0.323,0
3689,23722431428087,23722431499335,71.248,999.471,0.304,0
3690,23722432428087,23722432497460,69.373,998.125,0.320,0
3691,23722433428087,23722433497766,69.679,1000.306,0.320,0
3692,23722434428087,23722434434528,6.441,936.762,0.346,0
3693,23722435428087,23722435497734,69.647,1063.206,0.306,0
3694,23722436428087,23722436498870,70.783,1001.136,0.307,0
3695,23722437428087,23722437498650,70.563,999.780,0.323,0
3696,23722438428087,23722438498822,70.735,1000.172,0.314,0
3697,23722439428087,23722439496648,68.561,997.826,0.327,0
3698,23722440428087,23722440498009,69.922,1001.361,0.325,0
3699,23722441428087,23722441498184,70.097,1000.175,0.305,0
3700,23722442428087,23722442498459,70.372,1000.275,0.327,0
3701,23722443428087,23722443497740,69.653,999.281,0.319,0
3702,23722444428087,23722444434482,6.395,936.742,0.331,0
3703,23722445428087,23722445497717,69.630,1063.235,0.318,0
3704,23722446428087,23722446498050,69.963,1000.333,0.317,0
3705,23722447428087,23722447497265,69.178,999.215,0.321,0
3706,23722448428087,23722448497440,69.353,1000.175,0.327,0
3707,23722449428087,23722449497948,69.861,1000.508,0.320,0
3708,23722450428087,23722450497279,69.192,999.331,0.328,0
3709,23722451428087,23722451498115,70.028,1000.836,0.304,0
3710,23722452428087,23722452498198,70.111,1000.083,0.322,0
3711,23722453428087,23722453497664,69.577,999.466,0.324,0
3712,23722454428087,23722454434926,6.839,937.262,0.338,0
3713,23722455428087,23722455502411,74.324,1067.485,0.318,0
3714,23722456428087,23722456497505,69.418,995.094,0.325,0
3715,23722457428087,23722457497419,69.332,999.914,0.324,0
3716,23722458428087,23722458495904,67.817,998.485,0.327,0
3717,23722459428087,23722459498652,70.565,1002.748,0.297,0
3718,23722460428087,23722460497434,69.347,998.782,0.324,0
3719,23722461428087,23722461497738,69.651,1000.304,0.318,0
3720,23722462428087,23722462497663,69.576,999.925,0.325,0
3721,23722463428087,23722463499670,71.583,1002.007,0.305,0
3722,23722464428087,23722464434534,6.447,934.864,0.326,0
3723,23722465428087,23722465499223,71.136,1064.689,0.325,0
3724,23722466428087,23722466498361,70.274,999.138,0.317,0
3725,23722467428087,23722467497946,69.859,999.585,0.313,0
3726,23722468428087,23722468498063,69.976,1000.117,0.322,0
3727,23722469428087,23722469498006,69.919,999.943,0.326,0
3728,23722470428087,23722470498656,70.569,1000.650,0.324,0
3729,23722471428087,23722471499268,71.181,1000.612,0.322,0
3730,23722472428087,23722472501517,73.430,1002.249,0.309,0
3731,23722473428087,23722473497654,69.567,996.137,0.328,0
3732,23722474428087,23722474434498,6.411,936.844,0.352,0
3733,23722475428087,23722475497667,69.580,1063.169,0.313,0
3734,23722476428087,23722476497422,69.335,999.755,0.338,0
3735,23722477428087,23722477498826,70.739,1001.404,0.326,0
3736,23722478428087,23722478496488,68.401,997.662,0.323,0
3737,23722479428087,23722479498629,70.542,1002.141,0.327,0
3738,23722480428087,23722480501172,73.085,1002.543,0.319,0
3739,23722481428087,23722481499086,70.999,997.914,0.307,0
3740,23722482428087,23722482497575,69.488,998.489,0.325,0
3741,23722483428087,23722483497233,69.146,999.658,0.317,0
3742,23722484428087,23722484434533,6.446,937.300,0.313,0
3743,23722485428087,23722485497944,69.857,1063.411,0.326,0
3744,23722486428087,23722486501038,72.951,1003.094,0.336,0
3745,23722487428087,23722487498406,70.319,997.368,0.321,0
3746,23722488428087,23722488501361,73.274,1002.955,0.316,0
3747,23722489428087,23722489498672,70.585,997.311,0.303,0
3748,23722490428087,23722490497823,69.736,999.151,0.305,0
3749,23722491428087,23722491497971,69.884,1000.148,0.320,0
3750,23722492428087,23722492497379,69.292,999.408,0.323,0
3751,23722493428087,23722493499468,71.381,1002.089,0.307,0
3752,23722494428087,23722494461407,33.320,961.939,0.321,0
3753,23722495428087,23722495498548,70.461,1037.141,0.303,0
3754,23722496428087,23722496498047,69.960,999.499,0.325,0
3755,23722497428087,23722497497648,69.561,999.601,0.332,0
3756,23722498428087,23722498497788,69.701,1000.140,0.309,0
3757,23722499428087,23722499496401,68.314,998.613,0.315,0
3758,23722500428087,23722500497806,69.719,1001.405,0.311,0
3759,23722501428087,23722501497913,69.826,1000.107,0.310,0
3760,23722502428087,23722502496338,68.251,998.425,0.317,0
3761,23722503428087,23722503497694,69.607,1001.356,0.330,0
3762,23722504428087,23722504498261,70.174,1000.567,0.331,0
3763,23722505428087,23722505498139,70.052,999.878,0.304,0
3764,23722506428087,23722506498164,70.077,1000.025,0.312,0
3765,23722507428087,23722507496654,68.567,998.490,0.330,0
3766,23722508428087,23722508497508,69.421,1000.854,0.321,0
3767,23722509428087,23722509499907,71.820,1002.399,0.302,0
3768,23722510428087,23722510497754,69.667,997.847,0.319,0
3769,23722511428087,23722511497763,69.676,1000.009,0.306,0
3770,23722512428087,23722512497393,69.306,999.630,0.306,0
3771,23722513428087,23722513498480,70.393,1001.087,0.336,0
3772,23722514428087,23722514499788,71.701,1001.308,0.321,0
3773,23722515428087,23722515496741,68.654,996.953,0.305,0
3774,23722516428087,23722516497029,68.942,1000.288,0.319,0
3775,23722517428087,23722517498070,69.983,1001.041,0.325,0
3776,23722518428087,23722518499263,71.176,1001.193,0.329,0
3777,23722519428087,23722519498133,70.046,998.870,0.329,0
3778,23722520428087,23722520497274,69.187,999.141,0.318,0
3779,23722521428087,23722521499196,71.109,1001.922,0.323,0
3780,23722522428087,23722522501163,73.076,1001.967,0.313,0
3781,23722523428087,23722523460943,32.856,959.780,0.312,0
3782,23722524428087,23722524434508,6.421,973.565,0.346,0
3783,23722525428087,23722525497127,69.040,1062.619,0.323,0
3784,23722526428087,23722526435653,7.566,938.526,0.372,0
3785,23722527428087,23722527498860,70.773,1063.207,0.303,0
3786,23722528428087,23722528464521,36.434,965.661,0.318,0
3787,23722529428087,23722529503495,75.408,1038.974,0.324,0
3788,23722530428087,23722530497626,69.539,994.131,0.322,0
3789,23722531428087,23722531504021,75.934,1006.395,0.330,0
3790,23722532428087,23722532498809,70.722,994.788,0.322,0
3791,23722533428087,23722533499001,70.914,1000.192,0.324,0
3792,23722534428087,23722534499606,71.519,1000.605,0.320,0
3793,23722535428087,23722535499415,71.328,999.809,0.327,0
3794,23722536428087,23722536500532,72.445,1001.117,0.312,0
3795,23722537428087,23722537499149,71.062,998.617,0.327,0
3796,23722538428087,23722538500889,72.802,1001.740,0.324,0
3797,23722539428087,23722539466416,38.329,965.527,0.335,0
3798,23722540428087,23722540499494,71.407,1033.078,0.328,0
3799,23722541428087,23722541498854,70.767,999.360,0.325,0
3800,23722542428087,23722542500062,71.975,1001.208,0.321,0
3801,23722543428087,23722543499062,70.975,999.000,0.326,0
3802,23722544428087,23722544435324,7.237,936.262,0.312,0
3803,23722545428087,23722545498140,70.053,1062.816,0.312,0
3804,23722546428087,23722546499355,71.268,1001.215,0.318,0
3805,23722547428087,23722547498949,70.862,999.594,0.309,0
3806,23722548428087,23722548498560,70.473,999.611,0.317,0
3807,23722549428087,23722549499150,71.063,1000.590,0.329,0
3808,23722550428087,23722550498342,70.255,999.192,0.326,0
3809,23722551428087,23722551499279,71.192,1000.937,0.314,0
3810,23722552428087,23722552500365,72.278,1001.086,0.298,0
3811,23722553428087,23722553498950,70.863,998.585,0.321,0
3812,23722554428087,23722554434494,6.407,935.544,0.318,0
3813,23722555428087,23722555498574,70.487,1064.080,0.292,0
3814,23722556428087,23722556498896,70.809,1000.322,0.330,0
3815,23722557428087,23722557498739,70.652,999.843,0.303,0
3816,23722558428087,23722558431801,3.714,933.062,0.137,0
3817,23722559428087,23722559498091,70.004,1066.290,0.318,0
3818,23722560428087,23722560497694,69.607,999.603,0.323,0
3819,23722561428087,23722561497376,69.289,999.682,0.316,0
3820,23722562428087,23722562497770,69.683,1000.394,0.322,0
3821,23722563428087,23722563497456,69.369,999.686,0.312,0
3822,23722564428087,23722564435451,7.364,937.995,0.348,0
3823,23722565428087,23722565497589,69.502,1062.138,0.321,0
3824,23722566428087,23722566497446,69.359,999.857,0.310,0
3825,23722567428087,23722567499080,70.993,1001.634,0.304,0
3826,23722568428087,23722568495346,67.259,996.266,0.312,0
3827,23722569428087,23722569499046,70.959,1003.700,0.321,0
3828,23722570428087,23722570498947,70.860,999.901,0.320,0
3829,23722571428087,23722571498402,70.315,999.455,0.330,0
3830,23722572428087,23722572498590,70.503,1000.188,0.305,0
3831,23722573428087,23722573499292,71.205,1000.702,0.341,0
3832,23722574428087,23722574434499,6.412,935.207,0.316,0
3833,23722575428087,23722575497623,69.536,1063.124,0.298,0
3834,23722576428087,23722576499485,71.398,1001.862,0.321,0
3835,23722577428087,23722577498539,70.452,999.054,0.302,0
3836,23722578428087,23722578498749,70.662,1000.210,0.310,0
3837,23722579428087,23722579502526,74.439,1003.777,0.325,0
3838,23722580428087,23722580499106,71.019,996.580,0.330,0
3839,23722581428087,23722581498641,70.554,999.535,0.322,0
3840,23722582428087,23722582499457,71.370,1000.816,0.313,0
3841,23722583428087,23722583498970,70.883,999.513,0.322,0
3842,23722584428087,23722584434610,6.523,935.640,0.340,0
3843,23722585428087,23722585499076,70.989,1064.466,0.314,0
3844,23722586428087,23722586500677,72.590,1001.601,0.327,0
3845,23722587428087,23722587498913,70.826,998.236,0.325,0
3846,23722588428087,23722588498185,70.098,999.272,0.323,0
3847,23722589428087,23722589498384,70.297,1000.199,0.322,0
3848,23722590428087,23722590472527,44.440,974.143,0.312,0
3849,23722591428087,23722591499125,71.038,1026.598,0.322,0
3850,23722592428087,23722592501408,73.321,1002.283,0.323,0
3851,23722593428087,23722593502691,74.604,1001.283,0.307,0
3852,23722594428087,23722594434490,6.403,931.799,0.306,0
3853,23722595428087,23722595495725,67.638,1061.235,0.309,0
3854,23722596428087,23722596499352,71.265,1003.627,0.311,0
3855,23722597428087,23722597498420,70.333,999.068,0.304,0
3856,23722598428087,23722598500183,72.096,1001.763,0.300,0
3857,23722599428087,23722599498622,70.535,998.439,0.304,0
3858,23722600428087,23722600500150,72.063,1001.528,0.335,0
3859,23722601428087,23722601498813,70.726,998.663,0.307,0
3860,23722602428087,23722602500205,72.118,1001.392,0.311,0
3861,23722603428087,23722603498193,70.106,997.988,0.323,0
3862,23722604428087,23722604434501,6.414,936.308,0.345,0
3863,23722605428087,23722605498746,70.659,1064.245,0.309,0
3864,23722606428087,23722606498156,70.069,999.410,0.300,0
3865,23722607428087,23722607499958,71.871,1001.802,0.323,0
3866,23722608428087,23722608501057,72.970,1001.099,0.319,0
3867,23722609428087,23722609502288,74.201,1001.231,0.318,0
3868,23722610428087,23722610498616,70.529,996.328,0.318,0
3869,23722611428087,23722611498646,70.559,1000.030,0.325,0
3870,23722612428087,23722612498049,69.962,999.403,0.330,0
3871,23722613428087,23722613498532,70.445,1000.483,0.324,0
3872,23722614428087,23722614436041,7.954,937.509,0.311,0
3873,23722615428087,23722615498327,70.240,1062.286,0.320,0
3874,23722616428087,23722616499652,71.565,1001.325,0.312,0
3875,23722617428087,23722617499064,70.977,999.412,0.304,0
3876,23722618428087,23722618499172,71.085,1000.108,0.328,0
3877,23722619428087,23722619498802,70.715,999.630,0.317,0
3878,23722620428087,23722620499692,71.605,1000.890,0.324,0
3879,23722621428087,23722621499177,71.090,999.485,0.324,0
3880,23722622428087,23722622498169,70.082,998.992,0.312,0
3881,23722623428087,23722623499348,71.261,1001.179,0.321,0
3882,23722624428087,23722624434833,6.746,935.485,0.338,0
3883,23722625428087,23722625498216,70.129,1063.383,0.328,0
3884,23722626428087,23722626499058,70.971,1000.842,0.311,0
3885,23722627428087,23722627498392,70.305,999.334,0.319,0
3886,23722628428087,23722628499848,71.761,1001.456,0.304,0
3887,23722629428087,23722629499062,70.975,999.214,0.318,0
3888,23722630428087,23722630499889,71.802,1000.827,0.329,0
3889,23722631428087,23722631498327,70.240,998.438,0.323,0
3890,23722632428087,23722632498257,70.170,999.930,0.304,0
3891,23722633428087,23722633498391,70.304,1000.134,0.332,0
3892,23722634428087,23722634434640,6.553,936.249,0.333,0
3893,23722635428087,23722635498593,70.506,1063.953,0.329,0
3894,23722636428087,23722636499041,70.954,1000.448,0.306,0
3895,23722637428087,23722637493736,65.649,994.695,0.182,0
3896,23722638428087,23722638498954,70.867,1005.218,0.328,0
3897,23722639428087,23722639498893,70.806,999.939,0.316,0
3898,23722640428087,23722640499252,71.165,1000.359,0.328,0
3899,23722641428087,23722641498538,70.451,999.286,0.310,0
3900,23722642428087,23722642498830,70.743,1000.292,0.308,0
3901,23722643428087,23722643502759,74.672,1003.929,0.314,0
3902,23722644428087,23722644434500,6.413,931.741,0.329,0
3903,23722645428087,23722645498208,70.121,1063.708,0.338,0
3904,23722646428087,23722646499245,71.158,1001.037,0.299,0
3905,23722647428087,23722647498926,70.839,999.681,0.315,0
3906,23722648428087,23722648498719,70.632,999.793,0.324,0
3907,23722649428087,23722649503332,75.245,1004.613,0.317,0
3908,23722650428087,23722650499786,71.699,996.454,0.308,0
3909,23722651428087,23722651498198,70.111,998.412,0.316,0
3910,23722652428087,23722652498480,70.393,1000.282,0.308,0
3911,23722653428087,23722653498890,70.803,1000.410,0.320,0
3912,23722654428087,23722654434470,6.383,935.580,0.324,0
3913,23722655428087,23722655498124,70.037,1063.654,0.323,0
3914,23722656428087,23722656500593,72.506,1002.469,0.320,0
3915,23722657428087,23722657502061,73.974,1001.468,0.329,0
3916,23722658428087,23722658432476,4.389,930.415,0.192,0
3917,23722659428087,23722659494739,66.652,1062.263,0.321,0
3918,23722660428087,23722660497500,69.413,1002.761,0.305,0
3919,23722661428087,23722661497406,69.319,999.906,0.331,0
3920,23722662428087,23722662497548,69.461,1000.142,0.324,0
3921,23722663428087,23722663498628,70.541,1001.080,0.314,0
3922,23722664428087,23722664434987,6.900,936.359,0.349,0
3923,23722665428087,23722665497337,69.250,1062.350,0.305,0
3924,23722666428087,23722666499320,71.233,1001.983,0.331,0
3925,23722667428087,23722667497387,69.300,998.067,0.325,0
3926,23722668428087,23722668498278,70.191,1000.891,0.305,0
3927,23722669428087,23722669499220,71.133,1000.942,0.334,0
3928,23722670428087,23722670498209,70.122,998.989,0.315,0
3929,23722671428087,23722671497757,69.670,999.548,0.351,0
3930,23722672428087,23722672499591,71.504,1001.834,0.305,0
3931,23722673428087,23722673501670,73.583,1002.079,0.319,0
3932,23722674428087,23722674434480,6.393,932.810,0.323,0
3933,23722675428087,23722675497793,69.706,1063.313,0.313,0
3934,23722676428087,23722676497411,69.324,999.618,0.314,0
3935,23722677428087,23722677497481,69.394,1000.070,0.327,0
3936,23722678428087,23722678431753,3.666,934.272,0.171,0
3937,23722679428087,23722679497694,69.607,1065.941,0.315,0
3938,23722680428087,23722680498919,70.832,1001.225,0.337,0
3939,23722681428087,23722681496894,68.807,997.975,0.322,0
3940,23722682428087,23722682498259,70.172,1001.365,0.319,0
3941,23722683428087,23722683497354,69.267,999.095,0.313,0
3942,23722684428087,23722684434498,6.411,937.144,0.350,0
3943,23722685428087,23722685498083,69.996,1063.585,0.349,0
3944,23722686428087,23722686498154,70.067,1000.071,0.324,0
3945,23722687428087,23722687498448,70.361,1000.294,0.315,0
3946,23722688428087,23722688497397,69.310,998.949,0.334,0
3947,23722689428087,23722689497604,69.517,1000.207,0.355,0
3948,23722690428087,23722690497535,69.448,999.931,0.334,0
3949,23722691428087,23722691497940,69.853,1000.405,0.331,0
3950,23722692428087,23722692498582,70.495,1000.642,0.315,0
3951,23722693428087,23722693498237,70.150,999.655,0.322,0
3952,23722694428087,23722694434537,6.450,936.300,0.332,0
3953,23722695428087,23722695498045,69.958,1063.508,0.302,0
3954,23722696428087,23722696498304,70.217,1000.259,0.355,0
3955,23722697428087,23722697497923,69.836,999.619,0.346,0
3956,23722698428087,23722698431957,3.870,934.034,0.171,0
3957,23722699428087,23722699497502,69.415,1065.545,0.352,0
3958,23722700428087,23722700497435,69.348,999.933,0.314,0
3959,23722701428087,23722701497632,69.545,1000.197,0.339,0
3960,23722702428087,23722702498570,70.483,1000.938,0.348,0
3961,23722703428087,23722703498457,70.370,999.887,0.334,0
3962,23722704428087,23722704434555,6.468,936.098,0.357,0
3963,23722705428087,23722705497731,69.644,1063.176,0.319,0
3964,23722706428087,23722706496838,68.751,999.107,0.322,0
3965,23722707428087,23722707503541,75.454,1006.703,0.323,0
3966,23722708428087,23722708497887,69.800,994.346,0.321,0
3967,23722709428087,23722709498687,70.600,1000.800,0.316,0
3968,23722710428087,23722710498797,70.710,1000.110,0.307,0
3969,23722711428087,23722711497791,69.704,998.994,0.339,0
3970,23722712428087,23722712497787,69.700,999.996,0.296,0
3971,23722713428087,23722713501792,73.705,1004.005,0.346,0
3972,23722714428087,23722714433733,5.646,931.941,0.350,0
3973,23722715428087,23722715497531,69.444,1063.798,0.321,0
3974,23722716428087,23722716496484,68.397,998.953,0.302,0
3975,23722717428087,23722717497581,69.494,1001.097,0.301,0
3976,23722718428087,23722718498446,70.359,1000.865,0.310,0
3977,23722719428087,23722719498643,70.556,1000.197,0.319,0
3978,23722720428087,23722720498947,70.860,1000.304,0.333,0
3979,23722721428087,23722721501058,72.971,1002.111,0.346,0
3980,23722722428087,23722722499154,71.067,998.096,0.330,0
3981,23722723428087,23722723501267,73.180,1002.113,0.304,0
3982,23722724428087,23722724434790,6.703,933.523,0.341,0
3983,23722725428087,23722725498176,70.089,1063.386,0.328,0
3984,23722726428087,23722726499512,71.425,1001.336,0.305,0
3985,23722727428087,23722727498341,70.254,998.829,0.325,0
3986,23722728428087,23722728485008,56.921,986.667,0.312,0
3987,23722729428087,23722729500515,72.428,1015.507,0.323,0
3988,23722730428087,23722730498970,70.883,998.455,0.317,0
3989,23722731428087,23722731497696,69.609,998.726,0.323,0
3990,23722732428087,23722732497188,69.101,999.492,0.326,0
3991,23722733428087,23722733498129,70.042,1000.941,0.332,0
3992,23722734428087,23722734434506,6.419,936.377,0.348,0
3993,23722735428087,23722735462672,34.585,1028.166,0.332,0
3994,23722736428087,23722736499255,71.168,1036.583,0.341,0
3995,23722737428087,23722737501121,73.034,1001.866,0.318,0
3996,23722738428087,23722738431764,3.677,930.643,0.163,0
3997,23722739428087,23722739430520,2.433,998.756,0.072,0
3998,23722740428087,23722740497403,69.316,1066.883,0.311,0
3999,23722741428087,23722741497302,69.215,999.899,0.326,0
4000,23722742428087,23722742497632,69.545,1000.330,0.308,0
4001,23722743428087,23722743497764,69.677,1000.132,0.313,0
4002,23722744428087,23722744434624,6.537,936.860,0.343,0
4003,23722745428087,23722745497949,69.862,1063.325,0.345,0
4004,23722746428087,23722746497924,69.837,999.975,0.310,0
4005,23722747428087,23722747498518,70.431,1000.594,0.334,0
4006,23722748428087,23722748498401,70.314,999.883,0.310,0
4007,23722749428087,23722749498236,70.149,999.835,0.310,0
4008,23722750428087,23722750498232,70.145,999.996,0.304,0
4009,23722751428087,23722751497705,69.618,999.473,0.328,0
4010,23722752428087,23722752497584,69.497,999.879,0.329,0
4011,23722753428087,23722753497334,69.247,999.750,0.326,0
4012,23722754428087,23722754434463,6.376,937.129,0.330,0
4013,23722755428087,23722755497670,69.583,1063.207,0.323,0
4014,23722756428087,23722756498079,69.992,1000.409,0.310,0
4015,23722757428087,23722757497747,69.660,999.668,0.324,0
4016,23722758428087,23722758497537,69.450,999.790,0.343,0
4017,23722759428087,23722759499627,71.540,1002.090,0.353,0
4018,23722760428087,23722760497962,69.875,998.335,0.314,0
4019,23722761428087,23722761498089,70.002,1000.127,0.314,0
4020,23722762428087,23722762497193,69.106,999.104,0.352,0
4021,23722763428087,23722763497431,69.344,1000.238,0.345,0
4022,23722764428087,23722764434704,6.617,937.273,0.336,0
4023,23722765428087,23722765497366,69.279,1062.662,0.349,0
4024,23722766428087,23722766497970,69.883,1000.604,0.311,0
4025,23722767428087,23722767497728,69.641,999.758,0.320,0
4026,23722768428087,23722768497520,69.433,999.792,0.332,0
4027,23722769428087,23722769499655,71.568,1002.135,0.334,0
4028,23722770428087,23722770498923,70.836,999.268,0.316,0
4029,23722771428087,23722771500318,72.231,1001.395,0.316,0
4030,23722772428087,23722772498749,70.662,998.431,0.313,0
4031,23722773428087,23722773498237,70.150,999.488,0.347,0
4032,23722774428087,23722774434543,6.456,936.306,0.333,0
4033,23722775428087,23722775497379,69.292,1062.836,0.299,0
4034,23722776428087,23722776497659,69.572,1000.280,0.332,0
4035,23722777428087,23722777500173,72.086,1002.514,0.334,0
4036,23722778428087,23722778498306,70.219,998.133,0.320,0
4037,23722779428087,23722779498409,70.322,1000.103,0.304,0
4038,23722780428087,23722780497468,69.381,999.059,0.332,0
4039,23722781428087,23722781497493,69.406,1000.025,0.348,0
4040,23722782428087,23722782498069,69.982,1000.576,0.301,0
4041,23722783428087,23722783497796,69.709,999.727,0.310,0
4042,23722784428087,23722784435679,7.592,937.883,0.364,0
4043,23722785428087,23722785500306,72.219,1064.627,0.339,0
4044,23722786428087,23722786498775,70.688,998.469,0.308,0
4045,23722787428087,23722787500538,72.451,1001.763,0.339,0
4046,23722788428087,23722788487469,59.382,986.931,0.318,0
4047,23722789428087,23722789460263,32.176,972.794,0.332,0
4048,23722790428087,23722790472553,44.466,1012.290,0.781,0
4049,23722791428087,23722791471766,43.679,999.213,0.744,0
4050,23722792428087,23722792472146,44.059,1000.380,0.716,0
4051,23722793428087,23722793471976,43.889,999.830,0.742,0
4052,23722794428087,23722794434515,6.428,962.539,0.334,0
4053,23722795428087,23722795488061,59.974,1053.546,0.728,0
4054,23722796428087,23722796471236,43.149,983.175,0.792,0
4055,23722797428087,23722797478169,50.082,1006.933,0.759,0
4056,23722798428087,23722798496756,68.669,1018.587,0.314,0
4057,23722799428087,23722799497406,69.319,1000.650,0.356,0
4058,23722800428087,23722800498220,70.133,1000.814,0.335,0
4059,23722801428087,23722801499871,71.784,1001.651,0.337,0
4060,23722802428087,23722802497569,69.482,997.698,0.329,0
4061,23722803428087,23722803496923,68.836,999.354,0.314,0
4062,23722804428087,23722804434467,6.380,937.544,0.356,0
4063,23722805428087,23722805497496,69.409,1063.029,0.336,0
4064,23722806428087,23722806497867,69.780,1000.371,0.315,0
4065,23722807428087,23722807498455,70.368,1000.588,0.298,0
4066,23722808428087,23722808499073,70.986,1000.618,0.327,0
4067,23722809428087,23722809497678,69.591,998.605,0.326,0
4068,23722810428087,23722810498310,70.223,1000.632,0.317,0
4069,23722811428087,23722811497553,69.466,999.243,0.292,0
4070,23722812428087,23722812497641,69.554,1000.088,0.320,0
4071,23722813428087,23722813498084,69.997,1000.443,0.333,0
4072,23722814428087,23722814434489,6.402,936.405,0.302,0
4073,23722815428087,23722815497232,69.145,1062.743,0.309,0
4074,23722816428087,23722816498120,70.033,1000.888,0.314,0
4075,23722817428087,23722817498227,70.140,1000.107,0.317,0
4076,23722818428087,23722818497302,69.215,999.075,0.326,0
4077,23722819428087,23722819497598,69.511,1000.296,0.321,0
4078,23722820428087,23722820499688,71.601,1002.090,0.327,0
4079,23722821428087,23722821498885,70.798,999.197,0.341,0
4080,23722822428087,23722822497740,69.653,998.855,0.320,0
4081,23722823428087,23722823498268,70.181,1000.528,0.319,0
4082,23722824428087,23722824434840,6.753,936.572,0.341,0
4083,23722825428087,23722825497912,69.825,1063.072,0.319,0
4084,23722826428087,23722826498048,69.961,1000.136,0.315,0
4085,23722827428087,23722827497874,69.787,999.826,0.311,0
4086,23722828428087,23722828496298,68.211,998.424,0.319,0
4087,23722829428087,23722829497772,69.685,1001.474,0.309,0
4088,23722830428087,23722830500073,71.986,1002.301,0.324,0
4089,23722831428087,23722831497953,69.866,997.880,0.314,0
4090,23722832428087,23722832499058,70.971,1001.105,0.317,0
4091,23722833428087,23722833497606,69.519,998.548,0.315,0
4092,23722834428087,23722834434657,6.570,937.051,0.369,0
4093,23722835428087,23722835500145,72.058,1065.488,0.316,0
4094,23722836428087,23722836498618,70.531,998.473,0.309,0
4095,23722837428087,23722837435280,7.193,936.662,0.348,0
4096,23722838428087,23722838439332,11.245,1004.052,0.512,0
4097,23722839428087,23722839462363,34.276,1023.031,0.353,0
4098,23722840428087,23722840497888,69.801,1035.525,0.316,0
4099,23722841428087,23722841500336,72.249,1002.448,0.353,0
4100,23722842428087,23722842502164,74.077,1001.828,0.301,0
4101,23722843428087,23722843497998,69.911,995.834,0.302,0
4102,23722844428087,23722844434533,6.446,936.535,0.354,0
4103,23722845428087,23722845497293,69.206,1062.760,0.315,0
4104,23722846428087,23722846498970,70.883,1001.677,0.318,0
4105,23722847428087,23722847497785,69.698,998.815,0.354,0
4106,23722848428087,23722848498184,70.097,1000.399,0.303,0
4107,23722849428087,23722849499444,71.357,1001.260,0.350,0
4108,23722850428087,23722850497828,69.741,998.384,0.310,0
4109,23722851428087,23722851500067,71.980,1002.239,0.315,0
4110,23722852428087,23722852497561,69.474,997.494,0.348,0
4111,23722853428087,23722853499080,70.993,1001.519,0.348,0
4112,23722854428087,23722854434596,6.509,935.516,0.328,0
4113,23722855428087,23722855498093,70.006,1063.497,0.353,0
4114,23722856428087,23722856461228,33.141,963.135,0.336,0
4115,23722857428087,23722857501247,73.160,1040.019,0.319,0
4116,23722858428087,23722858502110,74.023,1000.863,0.341,0
4117,23722859428087,23722859498280,70.193,996.170,0.319,0
4118,23722860428087,23722860498802,70.715,1000.522,0.321,0
4119,23722861428087,23722861498330,70.243,999.528,0.336,0
4120,23722862428087,23722862499386,71.299,1001.056,0.314,0
4121,23722863428087,23722863499834,71.747,1000.448,0.326,0
4122,23722864428087,23722864434476,6.389,934.642,0.358,0
4123,23722865428087,23722865499992,71.905,1065.516,0.318,0
4124,23722866428087,23722866498972,70.885,998.980,0.305,0
4125,23722867428087,23722867498838,70.751,999.866,0.309,0
4126,23722868428087,23722868498363,70.276,999.525,0.344,0
4127,23722869428087,23722869499779,71.692,1001.416,0.302,0
4128,23722870428087,23722870497880,69.793,998.101,0.311,0
4129,23722871428087,23722871497663,69.576,999.783,0.317,0
4130,23722872428087,23722872498197,70.110,1000.534,0.325,0
4131,23722873428087,23722873498609,70.522,1000.412,0.319,0
4132,23722874428087,23722874434583,6.496,935.974,0.356,0
4133,23722875428087,23722875499209,71.122,1064.626,0.303,0
4134,23722876428087,23722876499133,71.046,999.924,0.319,0
4135,23722877428087,23722877500262,72.175,1001.129,0.317,0
4136,23722878428087,23722878499180,71.093,998.918,0.332,0
4137,23722879428087,23722879498233,70.146,999.053,0.302,0
4138,23722880428087,23722880498512,70.425,1000.279,0.319,0
4139,23722881428087,23722881498906,70.819,1000.394,0.382,0
4140,23722882428087,23722882499193,71.106,1000.287,0.348,0
4141,23722883428087,23722883498538,70.451,999.345,0.318,0
4142,23722884428087,23722884434389,6.302,935.851,0.357,0
4143,23722885428087,23722885497654,69.567,1063.265,0.338,0
4144,23722886428087,23722886499035,70.948,1001.381,0.329,0
4145,23722887428087,23722887431299,3.212,932.264,0.190,0
4146,23722888428087,23722888497302,69.215,1066.003,0.319,0
4147,23722889428087,23722889497746,69.659,1000.444,0.317,0
4148,23722890428087,23722890497440,69.353,999.694,0.318,0
4149,23722891428087,23722891497350,69.263,999.910,0.350,0
4150,23722892428087,23722892495588,67.501,998.238,0.312,0
4151,23722893428087,23722893497609,69.522,1002.021,0.353,0
4152,23722894428087,23722894434457,6.370,936.848,0.341,0
4153,23722895428087,23722895490642,62.555,1056.185,0.339,0
4154,23722896428087,23722896461930,33.843,971.288,0.360,0
4155,23722897428087,23722897498420,70.333,1036.490,0.333,0
4156,23722898428087,23722898497167,69.080,998.747,0.348,0
4157,23722899428087,23722899499428,71.341,1002.261,0.317,0
4158,23722900428087,23722900497541,69.454,998.113,0.336,0
4159,23722901428087,23722901497398,69.311,999.857,0.313,0
4160,23722902428087,23722902499290,71.203,1001.892,0.329,0
4161,23722903428087,23722903461532,33.445,962.242,0.323,0
4162,23722904428087,23722904433501,5.414,971.969,0.345,0
4163,23722905428087,23722905472123,44.036,1038.622,0.754,0
4164,23722906428087,23722906471290,43.203,999.167,0.806,0
4165,23722907428087,23722907472153,44.066,1000.863,0.770,0
4166,23722908428087,23722908495358,67.271,1023.205,0.311,0
4167,23722909428087,23722909497999,69.912,1002.641,0.315,0
4168,23722910428087,23722910497131,69.044,999.132,0.322,0
4169,23722911428087,23722911497276,69.189,1000.145,0.312,0
4170,23722912428087,23722912497679,69.592,1000.403,0.387,0
4171,23722913428087,23722913498880,70.793,1001.201,0.320,0
4172,23722914428087,23722914434605,6.518,935.725,0.309,0
4173,23722915428087,23722915499236,71.149,1064.631,0.325,0
4174,23722916428087,23722916467204,39.117,967.968,0.308,0
4175,23722917428087,23722917498391,70.304,1031.187,0.337,0
4176,23722918428087,23722918497737,69.650,999.346,0.317,0
4177,23722919428087,23722919498058,69.971,1000.321,0.313,0
4178,23722920428087,23722920497687,69.600,999.629,0.302,0
4179,23722921428087,23722921498305,70.218,1000.618,0.339,0
4180,23722922428087,23722922501323,73.236,1003.018,0.311,0
4181,23722923428087,23722923498780,70.693,997.457,0.314,0
4182,23722924428087,23722924434881,6.794,936.101,0.338,0
4183,23722925428087,23722925498297,70.210,1063.416,0.315,0
4184,23722926428087,23722926497331,69.244,999.034,0.343,0
4185,23722927428087,23722927497933,69.846,1000.602,0.312,0
4186,23722928428087,23722928497747,69.660,999.814,0.337,0
4187,23722929428087,23722929498471,70.384,1000.724,0.322,0
4188,23722930428087,23722930497757,69.670,999.286,0.306,0
4189,23722931428087,23722931498008,69.921,1000.251,0.322,0
4190,23722932428087,23722932498934,70.847,1000.926,0.327,0
4191,23722933428087,23722933497677,69.590,998.743,0.334,0
4192,23722934428087,23722934434543,6.456,936.866,0.317,0
4193,23722935428087,23722935497994,69.907,1063.451,0.357,0
4194,23722936428087,23722936499070,70.983,1001.076,0.322,0
4195,23722937428087,23722937498132,70.045,999.062,0.319,0
4196,23722938428087,23722938497985,69.898,999.853,0.329,0
4197,23722939428087,23722939498565,70.478,1000.580,0.311,0
4198,23722940428087,23722940498372,70.285,999.807,0.314,0
4199,23722941428087,23722941498104,70.017,999.732,0.309,0
4200,23722942428087,23722942497788,69.701,999.684,0.339,0
4201,23722943428087,23722943497282,69.195,999.494,0.392,0
4202,23722944428087,23722944433649,5.562,936.367,0.357,0
4203,23722945428087,23722945497159,69.072,1063.510,0.321,0
4204,23722946428087,23722946497795,69.708,1000.636,0.349,0
4205,23722947428087,23722947498927,70.840,1001.132,0.312,0
4206,23722948428087,23722948497607,69.520,998.680,0.339,0
4207,23722949428087,23722949497606,69.519,999.999,0.317,0
4208,23722950428087,23722950498275,70.188,1000.669,0.359,0
4209,23722951428087,23722951498319,70.232,1000.044,0.338,0
4210,23722952428087,23722952497690,69.603,999.371,0.312,0
4211,23722953428087,23722953497501,69.414,999.811,0.359,0
4212,23722954428087,23722954434518,6.431,937.017,0.324,0
4213,23722955428087,23722955499172,71.085,1064.654,0.319,0
4214,23722956428087,23722956494989,66.902,995.817,0.311,0
4215,23722957428087,23722957498777,70.690,1003.788,0.320,0
4216,23722958428087,23722958498708,70.621,999.931,0.336,0
4217,23722959428087,23722959497830,69.743,999.122,0.314,0
4218,23722960428087,23722960498376,70.289,1000.546,0.350,0
4219,23722961428087,23722961499110,71.023,1000.734,0.325,0
4220,23722962428087,23722962500543,72.456,1001.433,0.353,0
4221,23722963428087,23722963498886,70.799,998.343,0.333,0
4222,23722964428087,23722964433683,5.596,934.797,0.372,0
4223,23722965428087,23722965497680,69.593,1063.997,0.357,0
4224,23722966428087,23722966497930,69.843,1000.250,0.313,0
4225,23722967428087,23722967497657,69.570,999.727,0.303,0
4226,23722968428087,23722968498543,70.456,1000.886,0.322,0
4227,23722969428087,23722969498900,70.813,1000.357,0.318,0
4228,23722970428087,23722970500964,72.877,1002.064,0.335,0
4229,23722971428087,23722971498892,70.805,997.928,0.320,0
4230,23722972428087,23722972501169,73.082,1002.277,0.308,0
4231,23722973428087,23722973498328,70.241,997.159,0.310,0
4232,23722974428087,23722974434543,6.456,936.215,0.402,0
4233,23722975428087,23722975498247,70.160,1063.704,0.314,0
4234,23722976428087,23722976497998,69.911,999.751,0.322,0
4235,23722977428087,23722977498189,70.102,1000.191,0.325,0
4236,23722978428087,23722978431684,3.597,933.495,0.120,0
4237,23722979428087,23722979503566,75.479,1071.882,0.353,0
4238,23722980428087,23722980432952,4.865,929.386,0.206,0
4239,23722981428087,23722981497898,69.811,1064.946,0.313,0
4240,23722982428087,23722982498478,70.391,1000.580,0.325,0
4241,23722983428087,23722983497342,69.255,998.864,0.318,0
4242,23722984428087,23722984434495,6.408,937.153,0.332,0
4243,23722985428087,23722985498481,70.394,1063.986,0.334,0
4244,23722986428087,23722986500539,72.452,1002.058,0.328,0
4245,23722987428087,23722987498191,70.104,997.652,0.346,0
4246,23722988428087,23722988496469,68.382,998.278,0.313,0
4247,23722989428087,23722989496783,68.696,1000.314,0.350,0
4248,23722990428087,23722990498423,70.336,1001.640,0.346,0
4249,23722991428087,23722991497653,69.566,999.230,0.345,0
4250,23722992428087,23722992497755,69.668,1000.102,0.310,0
4251,23722993428087,23722993498263,70.176,1000.508,0.315,0
4252,23722994428087,23722994434516,6.429,936.253,0.321,0
4253,23722995428087,23722995497494,69.407,1062.978,0.312,0
4254,23722996428087,23722996498223,70.136,1000.729,0.323,0
4255,23722997428087,23722997498382,70.295,1000.159,0.334,0
4256,23722998428087,23722998498177,70.090,999.795,0.321,0
4257,23722999428087,23722999497665,69.578,999.488,0.323,0
4258,23723000428087,23723000497027,68.940,999.362,0.318,0
4259,23723001428087,23723001498179,70.092,1001.152,0.310,0
4260,23723002428087,23723002497585,69.498,999.406,0.346,0
4261,23723003428087,23723003497406,69.319,999.821,0.346,0
4262,23723004428087,23723004434530,6.443,937.124,0.357,0
4263,23723005428087,23723005497518,69.431,1062.988,0.353,0
4264,23723006428087,23723006497464,69.377,999.946,0.379,0
4265,23723007428087,23723007497554,69.467,1000.090,0.343,0
4266,23723008428087,23723008497343,69.256,999.789,0.317,0
4267,23723009428087,23723009498497,70.410,1001.154,0.305,0
4268,23723010428087,23723010498197,70.110,999.700,0.300,0
4269,23723011428087,23723011498061,69.974,999.864,0.312,0
4270,23723012428087,23723012498320,70.233,1000.259,0.350,0
4271,23723013428087,23723013497629,69.542,999.309,0.306,0
4272,23723014428087,23723014434545,6.458,936.916,0.304,0
4273,23723015428087,23723015497208,69.121,1062.663,0.318,0
4274,23723016428087,23723016496716,68.629,999.508,0.311,0
4275,23723017428087,23723017496776,68.689,1000.060,0.321,0
4276,23723018428087,23723018497282,69.195,1000.506,0.313,0
4277,23723019428087,23723019498437,70.350,1001.155,0.310,0
4278,23723020428087,23723020500747,72.660,1002.310,0.300,0
4279,23723021428087,23723021498413,70.326,997.666,0.323,0
4280,23723022428087,23723022498489,70.402,1000.076,0.325,0
4281,23723023428087,23723023498058,69.971,999.569,0.322,0
4282,23723024428087,23723024434580,6.493,936.522,0.363,0
4283,23723025428087,23723025498025,69.938,1063.445,0.317,0
4284,23723026428087,23723026500537,72.450,1002.512,0.318,0
4285,23723027428087,23723027498150,70.063,997.613,0.326,0
4286,23723028428087,23723028497717,69.630,999.567,0.312,0
4287,23723029428087,23723029495531,67.444,997.814,0.315,0
4288,23723030428087,23723030498413,70.326,1002.882,0.311,0
4289,23723031428087,23723031499362,71.275,1000.949,0.327,0
4290,23723032428087,23723032497682,69.595,998.320,0.321,0
4291,23723033428087,23723033498030,69.943,1000.348,0.343,0
4292,23723034428087,23723034434532,6.445,936.502,0.346,0
4293,23723035428087,23723035498298,70.211,1063.766,0.310,0
4294,23723036428087,23723036499929,71.842,1001.631,0.325,0
4295,23723037428087,23723037497933,69.846,998.004,0.382,0
4296,23723038428087,23723038497405,69.318,999.472,0.303,0
4297,23723039428087,23723039498182,70.095,1000.777,0.349,0
4298,23723040428087,23723040499230,71.143,1001.048,0.324,0
4299,23723041428087,23723041498249,70.162,999.019,0.310,0
4300,23723042428087,23723042500426,72.339,1002.177,0.321,0
4301,23723043428087,23723043497914,69.827,997.488,0.319,0
4302,23723044428087,23723044434551,6.464,936.637,0.312,0
4303,23723045428087,23723045497352,69.265,1062.801,0.322,0
4304,23723046428087,23723046497534,69.447,1000.182,0.320,0
4305,23723047428087,23723047498896,70.809,1001.362,0.328,0
4306,23723048428087,23723048497669,69.582,998.773,0.342,0
4307,23723049428087,23723049497717,69.630,1000.048,0.329,0
4308,23723050428087,23723050500068,71.981,1002.351,0.307,0
4309,23723051428087,23723051498618,70.531,998.550,0.307,0
4310,23723052428087,23723052498056,69.969,999.438,0.323,0
4311,23723053428087,23723053497878,69.791,999.822,0.322,0
4312,23723054428087,23723054434453,6.366,936.575,0.343,0
4313,23723055428087,23723055499419,71.332,1064.966,0.323,0
4314,23723056428087,23723056497534,69.447,998.115,0.323,0
4315,23723057428087,23723057497336,69.249,999.802,0.337,0
4316,23723058428087,23723058497222,69.135,999.886,0.316,0
4317,23723059428087,23723059498901,70.814,1001.679,0.324,0
4318,23723060428087,23723060497886,69.799,998.985,0.325,0
4319,23723061428087,23723061497506,69.419,999.620,0.310,0
4320,23723062428087,23723062499225,71.138,1001.719,0.328,0
4321,23723063428087,23723063497198,69.111,997.973,0.333,0
4322,23723064428087,23723064501281,73.194,1004.083,0.323,0
4323,23723065428087,23723065497596,69.509,996.315,0.324,0
4324,23723066428087,23723066499855,71.768,1002.259,0.310,0
4325,23723067428087,23723067499516,71.429,999.661,0.326,0
4326,23723068428087,23723068497620,69.533,998.104,0.383,0
4327,23723069428087,23723069497528,69.441,999.908,0.341,0
4328,23723070428087,23723070498245,70.158,1000.717,0.321,0
4329,23723071428087,23723071496741,68.654,998.496,0.351,0
4330,23723072428087,23723072496812,68.725,1000.071,0.332,0
4331,23723073428087,23723073497952,69.865,1001.140,0.322,0
4332,23723074428087,23723074461033,32.946,963.081,0.347,0
4333,23723075428087,23723075462708,34.621,1001.675,0.353,0
4334,23723076428087,23723076497818,69.731,1035.110,0.354,0
4335,23723077428087,23723077494795,66.708,996.977,0.342,0
4336,23723078428087,23723078497412,69.325,1002.617,0.307,0
4337,23723079428087,23723079498242,70.155,1000.830,0.306,0
4338,23723080428087,23723080497295,69.208,999.053,0.324,0
4339,23723081428087,23723081499583,71.496,1002.288,0.353,0
4340,23723082428087,23723082498207,70.120,998.624,0.316,0
4341,23723083428087,23723083502608,74.521,1004.401,0.327,0
4342,23723084428087,23723084434706,6.619,932.098,0.348,0
4343,23723085428087,23723085498390,70.303,1063.684,0.333,0
4344,23723086428087,23723086498740,70.653,1000.350,0.308,0
4345,23723087428087,23723087498910,70.823,1000.170,0.326,0
4346,23723088428087,23723088498558,70.471,999.648,0.324,0
4347,23723089428087,23723089498415,70.328,999.857,0.343,0
4348,23723090428087,23723090500937,72.850,1002.522,0.335,0
4349,23723091428087,23723091501853,73.766,1000.916,0.308,0
4350,23723092428087,23723092497823,69.736,995.970,0.354,0
4351,23723093428087,23723093496551,68.464,998.728,0.310,0
4352,23723094428087,23723094498323,70.236,1001.772,0.333,0
4353,23723095428087,23723095498408,70.321,1000.085,0.342,0
4354,23723096428087,23723096498734,70.647,1000.326,0.324,0
4355,23723097428087,23723097498718,70.631,999.984,0.305,0
4356,23723098428087,23723098499164,71.077,1000.446,0.321,0
4357,23723099428087,23723099498304,70.217,999.140,0.371,0
4358,23723100428087,23723100499706,71.619,1001.402,0.322,0
4359,23723101428087,23723101498493,70.406,998.787,0.341,0
4360,23723102428087,23723102498672,70.585,1000.179,0.313,0
4361,23723103428087,23723103498875,70.788,1000.203,0.319,0
4362,23723104428087,23723104500173,72.086,1001.298,0.342,0
4363,23723105428087,23723105468786,40.699,968.613,0.420,0
4364,23723106428087,23723106467786,39.699,999.000,0.338,0
4365,23723107428087,23723107501737,73.650,1033.951,0.314,0
4366,23723108428087,23723108499245,71.158,997.508,0.321,0
4367,23723109428087,23723109484421,56.334,985.176,0.336,0
4368,23723110428087,23723110498793,70.706,1014.372,0.313,0
4369,23723111428087,23723111498409,70.322,999.616,0.305,0
4370,23723112428087,23723112498897,70.810,1000.488,0.338,0
4371,23723113428087,23723113499935,71.848,1001.038,0.355,0
4372,23723114428087,23723114502909,74.822,1002.974,0.328,0
4373,23723115428087,23723115499100,71.013,996.191,0.359,0
4374,23723116428087,23723116498426,70.339,999.326,0.312,0
4375,23723117428087,23723117499713,71.626,1001.287,0.365,0
4376,23723118428087,23723118498289,70.202,998.576,0.317,0
4377,23723119428087,23723119497292,69.205,999.003,0.322,0
4378,23723120428087,23723120497562,69.475,1000.270,0.322,0
4379,23723121428087,23723121498625,70.538,1001.063,0.330,0
4380,23723122428087,23723122499024,70.937,1000.399,0.351,0
4381,23723123428087,23723123498701,70.614,999.677,0.314,0
4382,23723124428087,23723124496433,68.346,997.732,0.314,0
4383,23723125428087,23723125499555,71.468,1003.122,0.328,0
4384,23723126428087,23723126498991,70.904,999.436,0.331,0
4385,23723127428087,23723127500172,72.085,1001.181,0.326,0
4386,23723128428087,23723128499312,71.225,999.140,0.332,0
4387,23723129428087,23723129498463,70.376,999.151,0.309,0
4388,23723130428087,23723130499285,71.198,1000.822,0.322,0
4389,23723131428087,23723131498381,70.294,999.096,0.396,0
4390,23723132428087,23723132499297,71.210,1000.916,0.307,0
4391,23723133428087,23723133499579,71.492,1000.282,0.316,0
4392,23723134428087,23723134498815,70.728,999.236,0.340,0
4393,23723135428087,23723135498718,70.631,999.903,0.311,0
4394,23723136428087,23723136499323,71.236,1000.605,0.308,0
4395,23723137428087,23723137499018,70.931,999.695,0.327,0
4396,23723138428087,23723138500436,72.349,1001.418,0.347,0
4397,23723139428087,23723139499777,71.690,999.341,0.342,0
4398,23723140428087,23723140498200,70.113,998.423,0.310,0
4399,23723141428087,23723141495963,67.876,997.763,0.349,0
4400,23723142428087,23723142498473,70.386,1002.510,0.341,0
4401,23723143428087,23723143499527,71.440,1001.054,0.308,0
4402,23723144428087,23723144498590,70.503,999.063,0.327,0
4403,23723145428087,23723145499716,71.629,1001.126,0.295,0
4404,23723146428087,23723146499110,71.023,999.394,0.317,0
4405,23723147428087,23723147497767,69.680,998.657,0.312,0
4406,23723148428087,23723148499208,71.121,1001.441,0.330,0
4407,23723149428087,23723149499451,71.364,1000.243,0.330,0
4408,23723150428087,23723150498424,70.337,998.973,0.346,0
4409,23723151428087,23723151500082,71.995,1001.658,0.310,0
4410,23723152428087,23723152498415,70.328,998.333,0.330,0
4411,23723153428087,23723153498345,70.258,999.930,0.330,0
4412,23723154428087,23723154500064,71.977,1001.719,0.335,0
4413,23723155428087,23723155501321,73.234,1001.257,0.331,0
4414,23723156428087,23723156500338,72.251,999.017,0.308,0
4415,23723157428087,23723157495084,66.997,994.746,0.316,0
4416,23723158428087,23723158497654,69.567,1002.570,0.314,0
4417,23723159428087,23723159498147,70.060,1000.493,0.329,0
4418,23723160428087,23723160498344,70.257,1000.197,0.301,0
4419,23723161428087,23723161498412,70.325,1000.068,0.319,0
4420,23723162428087,23723162500116,72.029,1001.704,0.410,0
4421,23723163428087,23723163502593,74.506,1002.477,0.306,0
4422,23723164428087,23723164503915,75.828,1001.322,0.367,0
4423,23723165428087,23723165498859,70.772,994.944,0.324,0
4424,23723166428087,23723166498305,70.218,999.446,0.327,0
4425,23723167428087,23723167499131,71.044,1000.826,0.341,0
4426,23723168428087,23723168498388,70.301,999.257,0.357,0
4427,23723169428087,23723169500678,72.591,1002.290,0.319,0
4428,23723170428087,23723170499840,71.753,999.162,0.326,0
4429,23723171428087,23723171501102,73.015,1001.262,0.321,0
4430,23723172428087,23723172498888,70.801,997.786,0.326,0
4431,23723173428087,23723173499003,70.916,1000.115,0.343,0
4432,23723174428087,23723174499477,71.390,1000.474,0.315,0
4433,23723175428087,23723175500392,72.305,1000.915,0.307,0
4434,23723176428087,23723176499221,71.134,998.829,0.328,0
4435,23723177428087,23723177499109,71.022,999.888,0.313,0
4436,23723178428087,23723178499584,71.497,1000.475,0.325,0
4437,23723179428087,23723179498847,70.760,999.263,0.312,0
4438,23723180428087,23723180500619,72.532,1001.772,0.303,0
4439,23723181428087,23723181499029,70.942,998.410,0.322,0
4440,23723182428087,23723182500428,72.341,1001.399,0.339,0
4441,23723183428087,23723183498971,70.884,998.543,0.348,0
4442,23723184428087,23723184501452,73.365,1002.481,0.319,0
4443,23723185428087,23723185498855,70.768,997.403,0.320,0
4444,23723186428087,23723186498269,70.182,999.414,0.359,0
4445,23723187428087,23723187494550,66.463,996.281,0.311,0
4446,23723188428087,23723188498259,70.172,1003.709,0.337,0
4447,23723189428087,23723189499252,71.165,1000.993,0.330,0
4448,23723190428087,23723190499405,71.318,1000.153,0.314,0
4449,23723191428087,23723191499692,71.605,1000.287,0.304,0
4450,23723192428087,23723192500126,72.039,1000.434,0.323,0
4451,23723193428087,23723193498699,70.612,998.573,0.364,0
4452,23723194428087,23723194434525,6.438,935.826,0.314,0
4453,23723195428087,23723195498685,70.598,1064.160,0.321,0
4454,23723196428087,23723196498426,70.339,999.741,0.323,0
4455,23723197428087,23723197498596,70.509,1000.170,0.341,0
4456,23723198428087,23723198496008,67.921,997.412,0.333,0
4457,23723199428087,23723199499116,71.029,1003.108,0.317,0
4458,23723200428087,23723200498477,70.390,999.361,0.322,0
4459,23723201428087,23723201497601,69.514,999.124,0.356,0
4460,23723202428087,23723202499033,70.946,1001.432,0.333,0
4461,23723203428087,23723203498431,70.344,999.398,0.321,0
4462,23723204428087,23723204434007,5.920,935.576,0.327,0
4463,23723205428087,23723205501005,72.918,1066.998,0.312,0
4464,23723206428087,23723206499329,71.242,998.324,0.325,0
4465,23723207428087,23723207498709,70.622,999.380,0.326,0
4466,23723208428087,23723208499852,71.765,1001.143,0.358,0
4467,23723209428087,23723209498661,70.574,998.809,0.320,0
4468,23723210428087,23723210486831,58.744,988.170,0.364,0
4469,23723211428087,23723211501931,73.844,1015.100,0.342,0
4470,23723212428087,23723212503194,75.107,1001.263,0.337,0
4471,23723213428087,23723213500065,71.978,996.871,0.360,0
4472,23723214428087,23723214503007,74.920,1002.942,0.352,0
4473,23723215428087,23723215498581,70.494,995.574,0.336,0
4474,23723216428087,23723216498634,70.547,1000.053,0.322,0
4475,23723217428087,23723217498300,70.213,999.666,0.322,0
4476,23723218428087,23723218499269,71.182,1000.969,0.321,0
4477,23723219428087,23723219500352,72.265,1001.083,0.339,0
4478,23723220428087,23723220504505,76.418,1004.153,0.327,0
4479,23723221428087,23723221500836,72.749,996.331,0.365,0
4480,23723222428087,23723222498511,70.424,997.675,0.311,0
4481,23723223428087,23723223498915,70.828,1000.404,0.330,0
4482,23723224428087,23723224496668,68.581,997.753,0.409,0
4483,23723225428087,23723225498451,70.364,1001.783,0.357,0
4484,23723226428087,23723226499909,71.822,1001.458,0.337,0
4485,23723227428087,23723227501065,72.978,1001.156,0.334,0
4486,23723228428087,23723228502976,74.889,1001.911,0.314,0
4487,23723229428087,23723229498945,70.858,995.969,0.339,0
4488,23723230428087,23723230499118,71.031,1000.173,0.346,0
4489,23723231428087,23723231498475,70.388,999.357,0.352,0
4490,23723232428087,23723232498460,70.373,999.985,0.353,0
4491,23723233428087,23723233498530,70.443,1000.070,0.327,0
4492,23723234428087,23723234499349,71.262,1000.819,0.332,0
4493,23723235428087,23723235500332,72.245,1000.983,0.332,0
4494,23723236428087,23723236499564,71.477,999.232,0.318,0
4495,23723237428087,23723237433511,5.424,933.947,0.336,0
4496,23723238428087,23723238498845,70.758,1065.334,0.309,0
4497,23723239428087,23723239499653,71.566,1000.808,0.322,0
4498,23723240428087,23723240498303,70.216,998.650,0.324,0
4499,23723241428087,23723241498529,70.442,1000.226,0.318,0
4500,23723242428087,23723242498601,70.514,1000.072,0.327,0
4501,23723243428087,23723243470586,42.499,971.985,0.330,0
4502,23723244428087,23723244434463,6.376,963.877,0.322,0
4503,23723245428087,23723245498903,70.816,1064.440,0.354,0
4504,23723246428087,23723246500600,72.513,1001.697,0.307,0
4505,23723247428087,23723247499262,71.175,998.662,0.318,0
4506,23723248428087,23723248498107,70.020,998.845,0.327,0
4507,23723249428087,23723249498051,69.964,999.944,0.343,0
4508,23723250428087,23723250498345,70.258,1000.294,0.355,0
4509,23723251428087,23723251498305,70.218,999.960,0.318,0
4510,23723252428087,23723252466037,37.950,967.732,0.315,0
4511,23723253428087,23723253500294,72.207,1034.257,0.336,0
4512,23723254428087,23723254434615,6.528,934.321,0.327,0
4513,23723255428087,23723255497930,69.843,1063.315,0.314,0
4514,23723256428087,23723256498254,70.167,1000.324,0.388,0
4515,23723257428087,23723257499551,71.464,1001.297,0.333,0
4516,23723258428087,23723258498418,70.331,998.867,0.329,0
4517,23723259428087,23723259500356,72.269,1001.938,0.315,0
4518,23723260428087,23723260499158,71.071,998.802,0.363,0
4519,23723261428087,23723261498362,70.275,999.204,0.333,0
4520,23723262428087,23723262496202,68.115,997.840,0.310,0
4521,23723263428087,23723263497553,69.466,1001.351,0.311,0
4522,23723264428087,23723264434436,6.349,936.883,0.308,0
4523,23723265428087,23723265497858,69.771,1063.422,0.349,0
4524,23723266428087,23723266497398,69.311,999.540,0.317,0
4525,23723267428087,23723267499059,70.972,1001.661,0.327,0
4526,23723268428087,23723268498894,70.807,999.835,0.316,0
4527,23723269428087,23723269500517,72.430,1001.623,0.340,0
4528,23723270428087,23723270500441,72.354,999.924,0.326,0
4529,23723271428087,23723271499237,71.150,998.796,0.317,0
4530,23723272428087,23723272499028,70.941,999.791,0.319,0
4531,23723273428087,23723273498979,70.892,999.951,0.355,0
4532,23723274428087,23723274498552,70.465,999.573,0.323,0
4533,23723275428087,23723275501199,73.112,1002.647,0.338,0
4534,23723276428087,23723276502444,74.357,1001.245,0.333,0
4535,23723277428087,23723277435672,7.585,933.228,0.352,0
4536,23723278428087,23723278495924,67.837,1060.252,0.310,0
4537,23723279428087,23723279498327,70.240,1002.403,0.316,0
4538,23723280428087,23723280499178,71.091,1000.851,0.352,0
4539,23723281428087,23723281499559,71.472,1000.381,0.361,0
4540,23723282428087,23723282498287,70.200,998.728,0.354,0
4541,23723283428087,23723283500004,71.917,1001.717,0.335,0
4542,23723284428087,23723284500565,72.478,1000.561,0.323,0
4543,23723285428087,23723285500359,72.272,999.794,0.317,0
4544,23723286428087,23723286498749,70.662,998.390,0.357,0
4545,23723287428087,23723287433559,5.472,934.810,0.390,0
4546,23723288428087,23723288499083,70.996,1065.524,0.320,0
4547,23723289428087,23723289498130,70.043,999.047,0.354,0
4548,23723290428087,23723290498183,70.096,1000.053,0.327,0
4549,23723291428087,23723291500945,72.858,1002.762,0.315,0
4550,23723292428087,23723292502294,74.207,1001.349,0.351,0
4551,23723293428087,23723293498635,70.548,996.341,0.351,0
4552,23723294428087,23723294496398,68.311,997.763,0.332,0
4553,23723295428087,23723295498684,70.597,1002.286,0.345,0
4554,23723296428087,23723296498219,70.132,999.535,0.318,0
4555,23723297428087,23723297498609,70.522,1000.390,0.319,0
4556,23723298428087,23723298498188,70.101,999.579,0.308,0
4557,23723299428087,23723299499512,71.425,1001.324,0.314,0
4558,23723300428087,23723300466523,38.436,967.011,0.321,0
4559,23723301428087,23723301499309,71.222,1032.786,0.301,0
4560,23723302428087,23723302498531,70.444,999.222,0.319,0
4561,23723303428087,23723303498905,70.818,1000.374,0.319,0
4562,23723304428087,23723304497310,69.223,998.405,0.356,0
4563,23723305428087,23723305497915,69.828,1000.605,0.311,0
4564,23723306428087,23723306497344,69.257,999.429,0.336,0
4565,23723307428087,23723307498285,70.198,1000.941,0.310,0
4566,23723308428087,23723308499013,70.926,1000.728,0.337,0
4567,23723309428087,23723309498510,70.423,999.497,0.303,0
4568,23723310428087,23723310499352,71.265,1000.842,0.315,0
4569,23723311428087,23723311498434,70.347,999.082,0.303,0
4570,23723312428087,23723312497738,69.651,999.304,0.345,0
4571,23723313428087,23723313498705,70.618,1000.967,0.321,0
4572,23723314428087,23723314500919,72.832,1002.214,0.303,0
4573,23723315428087,23723315498688,70.601,997.769,0.311,0
4574,23723316428087,23723316498302,70.215,999.614,0.344,0
4575,23723317428087,23723317498089,70.002,999.787,0.317,0
4576,23723318428087,23723318500047,71.960,1001.958,0.545,0
4577,23723319428087,23723319499270,71.183,999.223,0.344,0
4578,23723320428087,23723320500591,72.504,1001.321,0.361,0
4579,23723321428087,23723321498703,70.616,998.112,0.323,0
4580,23723322428087,23723322499001,70.914,1000.298,0.313,0
4581,23723323428087,23723323499292,71.205,1000.291,0.330,0
4582,23723324428087,23723324497355,69.268,998.063,0.341,0
4583,23723325428087,23723325498655,70.568,1001.300,0.324,0
4584,23723326428087,23723326496475,68.388,997.820,0.322,0
4585,23723327428087,23723327499621,71.534,1003.146,0.327,0
4586,23723328428087,23723328498564,70.477,998.943,0.310,0
4587,23723329428087,23723329500736,72.649,1002.172,0.336,0
4588,23723330428087,23723330498364,70.277,997.628,0.300,0
4589,23723331428087,23723331499037,70.950,1000.673,0.306,0
4590,23723332428087,23723332498191,70.104,999.154,0.316,0
4591,23723333428087,23723333499680,71.593,1001.489,0.309,0
4592,23723334428087,23723334499549,71.462,999.869,0.306,0
4593,23723335428087,23723335497559,69.472,998.010,0.303,0
4594,23723336428087,23723336498557,70.470,1000.998,0.353,0
4595,23723337428087,23723337433446,5.359,934.889,0.324,0
4596,23723338428087,23723338498312,70.225,1064.866,0.343,0
4597,23723339428087,23723339500609,72.522,1002.297,0.312,0
4598,23723340428087,23723340501764,73.677,1001.155,0.317,0
4599,23723341428087,23723341498755,70.668,996.991,0.326,0
4600,23723342428087,23723342495439,67.352,996.684,0.316,0
4601,23723343428087,23723343499298,71.211,1003.859,0.345,0
4602,23723344428087,23723344498562,70.475,999.264,0.329,0
4603,23723345428087,23723345497470,69.383,998.908,0.350,0
4604,23723346428087,23723346498244,70.157,1000.774,0.323,0
4605,23723347428087,23723347498798,70.711,1000.554,0.319,0
4606,23723348428087,23723348502885,74.798,1004.087,0.346,0
4607,23723349428087,23723349499386,71.299,996.501,0.394,0
4608,23723350428087,23723350498474,70.387,999.088,0.330,0
4609,23723351428087,23723351498445,70.358,999.971,0.325,0
4610,23723352428087,23723352498946,70.859,1000.501,0.329,0
4611,23723353428087,23723353500707,72.620,1001.761,0.312,0
4612,23723354428087,23723354498888,70.801,998.181,0.316,0
4613,23723355428087,23723355499211,71.124,1000.323,0.324,0
4614,23723356428087,23723356501384,73.297,1002.173,0.329,0
4615,23723357428087,23723357498625,70.538,997.241,0.332,0
4616,23723358428087,23723358497329,69.242,998.704,0.343,0
4617,23723359428087,23723359497390,69.303,1000.061,0.329,0
4618,23723360428087,23723360499321,71.234,1001.931,0.329,0
4619,23723361428087,23723361498626,70.539,999.305,0.316,0
4620,23723362428087,23723362497514,69.427,998.888,0.322,0
4621,23723363428087,23723363498725,70.638,1001.211,0.325,0
4622,23723364428087,23723364498219,70.132,999.494,0.341,0
4623,23723365428087,23723365498801,70.714,1000.582,0.298,0
4624,23723366428087,23723366498338,70.251,999.537,0.306,0
4625,23723367428087,23723367498858,70.771,1000.520,0.327,0
4626,23723368428087,23723368499048,70.961,1000.190,0.306,0
4627,23723369428087,23723369497951,69.864,998.903,0.313,0
4628,23723370428087,23723370498384,70.297,1000.433,0.311,0
4629,23723371428087,23723371499412,71.325,1001.028,0.315,0
4630,23723372428087,23723372498595,70.508,999.183,0.323,0
4631,23723373428087,23723373498663,70.576,1000.068,0.327,0
4632,23723374428087,23723374498726,70.639,1000.063,0.312,0
4633,23723375428087,23723375498991,70.904,1000.265,0.326,0
4634,23723376428087,23723376499120,71.033,1000.129,0.316,0
4635,23723377428087,23723377498861,70.774,999.741,0.332,0
4636,23723378428087,23723378499289,71.202,1000.428,0.306,0
4637,23723379428087,23723379498360,70.273,999.071,0.317,0
4638,23723380428087,23723380498711,70.624,1000.351,0.316,0
4639,23723381428087,23723381499013,70.926,1000.302,0.378,0
4640,23723382428087,23723382498434,70.347,999.421,0.318,0
4641,23723383428087,23723383496447,68.360,998.013,0.314,0
4642,23723384428087,23723384498366,70.279,1001.919,0.325,0
4643,23723385428087,23723385498535,70.448,1000.169,0.335,0
4644,23723386428087,23723386497603,69.516,999.068,0.334,0
4645,23723387428087,23723387473906,45.819,976.303,0.350,0
4646,23723388428087,23723388498420,70.333,1024.514,0.352,0
4647,23723389428087,23723389497771,69.684,999.351,0.351,0
4648,23723390428087,23723390495874,67.787,998.103,0.316,0
4649,23723391428087,23723391498414,70.327,1002.540,0.334,0
4650,23723392428087,23723392498652,70.565,1000.238,0.343,0
4651,23723393428087,23723393498285,70.198,999.633,0.321,0
4652,23723394428087,23723394434624,6.537,936.339,0.327,0
4653,23723395428087,23723395499159,71.072,1064.535,0.310,0
4654,23723396428087,23723396488348,60.261,989.189,0.320,0
4655,23723397428087,23723397498984,70.897,1010.636,0.313,0
4656,23723398428087,23723398500105,72.018,1001.121,0.327,0
4657,23723399428087,23723399496210,68.123,996.105,0.355,0
4658,23723400428087,23723400499192,71.105,1002.982,0.304,0
4659,23723401428087,23723401498805,70.718,999.613,0.315,0
4660,23723402428087,23723402498822,70.735,1000.017,0.329,0
4661,23723403428087,23723403499784,71.697,1000.962,0.348,0
4662,23723404428087,23723404434490,6.403,934.706,0.322,0
4663,23723405428087,23723405499858,71.771,1065.368,0.325,0
4664,23723406428087,23723406500662,72.575,1000.804,0.343,0
4665,23723407428087,23723407498881,70.794,998.219,0.347,0
4666,23723408428087,23723408499067,70.980,1000.186,0.317,0
4667,23723409428087,23723409498598,70.511,999.531,0.305,0
4668,23723410428087,23723410498355,70.268,999.757,0.310,0
4669,23723411428087,23723411498228,70.141,999.873,0.333,0
4670,23723412428087,23723412502398,74.311,1004.170,0.390,0
4671,23723413428087,23723413498852,70.765,996.454,0.318,0
4672,23723414428087,23723414434557,6.470,935.705,0.353,0
4673,23723415428087,23723415498458,70.371,1063.901,0.321,0
4674,23723416428087,23723416498726,70.639,1000.268,0.328,0
4675,23723417428087,23723417499355,71.268,1000.629,0.313,0
4676,23723418428087,23723418498652,70.565,999.297,0.311,0
4677,23723419428087,23723419499387,71.300,1000.735,0.303,0
4678,23723420428087,23723420500915,72.828,1001.528,0.312,0
4679,23723421428087,23723421498265,70.178,997.350,0.312,0
4680,23723422428087,23723422498142,70.055,999.877,0.345,0
4681,23723423428087,23723423498656,70.569,1000.514,0.326,0
4682,23723424428087,23723424434533,6.446,935.877,0.333,0
4683,23723425428087,23723425498699,70.612,1064.166,0.345,0
4684,23723426428087,23723426498263,70.176,999.564,0.335,0
4685,23723427428087,23723427498603,70.516,1000.340,0.316,0
4686,23723428428087,23723428498253,70.166,999.650,0.319,0
4687,23723429428087,23723429499001,70.914,1000.748,0.342,0
4688,23723430428087,23723430499706,71.619,1000.705,0.322,0
4689,23723431428087,23723431498215,70.128,998.509,0.319,0
4690,23723432428087,23723432498924,70.837,1000.709,0.316,0
4691,23723433428087,23723433498407,70.320,999.483,0.342,0
4692,23723434428087,23723434498488,70.401,1000.081,0.324,0
4693,23723435428087,23723435498392,70.305,999.904,0.315,0
4694,23723436428087,23723436500415,72.328,1002.023,0.334,0
4695,23723437428087,23723437500208,72.121,999.793,0.331,0
4696,23723438428087,23723438500698,72.611,1000.490,0.333,0
4697,23723439428087,23723439498586,70.499,997.888,0.348,0
4698,23723440428087,23723440500347,72.260,1001.761,0.315,0
4699,23723441428087,23723441499761,71.674,999.414,0.312,0
4700,23723442428087,23723442498269,70.182,998.508,0.326,0
4701,23723443428087,23723443499007,70.920,1000.738,0.393,0
4702,23723444428087,23723444502059,73.972,1003.052,0.313,0
4703,23723445428087,23723445499162,71.075,997.103,0.299,0
4704,23723446428087,23723446498908,70.821,999.746,0.339,0
4705,23723447428087,23723447495854,67.767,996.946,0.360,0
4706,23723448428087,23723448499392,71.305,1003.538,0.316,0
4707,23723449428087,23723449498529,70.442,999.137,0.348,0
4708,23723450428087,23723450498837,70.750,1000.308,0.355,0
4709,23723451428087,23723451498769,70.682,999.932,0.320,0
4710,23723452428087,23723452498251,70.164,999.482,0.305,0
4711,23723453428087,23723453499454,71.367,1001.203,0.313,0
4712,23723454428087,23723454500992,72.905,1001.538,0.318,0
4713,23723455428087,23723455498614,70.527,997.622,0.346,0
4714,23723456428087,23723456492515,64.428,993.901,0.332,0
4715,23723457428087,23723457498771,70.684,1006.256,0.344,0
4716,23723458428087,23723458498767,70.680,999.996,0.298,0
4717,23723459428087,23723459499072,70.985,1000.305,0.329,0
4718,23723460428087,23723460501475,73.388,1002.403,0.327,0
4719,23723461428087,23723461503002,74.915,1001.527,0.318,0
4720,23723462428087,23723462498694,70.607,995.692,0.348,0
4721,23723463428087,23723463495805,67.718,997.111,0.333,0
4722,23723464428087,23723464500487,72.400,1004.682,0.303,0
4723,23723465428087,23723465498766,70.679,998.279,0.318,0
4724,23723466428087,23723466498284,70.197,999.518,0.312,0
4725,23723467428087,23723467499072,70.985,1000.788,0.312,0
4726,23723468428087,23723468500051,71.964,1000.979,0.301,0
4727,23723469428087,23723469499387,71.300,999.336,0.329,0
4728,23723470428087,23723470500479,72.392,1001.092,0.348,0
4729,23723471428087,23723471498470,70.383,997.991,0.325,0
4730,23723472428087,23723472498385,70.298,999.915,0.352,0
4731,23723473428087,23723473498340,70.253,999.955,0.300,0
4732,23723474428087,23723474448977,20.890,950.637,0.336,0
4733,23723475428087,23723475498202,70.115,1049.225,0.332,0
4734,23723476428087,23723476501409,73.322,1003.207,0.316,0
4735,23723477428087,23723477497963,69.876,996.554,0.342,0
4736,23723478428087,23723478498284,70.197,1000.321,0.319,0
4737,23723479428087,23723479497665,69.578,999.381,0.312,0
4738,23723480428087,23723480499215,71.128,1001.550,0.338,0
4739,23723481428087,23723481499004,70.917,999.789,0.312,0
4740,23723482428087,23723482499175,71.088,1000.171,0.312,0
4741,23723483428087,23723483499527,71.440,1000.352,0.352,0
4742,23723484428087,23723484434528,6.441,935.001,0.347,0
4743,23723485428087,23723485498166,70.079,1063.638,0.334,0
4744,23723486428087,23723486498880,70.793,1000.714,0.300,0
4745,23723487428087,23723487498283,70.196,999.403,0.305,0
4746,23723488428087,23723488498211,70.124,999.928,0.319,0
4747,23723489428087,23723489498116,70.029,999.905,0.324,0
4748,23723490428087,23723490498806,70.719,1000.690,0.321,0
4749,23723491428087,23723491498607,70.520,999.801,0.324,0
4750,23723492428087,23723492498950,70.863,1000.343,0.328,0
4751,23723493428087,23723493498868,70.781,999.918,0.328,0
4752,23723494428087,23723494434433,6.346,935.565,0.309,0
4753,23723495428087,23723495500028,71.941,1065.595,0.323,0
4754,23723496428087,23723496497869,69.782,997.841,0.318,0
4755,23723497428087,23723497466718,38.631,968.849,0.354,0
4756,23723498428087,23723498498096,70.009,1031.378,0.321,0
4757,23723499428087,23723499499465,71.378,1001.369,0.306,0
4758,23723500428087,23723500500586,72.499,1001.121,0.299,0
4759,23723501428087,23723501498815,70.728,998.229,0.314,0
4760,23723502428087,23723502498356,70.269,999.541,0.330,0
4761,23723503428087,23723503498224,70.137,999.868,0.316,0
4762,23723504428087,23723504434733,6.646,936.509,0.327,0
4763,23723505428087,23723505465953,37.866,1031.220,0.329,0
4764,23723506428087,23723506476976,48.889,1011.023,0.320,0
4765,23723507428087,23723507478214,50.127,1001.238,0.725,0
4766,23723508428087,23723508497970,69.883,1019.756,0.308,0
4767,23723509428087,23723509498911,70.824,1000.941,0.309,0
4768,23723510428087,23723510499171,71.084,1000.260,0.329,0
4769,23723511428087,23723511502612,74.525,1003.441,0.316,0
4770,23723512428087,23723512498738,70.651,996.126,0.328,0
4771,23723513428087,23723513499874,71.787,1001.136,0.324,0
4772,23723514428087,23723514434411,6.324,934.537,0.315,0
4773,23723515428087,23723515498997,70.910,1064.586,0.360,0
4774,23723516428087,23723516498164,70.077,999.167,0.316,0
4775,23723517428087,23723517498742,70.655,1000.578,0.336,0
4776,23723518428087,23723518435462,7.375,936.720,0.319,0
4777,23723519428087,23723519498547,70.460,1063.085,0.343,0
4778,23723520428087,23723520498729,70.642,1000.182,0.335,0
4779,23723521428087,23723521498309,70.222,999.580,0.308,0
4780,23723522428087,23723522498159,70.072,999.850,0.303,0
4781,23723523428087,23723523498852,70.765,1000.693,0.306,0
4782,23723524428087,23723524436087,8.000,937.235,0.351,0
4783,23723525428087,23723525502178,74.091,1066.091,0.323,0
4784,23723526428087,23723526498206,70.119,996.028,0.324,0
4785,23723527428087,23723527467162,39.075,968.956,0.359,0
4786,23723528428087,23723528498994,70.907,1031.832,0.332,0
4787,23723529428087,23723529435586,7.499,936.592,0.334,0
4788,23723530428087,23723530495970,67.883,1060.384,0.354,0
4789,23723531428087,23723531498965,70.878,1002.995,0.311,0
4790,23723532428087,23723532500059,71.972,1001.094,0.316,0
4791,23723533428087,23723533498565,70.478,998.506,0.314,0
4792,23723534428087,23723534434493,6.406,935.928,0.313,0
4793,23723535428087,23723535498031,69.944,1063.538,0.353,0
4794,23723536428087,23723536470956,42.869,972.925,0.304,0
4795,23723537428087,23723537498595,70.508,1027.639,0.335,0
4796,23723538428087,23723538498644,70.557,1000.049,0.308,0
4797,23723539428087,23723539498598,70.511,999.954,0.303,0
4798,23723540428087,23723540500885,72.798,1002.287,0.327,0
4799,23723541428087,23723541501931,73.844,1001.046,0.343,0
4800,23723542428087,23723542498371,70.284,996.440,0.312,0
4801,23723543428087,23723543498797,70.710,1000.426,0.311,0
4802,23723544428087,23723544434619,6.532,935.822,0.352,0
4803,23723545428087,23723545498039,69.952,1063.420,0.342,0
4804,23723546428087,23723546499283,71.196,1001.244,0.330,0
4805,23723547428087,23723547499284,71.197,1000.001,0.354,0
4806,23723548428087,23723548499590,71.503,1000.306,0.316,0
4807,23723549428087,23723549498277,70.190,998.687,0.315,0
4808,23723550428087,23723550498919,70.832,1000.642,0.325,0
4809,23723551428087,23723551498746,70.659,999.827,0.337,0
4810,23723552428087,23723552499257,71.170,1000.511,0.309,0
4811,23723553428087,23723553499149,71.062,999.892,0.321,0
4812,23723554428087,23723554434510,6.423,935.361,0.325,0
4813,23723555428087,23723555498837,70.750,1064.327,0.335,0
4814,23723556428087,23723556498328,70.241,999.491,0.328,0
4815,23723557428087,23723557500488,72.401,1002.160,0.309,0
4816,23723558428087,23723558498191,70.104,997.703,0.312,0
4817,23723559428087,23723559498960,70.873,1000.769,0.327,0
4818,23723560428087,23723560498972,70.885,1000.012,0.324,0
4819,23723561428087,23723561498029,69.942,999.057,0.318,0
4820,23723562428087,23723562498428,70.341,1000.399,0.348,0
4821,23723563428087,23723563499125,71.038,1000.697,0.323,0
4822,23723564428087,23723564435016,6.929,935.891,0.327,0
4823,23723565428087,23723565498532,70.445,1063.516,0.307,0
4824,23723566428087,23723566498353,70.266,999.821,0.309,0
4825,23723567428087,23723567498518,70.431,1000.165,0.339,0
4826,23723568428087,23723568498125,70.038,999.607,0.351,0
4827,23723569428087,23723569498541,70.454,1000.416,0.333,0
4828,23723570428087,23723570500362,72.275,1001.821,0.315,0
4829,23723571428087,23723571498417,70.330,998.055,0.308,0
4830,23723572428087,23723572498378,70.291,999.961,0.324,0
4831,23723573428087,23723573498517,70.430,1000.139,0.316,0
4832,23723574428087,23723574434583,6.496,936.066,0.316,0
4833,23723575428087,23723575490222,62.135,1055.639,0.337,0
4834,23723576428087,23723576499119,71.032,1008.897,0.322,0
4835,23723577428087,23723577498851,70.764,999.732,0.323,0
4836,23723578428087,23723578498723,70.636,999.872,0.328,0
4837,23723579428087,23723579498343,70.256,999.620,0.325,0
4838,23723580428087,23723580498938,70.851,1000.595,0.329,0
4839,23723581428087,23723581497907,69.820,998.969,0.316,0
4840,23723582428087,23723582499163,71.076,1001.256,0.319,0
4841,23723583428087,23723583498404,70.317,999.241,0.314,0
4842,23723584428087,23723584434492,6.405,936.088,0.352,0
4843,23723585428087,23723585498749,70.662,1064.257,0.329,0
4844,23723586428087,23723586498924,70.837,1000.175,0.332,0
4845,23723587428087,23723587499194,71.107,1000.270,0.318,0
4846,23723588428087,23723588500267,72.180,1001.073,0.304,0
4847,23723589428087,23723589501403,73.316,1001.136,0.330,0
4848,23723590428087,23723590498252,70.165,996.849,0.348,0
4849,23723591428087,23723591441786,13.699,943.534,0.314,0
4850,23723592428087,23723592499125,71.038,1057.339,0.308,0
4851,23723593428087,23723593498823,70.736,999.698,0.321,0
4852,23723594428087,23723594434585,6.498,935.762,0.314,0
4853,23723595428087,23723595498352,70.265,1063.767,0.300,0
4854,23723596428087,23723596500553,72.466,1002.201,0.352,0
4855,23723597428087,23723597502720,74.633,1002.167,0.350,0
4856,23723598428087,23723598432262,4.175,929.542,0.174,0
4857,23723599428087,23723599497439,69.352,1065.177,0.317,0
4858,23723600428087,23723600498055,69.968,1000.616,0.327,0
4859,23723601428087,23723601497535,69.448,999.480,0.304,0
4860,23723602428087,23723602498095,70.008,1000.560,0.335,0
4861,23723603428087,23723603497367,69.280,999.272,0.341,0
4862,23723604428087,23723604434451,6.364,937.084,0.348,0
4863,23723605428087,23723605501232,73.145,1066.781,0.311,0
4864,23723606428087,23723606512189,84.102,1010.957,0.314,0
4865,23723607428087,23723607497586,69.499,985.397,0.335,0
4866,23723608428087,23723608498220,70.133,1000.634,0.314,0
4867,23723609428087,23723609498102,70.015,999.882,0.323,0
4868,23723610428087,23723610498243,70.156,1000.141,0.337,0
4869,23723611428087,23723611497368,69.281,999.125,0.327,0
4870,23723612428087,23723612498564,70.477,1001.196,0.358,0
4871,23723613428087,23723613499603,71.516,1001.039,0.319,0
4872,23723614428087,23723614434619,6.532,935.016,0.305,0
4873,23723615428087,23723615498223,70.136,1063.604,0.328,0
4874,23723616428087,23723616497943,69.856,999.720,0.344,0
4875,23723617428087,23723617496668,68.581,998.725,0.346,0
4876,23723618428087,23723618497829,69.742,1001.161,0.305,0
4877,23723619428087,23723619497403,69.316,999.574,0.331,0
4878,23723620428087,23723620498006,69.919,1000.603,0.316,0
4879,23723621428087,23723621497421,69.334,999.415,0.306,0
4880,23723622428087,23723622498105,70.018,1000.684,0.333,0
4881,23723623428087,23723623497616,69.529,999.511,0.373,0
4882,23723624428087,23723624434559,6.472,936.943,0.342,0
4883,23723625428087,23723625497599,69.512,1063.040,0.323,0
4884,23723626428087,23723626497154,69.067,999.555,0.312,0
4885,23723627428087,23723627497678,69.591,1000.524,0.312,0
4886,23723628428087,23723628497644,69.557,999.966,0.308,0
4887,23723629428087,23723629497839,69.752,1000.195,0.309,0
4888,23723630428087,23723630498345,70.258,1000.506,0.361,0
4889,23723631428087,23723631498342,70.255,999.997,0.339,0
4890,23723632428087,23723632497312,69.225,998.970,0.330,0
4891,23723633428087,23723633499890,71.803,1002.578,0.322,0
4892,23723634428087,23723634434465,6.378,934.575,0.333,0
4893,23723635428087,23723635497484,69.397,1063.019,0.320,0
4894,23723636428087,23723636497851,69.764,1000.367,0.308,0
4895,23723637428087,23723637499181,71.094,1001.330,0.318,0
4896,23723638428087,23723638483511,55.424,984.330,0.326,0
4897,23723639428087,23723639495062,66.975,1011.551,0.353,0
4898,23723640428087,23723640497740,69.653,1002.678,0.311,0
4899,23723641428087,23723641497431,69.344,999.691,0.305,0
4900,23723642428087,23723642497486,69.399,1000.055,0.335,0
4901,23723643428087,23723643497482,69.395,999.996,0.319,0
4902,23723644428087,23723644434562,6.475,937.080,0.358,0
4903,23723645428087,23723645501465,73.378,1066.903,0.356,0
4904,23723646428087,23723646498653,70.566,997.188,0.358,0
4905,23723647428087,23723647497868,69.781,999.215,0.324,0
4906,23723648428087,23723648495955,67.868,998.087,0.312,0
4907,23723649428087,23723649497565,69.478,1001.610,0.335,0
4908,23723650428087,23723650497465,69.378,999.900,0.327,0
4909,23723651428087,23723651498039,69.952,1000.574,0.320,0
4910,23723652428087,23723652497549,69.462,999.510,0.315,0
4911,23723653428087,23723653500817,72.730,1003.268,0.301,0
4912,23723654428087,23723654434418,6.331,933.601,0.342,0
4913,23723655428087,23723655500391,72.304,1065.973,0.356,0
4914,23723656428087,23723656504648,76.561,1004.257,0.319,0
4915,23723657428087,23723657497480,69.393,992.832,0.320,0
4916,23723658428087,23723658497387,69.300,999.907,0.303,0
4917,23723659428087,23723659498080,69.993,1000.693,0.304,0
4918,23723660428087,23723660498120,70.033,1000.040,0.330,0
4919,23723661428087,23723661501021,72.934,1002.901,0.308,0
4920,23723662428087,23723662498374,70.287,997.353,0.340,0
4921,23723663428087,23723663498542,70.455,1000.168,0.310,0
4922,23723664428087,23723664434775,6.688,936.233,0.337,0
4923,23723665428087,23723665499098,71.011,1064.323,0.352,0
4924,23723666428087,23723666498999,70.912,999.901,0.327,0
4925,23723667428087,23723667497489,69.402,998.490,0.342,0
4926,23723668428087,23723668498170,70.083,1000.681,0.326,0
4927,23723669428087,23723669500483,72.396,1002.313,0.308,0
4928,23723670428087,23723670497361,69.274,996.878,0.341,0
4929,23723671428087,23723671497812,69.725,1000.451,0.352,0
4930,23723672428087,23723672497403,69.316,999.591,0.326,0
4931,23723673428087,23723673497948,69.861,1000.545,0.323,0
4932,23723674428087,23723674434518,6.431,936.570,0.325,0
4933,23723675428087,23723675497107,69.020,1062.589,0.361,0
4934,23723676428087,23723676498307,70.220,1001.200,0.311,0
4935,23723677428087,23723677498257,70.170,999.950,0.314,0
4936,23723678428087,23723678497833,69.746,999.576,0.315,0
4937,23723679428087,23723679497879,69.792,1000.046,0.335,0
4938,23723680428087,23723680497821,69.734,999.942,0.309,0
4939,23723681428087,23723681498121,70.034,1000.300,0.326,0
4940,23723682428087,23723682497981,69.894,999.860,0.321,0
4941,23723683428087,23723683498563,70.476,1000.582,0.343,0
4942,23723684428087,23723684434566,6.479,936.003,0.361,0
4943,23723685428087,23723685497402,69.315,1062.836,0.321,0
4944,23723686428087,23723686497856,69.769,1000.454,0.326,0
4945,23723687428087,23723687497433,69.346,999.577,0.318,0
4946,23723688428087,23723688497429,69.342,999.996,0.313,0
4947,23723689428087,23723689497857,69.770,1000.428,0.353,0
4948,23723690428087,23723690498017,69.930,1000.160,0.309,0
4949,23723691428087,23723691497679,69.592,999.662,0.357,0
4950,23723692428087,23723692497484,69.397,999.805,0.324,0
4951,23723693428087,23723693497581,69.494,1000.097,0.336,0
4952,23723694428087,23723694434449,6.362,936.868,0.335,0
4953,23723695428087,23723695497983,69.896,1063.534,0.328,0
4954,23723696428087,23723696495307,67.220,997.324,0.325,0
4955,23723697428087,23723697497819,69.732,1002.512,0.337,0
4956,23723698428087,23723698435241,7.154,937.422,0.334,0
4957,23723699428087,23723699433910,5.823,998.669,0.227,0
4958,23723700428087,23723700434355,6.268,1000.445,0.183,0
4959,23723701428087,23723701471564,43.477,1037.209,0.723,0
4960,23723702428087,23723702471730,43.643,1000.166,0.800,0
4961,23723703428087,23723703479290,51.203,1007.560,0.770,0
4962,23723704428087,23723704434530,6.443,955.240,0.354,0
4963,23723705428087,23723705497572,69.485,1063.042,0.351,0
4964,23723706428087,23723706511433,83.346,1013.861,0.354,0
4965,23723707428087,23723707468884,40.797,957.451,0.368,0
4966,23723708428087,23723708435157,7.070,966.273,0.339,0
4967,23723709428087,23723709433947,5.860,998.790,0.161,0
4968,23723710428087,23723710433718,5.631,999.771,0.199,0
4969,23723711428087,23723711463517,35.430,1029.799,0.359,0
4970,23723712428087,23723712495396,67.309,1031.879,0.333,0
4971,23723713428087,23723713499040,70.953,1003.644,0.331,0
4972,23723714428087,23723714434569,6.482,935.529,0.329,0
4973,23723715428087,23723715499281,71.194,1064.712,0.316,0
4974,23723716428087,23723716499568,71.481,1000.287,0.333,0
4975,23723717428087,23723717499920,71.833,1000.352,0.320,0
4976,23723718428087,23723718431704,3.617,931.784,0.178,0
4977,23723719428087,23723719499744,71.657,1068.040,0.344,0
4978,23723720428087,23723720498337,70.250,998.593,0.320,0
4979,23723721428087,23723721497930,69.843,999.593,0.316,0
4980,23723722428087,23723722497272,69.185,999.342,0.334,0
4981,23723723428087,23723723497575,69.488,1000.303,0.337,0
4982,23723724428087,23723724434723,6.636,937.148,0.364,0
4983,23723725428087,23723725500172,72.085,1065.449,0.307,0
4984,23723726428087,23723726497449,69.362,997.277,0.350,0
4985,23723727428087,23723727498129,70.042,1000.680,0.320,0
4986,23723728428087,23723728498897,70.810,1000.768,0.343,0
4987,23723729428087,23723729498793,70.706,999.896,0.320,0
4988,23723730428087,23723730497697,69.610,998.904,0.328,0
4989,23723731428087,23723731497987,69.900,1000.290,0.329,0
4990,23723732428087,23723732497068,68.981,999.081,0.331,0
4991,23723733428087,23723733499703,71.616,1002.635,0.346,0
4992,23723734428087,23723734434502,6.415,934.799,0.315,0
4993,23723735428087,23723735497777,69.690,1063.275,0.323,0
4994,23723736428087,23723736497623,69.536,999.846,0.334,0
4995,23723737428087,23723737498319,70.232,1000.696,0.316,0
4996,23723738428087,23723738498112,70.025,999.793,0.311,0
4997,23723739428087,23723739497807,69.720,999.695,0.329,0
4998,23723740428087,23723740498208,70.121,1000.401,0.338,0
4999,23723741428087,23723741497852,69.765,999.644,0.332,0
5000,23723742428087,23723742498454,70.367,1000.602,0.357,0
5001,23723743428087,23723743497888,69.801,999.434,0.323,0
5002,23723744428087,23723744494042,65.955,996.154,0.353,0
5003,23723745428087,23723745497947,69.860,1003.905,0.310,0
5004,23723746428087,23723746497646,69.559,999.699,0.358,0
5005,23723747428087,23723747498325,70.238,1000.679,0.323,0
5006,23723748428087,23723748498097,70.010,999.772,0.362,0
5007,23723749428087,23723749499107,71.020,1001.010,0.348,0
5008,23723750428087,23723750498002,69.915,998.895,0.308,0
5009,23723751428087,23723751497494,69.407,999.492,0.335,0
5010,23723752428087,23723752497978,69.891,1000.484,0.330,0
5011,23723753428087,23723753497854,69.767,999.876,0.310,0
5012,23723754428087,23723754497795,69.708,999.941,0.326,0
5013,23723755428087,23723755465502,37.415,967.707,0.326,0
5014,23723756428087,23723756498975,70.888,1033.473,0.319,0
5015,23723757428087,23723757498138,70.051,999.163,0.315,0
5016,23723758428087,23723758498038,69.951,999.900,0.327,0
5017,23723759428087,23723759497571,69.484,999.533,0.323,0
5018,23723760428087,23723760495667,67.580,998.096,0.330,0
5019,23723761428087,23723761497991,69.904,1002.324,0.334,0
5020,23723762428087,23723762497578,69.491,999.587,0.338,0
5021,23723763428087,23723763498508,70.421,1000.930,0.328,0
5022,23723764428087,23723764490131,62.044,991.623,0.323,0
5023,23723765428087,23723765497533,69.446,1007.402,0.320,0
5024,23723766428087,23723766502589,74.502,1005.056,0.326,0
5025,23723767428087,23723767499786,71.699,997.197,0.326,0
5026,23723768428087,23723768498177,70.090,998.391,0.311,0
5027,23723769428087,23723769498105,70.018,999.928,0.333,0
5028,23723770428087,23723770497364,69.277,999.259,0.299,0
5029,23723771428087,23723771498347,70.260,1000.983,0.361,0
5030,23723772428087,23723772497429,69.342,999.082,0.316,0
5031,23723773428087,23723773499599,71.512,1002.170,0.303,0
5032,23723774428087,23723774501871,73.784,1002.272,0.315,0
5033,23723775428087,23723775497506,69.419,995.635,0.306,0
5034,23723776428087,23723776495198,67.111,997.692,0.359,0
5035,23723777428087,23723777497415,69.328,1002.217,0.330,0
5036,23723778428087,23723778498108,70.021,1000.693,0.319,0
5037,23723779428087,23723779498067,69.980,999.959,0.317,0
5038,23723780428087,23723780497265,69.178,999.198,0.306,0
5039,23723781428087,23723781499181,71.094,1001.916,0.327,0
5040,23723782428087,23723782502444,74.357,1003.263,0.334,0
5041,23723783428087,23723783499527,71.440,997.083,0.321,0
5042,23723784428087,23723784498024,69.937,998.497,0.311,0
5043,23723785428087,23723785498378,70.291,1000.354,0.316,0
5044,23723786428087,23723786498247,70.160,999.869,0.327,0
5045,23723787428087,23723787497252,69.165,999.005,0.325,0
5046,23723788428087,23723788497535,69.448,1000.283,0.334,0
5047,23723789428087,23723789499536,71.449,1002.001,0.321,0
5048,23723790428087,23723790501760,73.673,1002.224,0.324,0
5049,23723791428087,23723791497490,69.403,995.730,0.325,0
5050,23723792428087,23723792496608,68.521,999.118,0.305,0
5051,23723793428087,23723793497316,69.229,1000.708,0.307,0
5052,23723794428087,23723794434564,6.477,937.248,0.332,0
5053,23723795428087,23723795497460,69.373,1062.896,0.305,0
5054,23723796428087,23723796498247,70.160,1000.787,0.353,0
5055,23723797428087,23723797499064,70.977,1000.817,0.318,0
5056,23723798428087,23723798497620,69.533,998.556,0.336,0
5057,23723799428087,23723799498286,70.199,1000.666,0.315,0
5058,23723800428087,23723800497679,69.592,999.393,0.329,0
5059,23723801428087,23723801498351,70.264,1000.672,0.327,0
5060,23723802428087,23723802497167,69.080,998.816,0.317,0
5061,23723803428087,23723803497409,69.322,1000.242,0.351,0
5062,23723804428087,23723804502861,74.774,1005.452,0.321,0
5063,23723805428087,23723805498335,70.248,995.474,0.305,0
5064,23723806428087,23723806497939,69.852,999.604,0.320,0
5065,23723807428087,23723807497595,69.508,999.656,0.324,0
5066,23723808428087,23723808497553,69.466,999.958,0.333,0
5067,23723809428087,23723809498508,70.421,1000.955,0.297,0
5068,23723810428087,23723810496700,68.613,998.192,0.306,0
5069,23723811428087,23723811435657,7.570,938.957,0.330,0
5070,23723812428087,23723812432036,3.949,996.379,0.148,0
5071,23723813428087,23723813432211,4.124,1000.175,0.121,0
5072,23723814428087,23723814432009,3.922,999.798,0.123,0
5073,23723815428087,23723815434732,6.645,1002.723,0.407,0
5074,23723816428087,23723816498985,70.898,1064.253,0.330,0
5075,23723817428087,23723817499011,70.924,1000.026,0.306,0
5076,23723818428087,23723818498034,69.947,999.023,0.349,0
5077,23723819428087,23723819498891,70.804,1000.857,0.318,0
5078,23723820428087,23723820498481,70.394,999.590,0.341,0
5079,23723821428087,23723821498406,70.319,999.925,0.313,0
5080,23723822428087,23723822499093,71.006,1000.687,0.325,0
5081,23723823428087,23723823498078,69.991,998.985,0.320,0
5082,23723824428087,23723824501880,73.793,1003.802,0.312,0
5083,23723825428087,23723825498743,70.656,996.863,0.327,0
5084,23723826428087,23723826499314,71.227,1000.571,0.336,0
5085,23723827428087,23723827498758,70.671,999.444,0.325,0
5086,23723828428087,23723828499360,71.273,1000.602,0.307,0
5087,23723829428087,23723829500433,72.346,1001.073,0.333,0
5088,23723830428087,23723830469677,41.590,969.244,0.338,0
5089,23723831428087,23723831499225,71.138,1029.548,0.322,0
5090,23723832428087,23723832499715,71.628,1000.490,0.360,0
5091,23723833428087,23723833498145,70.058,998.430,0.354,0
5092,23723834428087,23723834498735,70.648,1000.590,0.311,0
5093,23723835428087,23723835498548,70.461,999.813,0.345,0
5094,23723836428087,23723836499061,70.974,1000.513,0.348,0
5095,23723837428087,23723837499906,71.819,1000.845,0.316,0
5096,23723838428087,23723838501288,73.201,1001.382,0.341,0
5097,23723839428087,23723839434950,6.863,933.662,0.204,0
5098,23723840428087,23723840495172,67.085,1060.222,0.318,0
5099,23723841428087,23723841497495,69.408,1002.323,0.331,0
5100,23723842428087,23723842498230,70.143,1000.735,0.318,0
5101,23723843428087,23723843497705,69.618,999.475,0.313,0
5102,23723844428087,23723844500935,72.848,1003.230,0.358,0
5103,23723845428087,23723845498353,70.266,997.418,0.320,0
5104,23723846428087,23723846496674,68.587,998.321,0.312,0
5105,23723847428087,23723847498670,70.583,1001.996,0.336,0
5106,23723848428087,23723848497819,69.732,999.149,0.323,0
5107,23723849428087,23723849497554,69.467,999.735,0.332,0
5108,23723850428087,23723850499796,71.709,1002.242,0.303,0
5109,23723851428087,23723851498929,70.842,999.133,0.333,0
5110,23723852428087,23723852497968,69.881,999.039,0.316,0
5111,23723853428087,23723853498816,70.729,1000.848,0.310,0
5112,23723854428087,23723854435182,7.095,936.366,0.350,0
5113,23723855428087,23723855499011,70.924,1063.829,0.345,0
5114,23723856428087,23723856498789,70.702,999.778,0.329,0
5115,23723857428087,23723857498775,70.688,999.986,0.321,0
5116,23723858428087,23723858498421,70.334,999.646,0.314,0
5117,23723859428087,23723859498272,70.185,999.851,0.339,0
5118,23723860428087,23723860498500,70.413,1000.228,0.361,0
5119,23723861428087,23723861498490,70.403,999.990,0.319,0
5120,23723862428087,23723862499596,71.509,1001.106,0.327,0
5121,23723863428087,23723863498328,70.241,998.732,0.337,0
5122,23723864428087,23723864497305,69.218,998.977,0.347,0
5123,23723865428087,23723865498355,70.268,1001.050,0.306,0
5124,23723866428087,23723866499228,71.141,1000.873,0.350,0
5125,23723867428087,23723867497922,69.835,998.694,0.330,0
5126,23723868428087,23723868498560,70.473,1000.638,0.352,0
5127,23723869428087,23723869498412,70.325,999.852,0.344,0
5128,23723870428087,23723870499499,71.412,1001.087,0.311,0
5129,23723871428087,23723871500714,72.627,1001.215,0.340,0
5130,23723872428087,23723872498943,70.856,998.229,0.316,0
5131,23723873428087,23723873435580,7.493,936.637,0.291,0
5132,23723874428087,23723874433848,5.761,998.268,0.327,0
5133,23723875428087,23723875498738,70.651,1064.890,0.332,0
5134,23723876428087,23723876499476,71.389,1000.738,0.314,0
5135,23723877428087,23723877499630,71.543,1000.154,0.333,0
5136,23723878428087,23723878499523,71.436,999.893,0.312,0
5137,23723879428087,23723879499091,71.004,999.568,0.347,0
5138,23723880428087,23723880498315,70.228,999.224,0.312,0
5139,23723881428087,23723881495838,67.751,997.523,0.318,0
5140,23723882428087,23723882499047,70.960,1003.209,0.327,0
5141,23723883428087,23723883499198,71.111,1000.151,0.311,0
5142,23723884428087,23723884504099,76.012,1004.901,0.336,0
5143,23723885428087,23723885498381,70.294,994.282,0.323,0
5144,23723886428087,23723886499825,71.738,1001.444,0.317,0
5145,23723887428087,23723887499776,71.689,999.951,0.310,0
5146,23723888428087,23723888500958,72.871,1001.182,0.302,0
5147,23723889428087,23723889499113,71.026,998.155,0.344,0
5148,23723890428087,23723890498682,70.595,999.569,0.315,0
5149,23723891428087,23723891498240,70.153,999.558,0.334,0
5150,23723892428087,23723892498523,70.436,1000.283,0.318,0
5151,23723893428087,23723893498741,70.654,1000.218,0.333,0
5152,23723894428087,23723894500839,72.752,1002.098,0.331,0
5153,23723895428087,23723895503124,75.037,1002.285,0.301,0
5154,23723896428087,23723896498815,70.728,995.691,0.317,0
5155,23723897428087,23723897466509,38.422,967.694,0.336,0
5156,23723898428087,23723898498740,70.653,1032.231,0.319,0
5157,23723899428087,23723899498317,70.230,999.577,0.305,0
5158,23723900428087,23723900498093,70.006,999.776,0.323,0
5159,23723901428087,23723901499220,71.133,1001.127,0.310,0
5160,23723902428087,23723902500171,72.084,1000.951,0.317,0
5161,23723903428087,23723903499560,71.473,999.389,0.330,0
5162,23723904428087,23723904500692,72.605,1001.132,0.326,0
5163,23723905428087,23723905499126,71.039,998.434,0.306,0
5164,23723906428087,23723906498213,70.126,999.087,0.323,0
5165,23723907428087,23723907498224,70.137,1000.011,0.318,0
5166,23723908428087,23723908499737,71.650,1001.513,0.339,0
5167,23723909428087,23723909499324,71.237,999.587,0.349,0
5168,23723910428087,23723910501673,73.586,1002.349,0.336,0
5169,23723911428087,23723911502894,74.807,1001.221,0.316,0
5170,23723912428087,23723912498052,69.965,995.158,0.310,0
5171,23723913428087,23723913498981,70.894,1000.929,0.326,0
5172,23723914428087,23723914502094,74.007,1003.113,0.321,0
5173,23723915428087,23723915498905,70.818,996.811,0.345,0
5174,23723916428087,23723916498760,70.673,999.855,0.323,0
5175,23723917428087,23723917499063,70.976,1000.303,0.326,0
5176,23723918428087,23723918500210,72.123,1001.147,0.327,0
5177,23723919428087,23723919498294,70.207,998.084,0.347,0
5178,23723920428087,23723920498606,70.519,1000.312,0.324,0
5179,23723921428087,23723921499075,70.988,1000.469,0.312,0
5180,23723922428087,23723922499469,71.382,1000.394,0.335,0
5181,23723923428087,23723923498949,70.862,999.480,0.306,0
5182,23723924428087,23723924498306,70.219,999.357,0.311,0
5183,23723925428087,23723925499406,71.319,1001.100,0.303,0
5184,23723926428087,23723926498890,70.803,999.484,0.321,0
5185,23723927428087,23723927499378,71.291,1000.488,0.339,0
5186,23723928428087,23723928499716,71.629,1000.338,0.308,0
5187,23723929428087,23723929499003,70.916,999.287,0.348,0
5188,23723930428087,23723930498517,70.430,999.514,0.320,0
5189,23723931428087,23723931498563,70.476,1000.046,0.313,0
5190,23723932428087,23723932498474,70.387,999.911,0.314,0
5191,23723933428087,23723933498685,70.598,1000.211,0.331,0
5192,23723934428087,23723934499225,71.138,1000.540,0.330,0
5193,23723935428087,23723935498887,70.800,999.662,0.304,0
5194,23723936428087,23723936498543,70.456,999.656,0.324,0
5195,23723937428087,23723937498856,70.769,1000.313,0.353,0
5196,23723938428087,23723938493605,65.518,994.749,0.311,0
5197,23723939428087,23723939498840,70.753,1005.235,0.326,0
5198,23723940428087,23723940498502,70.415,999.662,0.328,0
5199,23723941428087,23723941498916,70.829,1000.414,0.344,0
5200,23723942428087,23723942499397,71.310,1000.481,0.357,0
5201,23723943428087,23723943499107,71.020,999.710,0.323,0
5202,23723944428087,23723944498994,70.907,999.887,0.358,0
5203,23723945428087,23723945496514,68.427,997.520,0.313,0
5204,23723946428087,23723946497777,69.690,1001.263,0.313,0
5205,23723947428087,23723947499239,71.152,1001.462,0.310,0
5206,23723948428087,23723948499710,71.623,1000.471,0.340,0
5207,23723949428087,23723949498401,70.314,998.691,0.318,0
5208,23723950428087,23723950498484,70.397,1000.083,0.334,0
5209,23723951428087,23723951498949,70.862,1000.465,0.335,0
5210,23723952428087,23723952500423,72.336,1001.474,0.312,0
5211,23723953428087,23723953499367,71.280,998.944,0.328,0
5212,23723954428087,23723954499905,71.818,1000.538,0.301,0
5213,23723955428087,23723955498359,70.272,998.454,0.347,0
5214,23723956428087,23723956498977,70.890,1000.618,0.312,0
5215,23723957428087,23723957498300,70.213,999.323,0.316,0
5216,23723958428087,23723958501029,72.942,1002.729,0.320,0
5217,23723959428087,23723959502465,74.378,1001.436,0.320,0
5218,23723960428087,23723960498651,70.564,996.186,0.302,0
5219,23723961428087,23723961496553,68.466,997.902,0.330,0
5220,23723962428087,23723962499246,71.159,1002.693,0.301,0
5221,23723963428087,23723963498413,70.326,999.167,0.314,0
5222,23723964428087,23723964499421,71.334,1001.008,0.307,0
5223,23723965428087,23723965498461,70.374,999.040,0.330,0
5224,23723966428087,23723966499662,71.575,1001.201,0.308,0
5225,23723967428087,23723967498557,70.470,998.895,0.354,0
5226,23723968428087,23723968500179,72.092,1001.622,0.359,0
5227,23723969428087,23723969498108,70.021,997.929,0.348,0
5228,23723970428087,23723970498753,70.666,1000.645,0.327,0
5229,23723971428087,23723971498530,70.443,999.777,0.354,0
5230,23723972428087,23723972499126,71.039,1000.596,0.317,0
5231,23723973428087,23723973498292,70.205,999.166,0.340,0
5232,23723974428087,23723974503197,75.110,1004.905,0.332,0
5233,23723975428087,23723975502267,74.180,999.070,0.314,0
5234,23723976428087,23723976499505,71.418,997.238,0.317,0
5235,23723977428087,23723977498817,70.730,999.312,0.329,0
5236,23723978428087,23723978499794,71.707,1000.977,0.308,0
5237,23723979428087,23723979498705,70.618,998.911,0.342,0
5238,23723980428087,23723980498573,70.486,999.868,0.317,0
5239,23723981428087,23723981499121,71.034,1000.548,0.329,0
5240,23723982428087,23723982499399,71.312,1000.278,0.328,0
5241,23723983428087,23723983500305,72.218,1000.906,0.355,0
5242,23723984428087,23723984498422,70.335,998.117,0.324,0
5243,23723985428087,23723985499017,70.930,1000.595,0.332,0
5244,23723986428087,23723986499481,71.394,1000.464,0.312,0
5245,23723987428087,23723987498592,70.505,999.111,0.310,0
5246,23723988428087,23723988497390,69.303,998.798,0.322,0
5247,23723989428087,23723989498449,70.362,1001.059,0.314,0
5248,23723990428087,23723990497777,69.690,999.328,0.304,0
5249,23723991428087,23723991498662,70.575,1000.885,0.315,0
5250,23723992428087,23723992497647,69.560,998.985,0.320,0
5251,23723993428087,23723993498357,70.270,1000.710,0.325,0
5252,23723994428087,23723994434476,6.389,936.119,0.311,0
5253,23723995428087,23723995499003,70.916,1064.527,0.314,0
5254,23723996428087,23723996498828,70.741,999.825,0.343,0
5255,23723997428087,23723997498821,70.734,999.993,0.320,0
5256,23723998428087,23723998499130,71.043,1000.309,0.319,0
5257,23723999428087,23723999499377,71.290,1000.247,0.348,0
5258,23724000428087,23724000498722,70.635,999.345,0.299,0
5259,23724001428087,23724001498841,70.754,1000.119,0.323,0
5260,23724002428087,23724002498880,70.793,1000.039,0.329,0
5261,23724003428087,23724003497471,69.384,998.591,0.349,0
5262,23724004428087,23724004498664,70.577,1001.193,0.317,0
5263,23724005428087,23724005498618,70.531,999.954,0.316,0
5264,23724006428087,23724006498128,70.041,999.510,0.315,0
5265,23724007428087,23724007497976,69.889,999.848,0.330,0
5266,23724008428087,23724008497594,69.507,999.618,0.305,0
5267,23724009428087,23724009503900,75.813,1006.306,0.335,0
5268,23724010428087,23724010498692,70.605,994.792,0.295,0
5269,23724011428087,23724011498872,70.785,1000.180,0.317,0
5270,23724012428087,23724012499550,71.463,1000.678,0.346,0
5271,23724013428087,23724013498708,70.621,999.158,0.326,0
5272,23724014428087,23724014499608,71.521,1000.900,0.318,0
5273,23724015428087,23724015502895,74.808,1003.287,0.322,0
5274,23724016428087,23724016499302,71.215,996.407,0.325,0
5275,23724017428087,23724017499024,70.937,999.722,0.312,0
5276,23724018428087,23724018498989,70.902,999.965,0.327,0
5277,23724019428087,23724019498856,70.769,999.867,0.308,0
5278,23724020428087,23724020498511,70.424,999.655,0.307,0
5279,23724021428087,23724021498822,70.735,1000.311,0.329,0
5280,23724022428087,23724022500473,72.386,1001.651,0.342,0
5281,23724023428087,23724023501520,73.433,1001.047,0.329,0
5282,23724024428087,23724024498474,70.387,996.954,0.316,0
5283,23724025428087,23724025434587,6.500,936.113,0.336,0
5284,23724026428087,23724026497970,69.883,1063.383,0.329,0
5285,23724027428087,23724027498950,70.863,1000.980,0.353,0
5286,23724028428087,23724028498940,70.853,999.990,0.323,0
5287,23724029428087,23724029498515,70.428,999.575,0.317,0
5288,23724030428087,23724030498908,70.821,1000.393,0.311,0
5289,23724031428087,23724031497908,69.821,999.000,0.337,0
5290,23724032428087,23724032499270,71.183,1001.362,0.325,0
5291,23724033428087,23724033497846,69.759,998.576,0.315,0
5292,23724034428087,23724034498627,70.540,1000.781,0.309,0
5293,23724035428087,23724035498570,70.483,999.943,0.336,0
5294,23724036428087,23724036498901,70.814,1000.331,0.332,0
5295,23724037428087,23724037499521,71.434,1000.620,0.323,0
5296,23724038428087,23724038500346,72.259,1000.825,0.316,0
5297,23724039428087,23724039501291,73.204,1000.945,0.297,0
5298,23724040428087,23724040500519,72.432,999.228,0.321,0
5299,23724041428087,23724041498572,70.485,998.053,0.315,0
5300,23724042428087,23724042498614,70.527,1000.042,0.340,0
5301,23724043428087,23724043498712,70.625,1000.098,0.311,0
5302,23724044428087,23724044498780,70.693,1000.068,0.314,0
5303,23724045428087,23724045498874,70.787,1000.094,0.325,0
5304,23724046428087,23724046498573,70.486,999.699,0.300,0
5305,23724047428087,23724047498981,70.894,1000.408,0.320,0
5306,23724048428087,23724048498958,70.871,999.977,0.327,0
5307,23724049428087,23724049498922,70.835,999.964,0.338,0
5308,23724050428087,23724050437810,9.723,938.888,0.419,0
5309,23724051428087,23724051498099,70.012,1060.289,0.322,0
5310,23724052428087,23724052435472,7.385,937.373,0.351,0
5311,23724053428087,23724053462313,34.226,1026.841,0.319,0
5312,23724054428087,23724054465362,37.275,1003.049,0.314,0
5313,23724055428087,23724055471706,43.619,1006.344,0.787,0
5314,23724056428087,23724056471221,43.134,999.515,0.765,0
5315,23724057428087,23724057471306,43.219,1000.085,0.774,0
5316,23724058428087,23724058472624,44.537,1001.318,0.736,0
5317,23724059428087,23724059471820,43.733,999.196,0.753,0
5318,23724060428087,23724060472067,43.980,1000.247,0.744,0
5319,23724061428087,23724061499293,71.206,1027.226,0.316,0
5320,23724062428087,23724062498610,70.523,999.317,0.324,0
5321,23724063428087,23724063499137,71.050,1000.527,0.324,0
5322,23724064428087,23724064434644,6.557,935.507,0.348,0
5323,23724065428087,23724065498454,70.367,1063.810,0.300,0
5324,23724066428087,23724066498549,70.462,1000.095,0.332,0
5325,23724067428087,23724067498805,70.718,1000.256,0.356,0
5326,23724068428087,23724068498521,70.434,999.716,0.327,0
5327,23724069428087,23724069498428,70.341,999.907,0.359,0
5328,23724070428087,23724070498307,70.220,999.879,0.329,0
5329,23724071428087,23724071499407,71.320,1001.100,0.352,0
5330,23724072428087,23724072499983,71.896,1000.576,0.308,0
5331,23724073428087,23724073500816,72.729,1000.833,0.330,0
5332,23724074428087,23724074497937,69.850,997.121,0.352,0
5333,23724075428087,23724075497145,69.058,999.208,0.306,0
5334,23724076428087,23724076499447,71.360,1002.302,0.332,0
5335,23724077428087,23724077498285,70.198,998.838,0.309,0
5336,23724078428087,23724078499772,71.685,1001.487,0.317,0
5337,23724079428087,23724079502240,74.153,1002.468,0.325,0
5338,23724080428087,23724080503552,75.465,1001.312,0.329,0
5339,23724081428087,23724081498903,70.816,995.351,0.308,0
5340,23724082428087,23724082498301,70.214,999.398,0.328,0
5341,23724083428087,23724083499383,71.296,1001.082,0.321,0
5342,23724084428087,23724084484507,56.420,985.124,0.327,0
5343,23724085428087,23724085498856,70.769,1014.349,0.322,0
5344,23724086428087,23724086499408,71.321,1000.552,0.305,0
5345,23724087428087,23724087500921,72.834,1001.513,0.305,0
5346,23724088428087,23724088499922,71.835,999.001,0.317,0
5347,23724089428087,23724089501462,73.375,1001.540,0.338,0
5348,23724090428087,23724090499093,71.006,997.631,0.354,0
5349,23724091428087,23724091498251,70.164,999.158,0.306,0
5350,23724092428087,23724092498764,70.677,1000.513,0.335,0
5351,23724093428087,23724093498450,70.363,999.686,0.308,0
5352,23724094428087,23724094434547,6.460,936.097,0.305,0
5353,23724095428087,23724095502113,74.026,1067.566,0.315,0
5354,23724096428087,23724096498659,70.572,996.546,0.314,0
5355,23724097428087,23724097499163,71.076,1000.504,0.324,0
5356,23724098428087,23724098499233,71.146,1000.070,0.320,0
5357,23724099428087,23724099498740,70.653,999.507,0.322,0
5358,23724100428087,23724100498915,70.828,1000.175,0.316,0
5359,23724101428087,23724101498513,70.426,999.598,0.318,0
5360,23724102428087,23724102499183,71.096,1000.670,0.315,0
5361,23724103428087,23724103500874,72.787,1001.691,0.320,0
5362,23724104428087,23724104465761,37.674,964.887,0.335,0
5363,23724105428087,23724105499932,71.845,1034.171,0.316,0
5364,23724106428087,23724106474134,46.047,974.202,0.307,0
5365,23724107428087,23724107434999,6.912,960.865,0.323,0
5366,23724108428087,23724108434297,6.210,999.298,0.218,0
5367,23724109428087,23724109478034,49.947,1043.737,0.803,0
5368,23724110428087,23724110472653,44.566,994.619,0.720,0
5369,23724111428087,23724111498312,70.225,1025.659,0.321,0
5370,23724112428087,23724112499196,71.109,1000.884,0.311,0
5371,23724113428087,23724113498645,70.558,999.449,0.315,0
5372,23724114428087,23724114434641,6.554,935.996,0.328,0
5373,23724115428087,23724115498374,70.287,1063.733,0.326,0
5374,23724116428087,23724116498867,70.780,1000.493,0.310,0
5375,23724117428087,23724117498625,70.538,999.758,0.328,0
5376,23724118428087,23724118500158,72.071,1001.533,0.310,0
5377,23724119428087,23724119498607,70.520,998.449,0.306,0
5378,23724120428087,23724120449024,20.937,950.417,0.317,0
5379,23724121428087,23724121498411,70.324,1049.387,0.334,0
5380,23724122428087,23724122498685,70.598,1000.274,0.312,0
5381,23724123428087,23724123498493,70.406,999.808,0.323,0
5382,23724124428087,23724124434623,6.536,936.130,0.348,0
5383,23724125428087,23724125498400,70.313,1063.777,0.301,0
5384,23724126428087,23724126498980,70.893,1000.580,0.305,0
5385,23724127428087,23724127498516,70.429,999.536,0.351,0
5386,23724128428087,23724128498742,70.655,1000.226,0.346,0
5387,23724129428087,23724129499427,71.340,1000.685,0.320,0
5388,23724130428087,23724130496126,68.039,996.699,0.317,0
5389,23724131428087,23724131499148,71.061,1003.022,0.349,0
5390,23724132428087,23724132498855,70.768,999.707,0.342,0
5391,23724133428087,23724133498831,70.744,999.976,0.339,0
5392,23724134428087,23724134434616,6.529,935.785,0.350,0
5393,23724135428087,23724135498595,70.508,1063.979,0.295,0
5394,23724136428087,23724136499471,71.384,1000.876,0.315,0
5395,23724137428087,23724137500645,72.558,1001.174,0.321,0
5396,23724138428087,23724138498474,70.387,997.829,0.317,0
5397,23724139428087,23724139499214,71.127,1000.740,0.322,0
5398,23724140428087,23724140498371,70.284,999.157,0.321,0
5399,23724141428087,23724141499044,70.957,1000.673,0.300,0
5400,23724142428087,23724142498686,70.599,999.642,0.312,0
5401,23724143428087,23724143501527,73.440,1002.841,0.311,0
5402,23724144428087,23724144434534,6.447,933.007,0.325,0
5403,23724145428087,23724145498704,70.617,1064.170,0.328,0
5404,23724146428087,23724146496114,68.027,997.410,0.362,0
5405,23724147428087,23724147500037,71.950,1003.923,0.328,0
5406,23724148428087,23724148499038,70.951,999.001,0.309,0
5407,23724149428087,23724149498769,70.682,999.731,0.333,0
5408,23724150428087,23724150499333,71.246,1000.564,0.356,0
5409,23724151428087,23724151499920,71.833,1000.587,0.325,0
5410,23724152428087,23724152499218,71.131,999.298,0.313,0
5411,23724153428087,23724153500505,72.418,1001.287,0.329,0
5412,23724154428087,23724154433627,5.540,933.122,0.332,0
5413,23724155428087,23724155498416,70.329,1064.789,0.331,0
5414,23724156428087,23724156499135,71.048,1000.719,0.303,0
5415,23724157428087,23724157499772,71.685,1000.637,0.311,0
5416,23724158428087,23724158497330,69.243,997.558,0.323,0
5417,23724159428087,23724159500466,72.379,1003.136,0.315,0
5418,23724160428087,23724160502641,74.554,1002.175,0.328,0
5419,23724161428087,23724161499668,71.581,997.027,0.333,0
5420,23724162428087,23724162499227,71.140,999.559,0.321,0
5421,23724163428087,23724163499175,71.088,999.948,0.329,0
5422,23724164428087,23724164497985,69.898,998.810,0.352,0
5423,23724165428087,23724165497920,69.833,999.935,0.342,0
5424,23724166428087,23724166498810,70.723,1000.890,0.312,0
5425,23724167428087,23724167499883,71.796,1001.073,0.326,0
5426,23724168428087,23724168499522,71.435,999.639,0.298,0
5427,23724169428087,23724169498110,70.023,998.588,0.342,0
5428,23724170428087,23724170499014,70.927,1000.904,0.319,0
5429,23724171428087,23724171499717,71.630,1000.703,0.314,0
5430,23724172428087,23724172498324,70.237,998.607,0.330,0
5431,23724173428087,23724173498654,70.567,1000.330,0.313,0
5432,23724174428087,23724174499259,71.172,1000.605,0.317,0
5433,23724175428087,23724175498901,70.814,999.642,0.350,0
5434,23724176428087,23724176498392,70.305,999.491,0.313,0
5435,23724177428087,23724177498920,70.833,1000.528,0.316,0
5436,23724178428087,23724178500609,72.522,1001.689,0.327,0
5437,23724179428087,23724179498863,70.776,998.254,0.302,0
5438,23724180428087,23724180498648,70.561,999.785,0.308,0
5439,23724181428087,23724181497604,69.517,998.956,0.323,0
5440,23724182428087,23724182498799,70.712,1001.195,0.322,0
5441,23724183428087,23724183498546,70.459,999.747,0.348,0
5442,23724184428087,23724184434473,6.386,935.927,0.318,0
5443,23724185428087,23724185498534,70.447,1064.061,0.317,0
5444,23724186428087,23724186498204,70.117,999.670,0.326,0
5445,23724187428087,23724187499640,71.553,1001.436,0.297,0
5446,23724188428087,23724188433459,5.372,933.819,0.337,0
5447,23724189428087,23724189433829,5.742,1000.370,0.219,0
5448,23724190428087,23724190498591,70.504,1064.762,0.312,0
5449,23724191428087,23724191497455,69.368,998.864,0.304,0
5450,23724192428087,23724192498261,70.174,1000.806,0.321,0
5451,23724193428087,23724193498068,69.981,999.807,0.312,0
5452,23724194428087,23724194434609,6.522,936.541,0.329,0
5453,23724195428087,23724195497620,69.533,1063.011,0.323,0
5454,23724196428087,23724196497304,69.217,999.684,0.352,0
5455,23724197428087,23724197498212,70.125,1000.908,0.315,0
5456,23724198428087,23724198497368,69.281,999.156,0.322,0
5457,23724199428087,23724199498538,70.451,1001.170,0.317,0
5458,23724200428087,23724200502773,74.686,1004.235,0.328,0
5459,23724201428087,23724201499956,71.869,997.183,0.321,0
5460,23724202428087,23724202498049,69.962,998.093,0.328,0
5461,23724203428087,23724203498360,70.273,1000.311,0.323,0
5462,23724204428087,23724204434595,6.508,936.235,0.334,0
5463,23724205428087,23724205499546,71.459,1064.951,0.325,0
5464,23724206428087,23724206498071,69.984,998.525,0.323,0
5465,23724207428087,23724207500008,71.921,1001.937,0.332,0
5466,23724208428087,23724208502130,74.043,1002.122,0.316,0
5467,23724209428087,23724209497655,69.568,995.525,0.326,0
5468,23724210428087,23724210495176,67.089,997.521,0.331,0
5469,23724211428087,23724211497538,69.451,1002.362,0.319,0
5470,23724212428087,23724212497698,69.611,1000.160,0.319,0
5471,23724213428087,23724213498368,70.281,1000.670,0.348,0
5472,23724214428087,23724214501613,73.526,1003.245,0.337,0
5473,23724215428087,23724215499456,71.369,997.843,0.309,0
5474,23724216428087,23724216502462,74.375,1003.006,0.318,0
5475,23724217428087,23724217499809,71.722,997.347,0.319,0
5476,23724218428087,23724218497987,69.900,998.178,0.307,0
5477,23724219428087,23724219498894,70.807,1000.907,0.316,0
5478,23724220428087,23724220497803,69.716,998.909,0.305,0
5479,23724221428087,23724221498505,70.418,1000.702,0.352,0
5480,23724222428087,23724222498902,70.815,1000.397,0.346,0
5481,23724223428087,23724223499688,71.601,1000.786,0.320,0
5482,23724224428087,23724224501999,73.912,1002.311,0.349,0
5483,23724225428087,23724225497278,69.191,995.279,0.297,0
5484,23724226428087,23724226497639,69.552,1000.361,0.301,0
5485,23724227428087,23724227498742,70.655,1001.103,0.311,0
5486,23724228428087,23724228497973,69.886,999.231,0.314,0
5487,23724229428087,23724229497716,69.629,999.743,0.325,0
5488,23724230428087,23724230498116,70.029,1000.400,0.298,0
5489,23724231428087,23724231499276,71.189,1001.160,0.309,0
5490,23724232428087,23724232498864,70.777,999.588,0.334,0
5491,23724233428087,23724233498375,70.288,999.511,0.324,0
5492,23724234428087,23724234496912,68.825,998.537,0.324,0
5493,23724235428087,23724235497507,69.420,1000.595,0.327,0
5494,23724236428087,23724236498327,70.240,1000.820,0.342,0
5495,23724237428087,23724237497637,69.550,999.310,0.342,0
5496,23724238428087,23724238433430,5.343,935.793,0.344,0
5497,23724239428087,23724239498000,69.913,1064.570,0.315,0
5498,23724240428087,23724240498519,70.432,1000.519,0.320,0
5499,23724241428087,23724241498331,70.244,999.812,0.319,0
5500,23724242428087,23724242497893,69.806,999.562,0.307,0
5501,23724243428087,23724243497353,69.266,999.460,0.307,0
5502,23724244428087,23724244497687,69.600,1000.334,0.322,0
5503,23724245428087,23724245497684,69.597,999.997,0.318,0
5504,23724246428087,23724246498742,70.655,1001.058,0.306,0
5505,23724247428087,23724247498972,70.885,1000.230,0.315,0
5506,23724248428087,23724248497466,69.379,998.494,0.320,0
5507,23724249428087,23724249498044,69.957,1000.578,0.317,0
5508,23724250428087,23724250497811,69.724,999.767,0.304,0
5509,23724251428087,23724251497379,69.292,999.568,0.317,0
5510,23724252428087,23724252498883,70.796,1001.504,0.324,0
5511,23724253428087,23724253498260,70.173,999.377,0.321,0
5512,23724254428087,23724254499505,71.418,1001.245,0.331,0
5513,23724255428087,23724255497147,69.060,997.642,0.315,0
5514,23724256428087,23724256497611,69.524,1000.464,0.316,0
5515,23724257428087,23724257497272,69.185,999.661,0.304,0
5516,23724258428087,23724258495553,67.466,998.281,0.310,0
5517,23724259428087,23724259498536,70.449,1002.983,0.318,0
5518,23724260428087,23724260462065,33.978,963.529,0.329,0
5519,23724261428087,23724261498692,70.605,1036.627,0.301,0
5520,23724262428087,23724262497720,69.633,999.028,0.327,0
5521,23724263428087,23724263497895,69.808,1000.175,0.318,0
5522,23724264428087,23724264501889,73.802,1003.994,0.324,0
5523,23724265428087,23724265499028,70.941,997.139,0.308,0
5524,23724266428087,23724266499934,71.847,1000.906,0.320,0
5525,23724267428087,23724267497792,69.705,997.858,0.299,0
5526,23724268428087,23724268499186,71.099,1001.394,0.320,0
5527,23724269428087,23724269498196,70.109,999.010,0.316,0
5528,23724270428087,23724270497442,69.355,999.246,0.326,0
5529,23724271428087,23724271499153,71.066,1001.711,0.307,0
5530,23724272428087,23724272501376,73.289,1002.223,0.304,0
5531,23724273428087,23724273497038,68.951,995.662,0.327,0
5532,23724274428087,23724274495057,66.970,998.019,0.314,0
5533,23724275428087,23724275499194,71.107,1004.137,0.309,0
5534,23724276428087,23724276498153,70.066,998.959,0.298,0
5535,23724277428087,23724277498311,70.224,1000.158,0.314,0
5536,23724278428087,23724278498078,69.991,999.767,0.301,0
5537,23724279428087,23724279498438,70.351,1000.360,0.303,0
5538,23724280428087,23724280501854,73.767,1003.416,0.327,0
5539,23724281428087,23724281498810,70.723,996.956,0.318,0
5540,23724282428087,23724282498555,70.468,999.745,0.322,0
5541,23724283428087,23724283498627,70.540,1000.072,0.306,0
5542,23724284428087,23724284497599,69.512,998.972,0.301,0
5543,23724285428087,23724285497235,69.148,999.636,0.312,0
5544,23724286428087,23724286498197,70.110,1000.962,0.318,0
5545,23724287428087,23724287499101,71.014,1000.904,0.315,0
5546,23724288428087,23724288433538,5.451,934.437,0.325,0
5547,23724289428087,23724289498222,70.135,1064.684,0.296,0
5548,23724290428087,23724290498240,70.153,1000.018,0.303,0
5549,23724291428087,23724291498137,70.050,999.897,0.329,0
5550,23724292428087,23724292497362,69.275,999.225,0.311,0
5551,23724293428087,23724293498231,70.144,1000.869,0.322,0
5552,23724294428087,23724294501367,73.280,1003.136,0.308,0
5553,23724295428087,23724295498356,70.269,996.989,0.306,0
5554,23724296428087,23724296498708,70.621,1000.352,0.322,0
5555,23724297428087,23724297498254,70.167,999.546,0.305,0
5556,23724298428087,23724298497346,69.259,999.092,0.299,0
5557,23724299428087,23724299497661,69.574,1000.315,0.306,0
5558,23724300428087,23724300497394,69.307,999.733,0.321,0
5559,23724301428087,23724301497877,69.790,1000.483,0.298,0
5560,23724302428087,23724302498214,70.127,1000.337,0.323,0
5561,23724303428087,23724303498409,70.322,1000.195,0.324,0
5562,23724304428087,23724304497487,69.400,999.078,0.302,0
5563,23724305428087,23724305497912,69.825,1000.425,0.321,0
5564,23724306428087,23724306498684,70.597,1000.772,0.315,0
5565,23724307428087,23724307499344,71.257,1000.660,0.304,0
5566,23724308428087,23724308498021,69.934,998.677,0.310,0
5567,23724309428087,23724309498042,69.955,1000.021,0.300,0
5568,23724310428087,23724310498472,70.385,1000.430,0.315,0
5569,23724311428087,23724311497851,69.764,999.379,0.323,0
5570,23724312428087,23724312497150,69.063,999.299,0.303,0
5571,23724313428087,23724313498625,70.538,1001.475,0.315,0
5572,23724314428087,23724314501593,73.506,1002.968,0.311,0
5573,23724315428087,23724315497498,69.411,995.905,0.314,0
5574,23724316428087,23724316498136,70.049,1000.638,0.309,0
5575,23724317428087,23724317499009,70.922,1000.873,0.319,0
5576,23724318428087,23724318498087,70.000,999.078,0.319,0
5577,23724319428087,23724319498010,69.923,999.923,0.313,0
5578,23724320428087,23724320498307,70.220,1000.297,0.303,0
5579,23724321428087,23724321498970,70.883,1000.663,0.326,0
5580,23724322428087,23724322500838,72.751,1001.868,0.337,0
5581,23724323428087,23724323497621,69.534,996.783,0.321,0
5582,23724324428087,23724324498368,70.281,1000.747,0.318,0
5583,23724325428087,23724325497505,69.418,999.137,0.304,0
5584,23724326428087,23724326498452,70.365,1000.947,0.300,0
5585,23724327428087,23724327498043,69.956,999.591,0.331,0
5586,23724328428087,23724328501224,73.137,1003.181,0.312,0
5587,23724329428087,23724329498409,70.322,997.185,0.332,0
5588,23724330428087,23724330498162,70.075,999.753,0.324,0
5589,23724331428087,23724331498109,70.022,999.947,0.324,0
5590,23724332428087,23724332497373,69.286,999.264,0.301,0
5591,23724333428087,23724333497667,69.580,1000.294,0.333,0
5592,23724334428087,23724334497885,69.798,1000.218,0.324,0
5593,23724335428087,23724335498386,70.299,1000.501,0.322,0
5594,23724336428087,23724336500532,72.445,1002.146,0.312,0
5595,23724337428087,23724337461650,33.563,961.118,0.320,0
5596,23724338428087,23724338475128,47.041,1013.478,0.318,0
5597,23724339428087,23724339497832,69.745,1022.704,0.317,0
5598,23724340428087,23724340499554,71.467,1001.722,0.323,0
5599,23724341428087,23724341497376,69.289,997.822,0.315,0
5600,23724342428087,23724342496866,68.779,999.490,0.321,0
5601,23724343428087,23724343498325,70.238,1001.459,0.315,0
5602,23724344428087,23724344499941,71.854,1001.616,0.312,0
5603,23724345428087,23724345498332,70.245,998.391,0.313,0
5604,23724346428087,23724346498284,70.197,999.952,0.314,0
5605,23724347428087,23724347497659,69.572,999.375,0.300,0
5606,23724348428087,23724348496898,68.811,999.239,0.314,0
5607,23724349428087,23724349498571,70.484,1001.673,0.324,0
5608,23724350428087,23724350498055,69.968,999.484,0.299,0
5609,23724351428087,23724351498212,70.125,1000.157,0.303,0
5610,23724352428087,23724352500533,72.446,1002.321,0.321,0
5611,23724353428087,23724353497339,69.252,996.806,0.322,0
5612,23724354428087,23724354497754,69.667,1000.415,0.308,0
5613,23724355428087,23724355498625,70.538,1000.871,0.303,0
5614,23724356428087,23724356497773,69.686,999.148,0.294,0
5615,23724357428087,23724357498289,70.202,1000.516,0.313,0
5616,23724358428087,23724358497358,69.271,999.069,0.330,0
5617,23724359428087,23724359497803,69.716,1000.445,0.320,0
5618,23724360428087,23724360497634,69.547,999.831,0.308,0
5619,23724361428087,23724361498355,70.268,1000.721,0.324,0
5620,23724362428087,23724362498660,70.573,1000.305,0.321,0
5621,23724363428087,23724363498388,70.301,999.728,0.320,0
5622,23724364428087,23724364498229,70.142,999.841,0.304,0
5623,23724365428087,23724365497290,69.203,999.061,0.322,0
5624,23724366428087,23724366498999,70.912,1001.709,0.316,0
5625,23724367428087,23724367497643,69.556,998.644,0.318,0
5626,23724368428087,23724368497621,69.534,999.978,0.314,0
5627,23724369428087,23724369496640,68.553,999.019,0.319,0
5628,23724370428087,23724370499566,71.479,1002.926,0.330,0
5629,23724371428087,23724371498076,69.989,998.510,0.299,0
5630,23724372428087,23724372497607,69.520,999.531,0.302,0
5631,23724373428087,23724373497932,69.845,1000.325,0.305,0
5632,23724374428087,23724374498368,70.281,1000.436,0.308,0
5633,23724375428087,23724375498048,69.961,999.680,0.306,0
5634,23724376428087,23724376498316,70.229,1000.268,0.315,0
5635,23724377428087,23724377498691,70.604,1000.375,0.305,0
5636,23724378428087,23724378498439,70.352,999.748,0.310,0
5637,23724379428087,23724379495451,67.364,997.012,0.321,0
5638,23724380428087,23724380498079,69.992,1002.628,0.316,0
5639,23724381428087,23724381497645,69.558,999.566,0.315,0
5640,23724382428087,23724382497986,69.899,1000.341,0.315,0
5641,23724383428087,23724383498540,70.453,1000.554,0.319,0
5642,23724384428087,23724384498287,70.200,999.747,0.320,0
5643,23724385428087,23724385498341,70.254,1000.054,0.309,0
5644,23724386428087,23724386494190,66.103,995.849,0.326,0
5645,23724387428087,23724387499092,71.005,1004.902,0.308,0
5646,23724388428087,23724388499152,71.065,1000.060,0.319,0
5647,23724389428087,23724389497868,69.781,998.716,0.325,0
5648,23724390428087,23724390497883,69.796,1000.015,0.320,0
5649,23724391428087,23724391498098,70.011,1000.215,0.326,0
5650,23724392428087,23724392500344,72.257,1002.246,0.323,0
5651,23724393428087,23724393502527,74.440,1002.183,0.341,0
5652,23724394428087,23724394500404,72.317,997.877,0.323,0
5653,23724395428087,23724395494873,66.786,994.469,0.317,0
5654,23724396428087,23724396497640,69.553,1002.767,0.316,0
5655,23724397428087,23724397497675,69.588,1000.035,0.320,0
5656,23724398428087,23724398462122,34.035,964.447,0.337,0
5657,23724399428087,23724399497597,69.510,1035.475,0.313,0
5658,23724400428087,23724400499876,71.789,1002.279,0.320,0
5659,23724401428087,23724401498081,69.994,998.205,0.319,0
5660,23724402428087,23724402500028,71.941,1001.947,0.325,0
5661,23724403428087,23724403497700,69.613,997.672,0.327,0
5662,23724404428087,23724404498169,70.082,1000.469,0.325,0
5663,23724405428087,23724405498894,70.807,1000.725,0.300,0
5664,23724406428087,23724406498703,70.616,999.809,0.309,0
5665,23724407428087,23724407497840,69.753,999.137,0.314,0
5666,23724408428087,23724408500104,72.017,1002.264,0.309,0
5667,23724409428087,23724409461642,33.555,961.538,0.327,0
5668,23724410428087,23724410498633,70.546,1036.991,0.331,0
5669,23724411428087,23724411498393,70.306,999.760,0.319,0
5670,23724412428087,23724412498359,70.272,999.966,0.323,0
5671,23724413428087,23724413497929,69.842,999.570,0.333,0
5672,23724414428087,23724414499689,71.602,1001.760,0.331,0
5673,23724415428087,23724415498060,69.973,998.371,0.323,0
5674,23724416428087,23724416499555,71.468,1001.495,0.306,0
5675,23724417428087,23724417498104,70.017,998.549,0.322,0
5676,23724418428087,23724418498339,70.252,1000.235,0.325,0
5677,23724419428087,23724419498768,70.681,1000.429,0.302,0
5678,23724420428087,23724420497293,69.206,998.525,0.314,0
5679,23724421428087,23724421498186,70.099,1000.893,0.326,0
5680,23724422428087,23724422497622,69.535,999.436,0.324,0
5681,23724423428087,23724423498171,70.084,1000.549,0.311,0
5682,23724424428087,23724424497787,69.700,999.616,0.302,0
5683,23724425428087,23724425497425,69.338,999.638,0.314,0
5684,23724426428087,23724426498598,70.511,1001.173,0.321,0
5685,23724427428087,23724427499609,71.522,1001.011,0.318,0
5686,23724428428087,23724428497824,69.737,998.215,0.303,0
5687,23724429428087,23724429498731,70.644,1000.907,0.315,0
5688,23724430428087,23724430497392,69.305,998.661,0.324,0
5689,23724431428087,23724431461332,33.245,963.940,0.322,0
5690,23724432428087,23724432499495,71.408,1038.163,0.318,0
5691,23724433428087,23724433497686,69.599,998.191,0.313,0
5692,23724434428087,23724434503544,75.457,1005.858,0.322,0
5693,23724435428087,23724435499305,71.218,995.761,0.315,0
5694,23724436428087,23724436497357,69.270,998.052,0.306,0
5695,23724437428087,23724437497691,69.604,1000.334,0.298,0
5696,23724438428087,23724438498886,70.799,1001.195,0.321,0
5697,23724439428087,23724439498563,70.476,999.677,0.317,0
5698,23724440428087,23724440497688,69.601,999.125,0.325,0
5699,23724441428087,23724441498568,70.481,1000.880,0.308,0
5700,23724442428087,23724442497693,69.606,999.125,0.310,0
5701,23724443428087,23724443494937,66.850,997.244,0.329,0
5702,23724444428087,23724444498169,70.082,1003.232,0.305,0
5703,23724445428087,23724445498644,70.557,1000.475,0.305,0
5704,23724446428087,23724446498432,70.345,999.788,0.321,0
5705,23724447428087,23724447498818,70.731,1000.386,0.319,0
5706,23724448428087,23724448497992,69.905,999.174,0.324,0
5707,23724449428087,23724449497433,69.346,999.441,0.305,0
5708,23724450428087,23724450499539,71.452,1002.106,0.298,0
5709,23724451428087,23724451498519,70.432,998.980,0.327,0
5710,23724452428087,23724452496616,68.529,998.097,0.309,0
5711,23724453428087,23724453497813,69.726,1001.197,0.307,0
5712,23724454428087,23724454499078,70.991,1001.265,0.329,0
5713,23724455428087,23724455497841,69.754,998.763,0.326,0
5714,23724456428087,23724456499644,71.557,1001.803,0.304,0
5715,23724457428087,23724457501678,73.591,1002.034,0.313,0
5716,23724458428087,23724458497508,69.421,995.830,0.321,0
5717,23724459428087,23724459495867,67.780,998.359,0.327,0
5718,23724460428087,23724460498627,70.540,1002.760,0.306,0
5719,23724461428087,23724461497847,69.760,999.220,0.305,0
5720,23724462428087,23724462497639,69.552,999.792,0.319,0
5721,23724463428087,23724463497635,69.548,999.996,0.318,0
5722,23724464428087,23724464499045,70.958,1001.410,0.316,0
5723,23724465428087,23724465497214,69.127,998.169,0.320,0
5724,23724466428087,23724466499395,71.308,1002.181,0.319,0
5725,23724467428087,23724467497407,69.320,998.012,0.303,0
5726,23724468428087,23724468497875,69.788,1000.468,0.308,0
5727,23724469428087,23724469497264,69.177,999.389,0.324,0
5728,23724470428087,23724470497732,69.645,1000.468,0.320,0
5729,23724471428087,23724471498157,70.070,1000.425,0.303,0
5730,23724472428087,23724472499330,71.243,1001.173,0.326,0
5731,23724473428087,23724473501502,73.415,1002.172,0.311,0
5732,23724474428087,23724474500623,72.536,999.121,0.309,0
5733,23724475428087,23724475498146,70.059,997.523,0.335,0
5734,23724476428087,23724476497680,69.593,999.534,0.331,0
5735,23724477428087,23724477498782,70.695,1001.102,0.315,0
5736,23724478428087,23724478498131,70.044,999.349,0.311,0
5737,23724479428087,23724479497046,68.959,998.915,0.305,0
5738,23724480428087,23724480498872,70.785,1001.826,0.299,0
5739,23724481428087,23724481498037,69.950,999.165,0.305,0
5740,23724482428087,23724482497737,69.650,999.700,0.312,0
5741,23724483428087,23724483497896,69.809,1000.159,0.328,0
5742,23724484428087,23724484497975,69.888,1000.079,0.332,0
5743,23724485428087,23724485498635,70.548,1000.660,0.314,0
5744,23724486428087,23724486497074,68.987,998.439,0.313,0
5745,23724487428087,23724487497411,69.324,1000.337,0.313,0
5746,23724488428087,23724488496557,68.470,999.146,0.309,0
5747,23724489428087,23724489492875,64.788,996.318,0.210,0
5748,23724490428087,23724490497961,69.874,1005.086,0.317,0
5749,23724491428087,23724491498245,70.158,1000.284,0.331,0
5750,23724492428087,23724492497310,69.223,999.065,0.315,0
5751,23724493428087,23724493498962,70.875,1001.652,0.300,0
5752,23724494428087,23724494434499,6.412,935.537,0.306,0
5753,23724495428087,23724495497532,69.445,1063.033,0.323,0
5754,23724496428087,23724496498896,70.809,1001.364,0.318,0
5755,23724497428087,23724497498179,70.092,999.283,0.321,0
5756,23724498428087,23724498497613,69.526,999.434,0.327,0
5757,23724499428087,23724499498393,70.306,1000.780,0.315,0
5758,23724500428087,23724500498699,70.612,1000.306,0.315,0
5759,23724501428087,23724501499200,71.113,1000.501,0.314,0
5760,23724502428087,23724502497140,69.053,997.940,0.311,0
5761,23724503428087,23724503497321,69.234,1000.181,0.329,0
5762,23724504428087,23724504434463,6.376,937.142,0.319,0
5763,23724505428087,23724505497045,68.958,1062.582,0.324,0
5764,23724506428087,23724506499273,71.186,1002.228,0.319,0
5765,23724507428087,23724507501441,73.354,1002.168,0.306,0
5766,23724508428087,23724508496936,68.849,995.495,0.325,0
5767,23724509428087,23724509496514,68.427,999.578,0.301,0
5768,23724510428087,23724510497814,69.727,1001.300,0.311,0
5769,23724511428087,23724511497069,68.982,999.255,0.314,0
5770,23724512428087,23724512498425,70.338,1001.356,0.327,0
5771,23724513428087,23724513500744,72.657,1002.319,0.317,0
5772,23724514428087,23724514434492,6.405,933.748,0.366,0
5773,23724515428087,23724515498152,70.065,1063.660,0.316,0
5774,23724516428087,23724516497607,69.520,999.455,0.304,0
5775,23724517428087,23724517497929,69.842,1000.322,0.291,0
5776,23724518428087,23724518496382,68.295,998.453,0.309,0
5777,23724519428087,23724519498311,70.224,1001.929,0.320,0
5778,23724520428087,23724520498789,70.702,1000.478,0.301,0
5779,23724521428087,23724521501050,72.963,1002.261,0.303,0
5780,23724522428087,23724522499525,71.438,998.475,0.339,0
5781,23724523428087,23724523500683,72.596,1001.158,0.312,0
5782,23724524428087,23724524497751,69.664,997.068,0.315,0
5783,23724525428087,23724525496599,68.512,998.848,0.309,0
5784,23724526428087,23724526498124,70.037,1001.525,0.315,0
5785,23724527428087,23724527498093,70.006,999.969,0.300,0
5786,23724528428087,23724528435511,7.424,937.418,0.363,0
5787,23724529428087,23724529501327,73.240,1065.816,0.297,0
5788,23724530428087,23724530435858,7.771,934.531,0.392,0
5789,23724531428087,23724531497623,69.536,1061.765,0.305,0
5790,23724532428087,23724532498207,70.120,1000.584,0.348,0
5791,23724533428087,23724533498424,70.337,1000.217,0.319,0
5792,23724534428087,23724534434494,6.407,936.070,0.321,0
5793,23724535428087,23724535497265,69.178,1062.771,0.317,0
5794,23724536428087,23724536498714,70.627,1001.449,0.327,0
5795,23724537428087,23724537501041,72.954,1002.327,0.309,0
5796,23724538428087,23724538498709,70.622,997.668,0.327,0
5797,23724539428087,23724539499665,71.578,1000.956,0.312,0
5798,23724540428087,23724540465826,37.739,966.161,0.322,0
5799,23724541428087,23724541460384,32.297,994.558,0.319,0
5800,23724542428087,23724542498756,70.669,1038.372,0.320,0
5801,23724543428087,23724543497980,69.893,999.224,0.302,0
5802,23724544428087,23724544434412,6.325,936.432,0.306,0
5803,23724545428087,23724545498615,70.528,1064.203,0.369,0
5804,23724546428087,23724546497354,69.267,998.739,0.298,0
5805,23724547428087,23724547497561,69.474,1000.207,0.316,0
5806,23724548428087,23724548499265,71.178,1001.704,0.320,0
5807,23724549428087,23724549436973,8.886,937.708,0.352,0
5808,23724550428087,23724550499736,71.649,1062.763,0.306,0
5809,23724551428087,23724551499399,71.312,999.663,0.319,0
5810,23724552428087,23724552499894,71.807,1000.495,0.305,0
5811,23724553428087,23724553498819,70.732,998.925,0.311,0
5812,23724554428087,23724554434578,6.491,935.759,0.339,0
5813,23724555428087,23724555498524,70.437,1063.946,0.325,0
5814,23724556428087,23724556498103,70.016,999.579,0.320,0
5815,23724557428087,23724557466786,38.699,968.683,0.322,0
5816,23724558428087,23724558499000,70.913,1032.214,0.317,0
5817,23724559428087,23724559498438,70.351,999.438,0.332,0
5818,23724560428087,23724560500127,72.040,1001.689,0.304,0
5819,23724561428087,23724561499450,71.363,999.323,0.310,0
5820,23724562428087,23724562499472,71.385,1000.022,0.326,0
5821,23724563428087,23724563499823,71.736,1000.351,0.307,0
5822,23724564428087,23724564434464,6.377,934.641,0.333,0
5823,23724565428087,23724565499338,71.251,1064.874,0.342,0
5824,23724566428087,23724566499248,71.161,999.910,0.321,0
5825,23724567428087,23724567499837,71.750,1000.589,0.307,0
5826,23724568428087,23724568499801,71.714,999.964,0.315,0
5827,23724569428087,23724569499734,71.647,999.933,0.312,0
5828,23724570428087,23724570499674,71.587,999.940,0.305,0
5829,23724571428087,23724571500804,72.717,1001.130,0.318,0
5830,23724572428087,23724572498543,70.456,997.739,0.316,0
5831,23724573428087,23724573500280,72.193,1001.737,0.316,0
5832,23724574428087,23724574434619,6.532,934.339,0.327,0
5833,23724575428087,23724575498619,70.532,1064.000,0.311,0
5834,23724576428087,23724576499163,71.076,1000.544,0.386,0
5835,23724577428087,23724577501003,72.916,1001.840,0.313,0
5836,23724578428087,23724578502870,74.783,1001.867,0.310,0
5837,23724579428087,23724579499510,71.423,996.640,0.317,0
5838,23724580428087,23724580496250,68.163,996.740,0.317,0
5839,23724581428087,23724581499270,71.183,1003.020,0.302,0
5840,23724582428087,23724582499098,71.011,999.828,0.307,0
5841,23724583428087,23724583498300,70.213,999.202,0.324,0
5842,23724584428087,23724584434509,6.422,936.209,0.303,0
5843,23724585428087,23724585500107,72.020,1065.598,0.323,0
5844,23724586428087,23724586499436,71.349,999.329,0.328,0
5845,23724587428087,23724587500719,72.632,1001.283,0.324,0
5846,23724588428087,23724588499116,71.029,998.397,0.324,0
5847,23724589428087,23724589498321,70.234,999.205,0.302,0
5848,23724590428087,23724590498820,70.733,1000.499,0.306,0
5849,23724591428087,23724591499054,70.967,1000.234,0.310,0
5850,23724592428087,23724592434614,6.527,935.560,0.345,0
5851,23724593428087,23724593502005,73.918,1067.391,0.320,0
5852,23724594428087,23724594434527,6.440,932.522,0.338,0
5853,23724595428087,23724595499253,71.166,1064.726,0.318,0
5854,23724596428087,23724596498400,70.313,999.147,0.316,0
5855,23724597428087,23724597498962,70.875,1000.562,0.311,0
5856,23724598428087,23724598498600,70.513,999.638,0.331,0
5857,23724599428087,23724599498555,70.468,999.955,0.313,0
5858,23724600428087,23724600498887,70.800,1000.332,0.309,0
5859,23724601428087,23724601500026,71.939,1001.139,0.309,0
5860,23724602428087,23724602499957,71.870,999.931,0.323,0
5861,23724603428087,23724603499731,71.644,999.774,0.323,0
5862,23724604428087,23724604434501,6.414,934.770,0.320,0
5863,23724605428087,23724605499165,71.078,1064.664,0.326,0
5864,23724606428087,23724606500146,72.059,1000.981,0.327,0
5865,23724607428087,23724607498329,70.242,998.183,0.314,0
5866,23724608428087,23724608498470,70.383,1000.141,0.367,0
5867,23724609428087,23724609498964,70.877,1000.494,0.319,0
5868,23724610428087,23724610499216,71.129,1000.252,0.334,0
5869,23724611428087,23724611498240,70.153,999.024,0.298,0
5870,23724612428087,23724612499661,71.574,1001.421,0.333,0
5871,23724613428087,23724613498319,70.232,998.658,0.320,0
5872,23724614428087,23724614435779,7.692,937.460,0.344,0
5873,23724615428087,23724615498567,70.480,1062.788,0.321,0
5874,23724616428087,23724616498172,70.085,999.605,0.316,0
5875,23724617428087,23724617498804,70.717,1000.632,0.313,0
5876,23724618428087,23724618499652,71.565,1000.848,0.314,0
5877,23724619428087,23724619498695,70.608,999.043,0.299,0
5878,23724620428087,23724620499056,70.969,1000.361,0.333,0
5879,23724621428087,23724621497282,69.195,998.226,0.317,0
5880,23724622428087,23724622498840,70.753,1001.558,0.312,0
5881,23724623428087,23724623500525,72.438,1001.685,0.318,0
5882,23724624428087,23724624434441,6.354,933.916,0.322,0
5883,23724625428087,23724625499553,71.466,1065.112,0.321,0
5884,23724626428087,23724626499089,71.002,999.536,0.318,0
5885,23724627428087,23724627499226,71.139,1000.137,0.313,0
5886,23724628428087,23724628495907,67.820,996.681,0.322,0
5887,23724629428087,23724629498380,70.293,1002.473,0.337,0
5888,23724630428087,23724630498399,70.312,1000.019,0.310,0
5889,23724631428087,23724631499013,70.926,1000.614,0.322,0
5890,23724632428087,23724632499717,71.630,1000.704,0.320,0
5891,23724633428087,23724633498820,70.733,999.103,0.305,0
5892,23724634428087,23724634434832,6.745,936.012,0.344,0
5893,23724635428087,23724635500112,72.025,1065.280,0.308,0
5894,23724636428087,23724636497579,69.492,997.467,0.318,0
5895,23724637428087,23724637498407,70.320,1000.828,0.310,0
5896,23724638428087,23724638464146,36.059,965.739,0.330,0
5897,23724639428087,23724639498592,70.505,1034.446,0.370,0
5898,23724640428087,23724640499081,70.994,1000.489,0.318,0
5899,23724641428087,23724641500863,72.776,1001.782,0.321,0
5900,23724642428087,23724642502415,74.328,1001.552,0.321,0
5901,23724643428087,23724643498904,70.817,996.489,0.315,0
5902,23724644428087,23724644434480,6.393,935.576,0.313,0
5903,23724645428087,23724645498892,70.805,1064.412,0.332,0
5904,23724646428087,23724646499146,71.059,1000.254,0.322,0
5905,23724647428087,23724647498787,70.700,999.641,0.324,0
5906,23724648428087,23724648431973,3.886,933.186,0.213,0
5907,23724649428087,23724649499559,71.472,1067.586,0.331,0
5908,23724650428087,23724650497864,69.777,998.305,0.325,0
5909,23724651428087,23724651499700,71.613,1001.836,0.324,0
5910,23724652428087,23724652498155,70.068,998.455,0.330,0
5911,23724653428087,23724653498426,70.339,1000.271,0.319,0
5912,23724654428087,23724654434569,6.482,936.143,0.348,0
5913,23724655428087,23724655496707,68.620,1062.138,0.317,0
5914,23724656428087,23724656497181,69.094,1000.474,0.312,0
5915,23724657428087,23724657499941,71.854,1002.760,0.322,0
5916,23724658428087,23724658502107,74.020,1002.166,0.319,0
5917,23724659428087,23724659497377,69.290,995.270,0.303,0
5918,23724660428087,23724660497531,69.444,1000.154,0.316,0
5919,23724661428087,23724661498400,70.313,1000.869,0.323,0
5920,23724662428087,23724662497445,69.358,999.045,0.324,0
5921,23724663428087,23724663497348,69.261,999.903,0.328,0
5922,23724664428087,23724664434553,6.466,937.205,0.335,0
5923,23724665428087,23724665499283,71.196,1064.730,0.337,0
5924,23724666428087,23724666497798,69.711,998.515,0.315,0
5925,23724667428087,23724667498285,70.198,1000.487,0.327,0
5926,23724668428087,23724668496571,68.484,998.286,0.317,0
5927,23724669428087,23724669497606,69.519,1001.035,0.324,0
5928,23724670428087,23724670498011,69.924,1000.405,0.381,0
5929,23724671428087,23724671498662,70.575,1000.651,0.326,0
5930,23724672428087,23724672496871,68.784,998.209,0.310,0
5931,23724673428087,23724673499759,71.672,1002.888,0.322,0
5932,23724674428087,23724674434533,6.446,934.774,0.343,0
5933,23724675428087,23724675498196,70.109,1063.663,0.333,0
5934,23724676428087,23724676497963,69.876,999.767,0.316,0
5935,23724677428087,23724677497889,69.802,999.926,0.316,0
5936,23724678428087,23724678498603,70.516,1000.714,0.316,0
5937,23724679428087,23724679497840,69.753,999.237,0.320,0
5938,23724680428087,23724680497694,69.607,999.854,0.330,0
5939,23724681428087,23724681498174,70.087,1000.480,0.314,0
5940,23724682428087,23724682498140,70.053,999.966,0.324,0
5941,23724683428087,23724683497435,69.348,999.295,0.322,0
5942,23724684428087,23724684434517,6.430,937.082,0.321,0
5943,23724685428087,23724685497196,69.109,1062.679,0.318,0
5944,23724686428087,23724686498226,70.139,1001.030,0.306,0
5945,23724687428087,23724687497514,69.427,999.288,0.316,0
5946,23724688428087,23724688498671,70.584,1001.157,0.313,0
5947,23724689428087,23724689431050,2.963,932.379,0.173,0
5948,23724690428087,23724690430466,2.379,999.416,0.077,0
5949,23724691428087,23724691499959,71.872,1069.493,0.311,0
5950,23724692428087,23724692495643,67.556,995.684,0.319,0
5951,23724693428087,23724693498421,70.334,1002.778,0.330,0
5952,23724694428087,23724694434612,6.525,936.191,0.344,0
5953,23724695428087,23724695497063,68.976,1062.451,0.312,0
5954,23724696428087,23724696498055,69.968,1000.992,0.321,0
5955,23724697428087,23724697497743,69.656,999.688,0.320,0
5956,23724698428087,23724698470029,41.942,972.286,0.330,0
5957,23724699428087,23724699465818,37.731,995.789,0.374,0
5958,23724700428087,23724700471500,43.413,1005.682,0.768,0
5959,23724701428087,23724701472659,44.572,1001.159,0.833,0
5960,23724702428087,23724702471292,43.205,998.633,0.763,0
5961,23724703428087,23724703472280,44.193,1000.988,0.779,0
5962,23724704428087,23724704434585,6.498,962.305,0.325,0
5963,23724705428087,23724705499362,71.275,1064.777,0.321,0
5964,23724706428087,23724706488021,59.934,988.659,0.331,0
5965,23724707428087,23724707462750,34.663,974.729,0.327,0
5966,23724708428087,23724708494940,66.853,1032.190,0.307,0
5967,23724709428087,23724709463440,35.353,968.500,0.351,0
5968,23724710428087,23724710499320,71.233,1035.880,0.323,0
5969,23724711428087,23724711498827,70.740,999.507,0.307,0
5970,23724712428087,23724712498361,70.274,999.534,0.327,0
5971,23724713428087,23724713498863,70.776,1000.502,0.323,0
5972,23724714428087,23724714434541,6.454,935.678,0.338,0
5973,23724715428087,23724715498858,70.771,1064.317,0.318,0
5974,23724716428087,23724716497792,69.705,998.934,0.306,0
5975,23724717428087,23724717498257,70.170,1000.465,0.324,0
5976,23724718428087,23724718497996,69.909,999.739,0.318,0
5977,23724719428087,23724719498294,70.207,1000.298,0.319,0
5978,23724720428087,23724720498026,69.939,999.732,0.337,0
5979,23724721428087,23724721498337,70.250,1000.311,0.324,0
5980,23724722428087,23724722496462,68.375,998.125,0.302,0
5981,23724723428087,23724723496832,68.745,1000.370,0.321,0
5982,23724724428087,23724724434423,6.336,937.591,0.327,0
5983,23724725428087,23724725496920,68.833,1062.497,0.317,0
5984,23724726428087,23724726497852,69.765,1000.932,0.320,0
5985,23724727428087,23724727497040,68.953,999.188,0.311,0
5986,23724728428087,23724728496750,68.663,999.710,0.335,0
5987,23724729428087,23724729498599,70.512,1001.849,0.321,0
5988,23724730428087,23724730496756,68.669,998.157,0.319,0
5989,23724731428087,23724731497530,69.443,1000.774,0.320,0
5990,23724732428087,23724732499057,70.970,1001.527,0.321,0
5991,23724733428087,23724733498341,70.254,999.284,0.380,0
5992,23724734428087,23724734434782,6.695,936.441,0.343,0
5993,23724735428087,23724735497382,69.295,1062.600,0.321,0
5994,23724736428087,23724736498521,70.434,1001.139,0.326,0
5995,23724737428087,23724737498754,70.667,1000.233,0.313,0
5996,23724738428087,23724738497113,69.026,998.359,0.307,0
5997,23724739428087,23724739499574,71.487,1002.461,0.305,0
5998,23724740428087,23724740499858,71.771,1000.284,0.320,0
5999,23724741428087,23724741499342,71.255,999.484,0.325,0
6000,23724742428087,23724742498286,70.199,998.944,0.321,0
6001,23724743428087,23724743498020,69.933,999.734,0.325,0
6002,23724744428087,23724744434472,6.385,936.452,0.324,0
6003,23724745428087,23724745497699,69.612,1063.227,0.317,0
6004,23724746428087,23724746496806,68.719,999.107,0.335,0
6005,23724747428087,23724747497375,69.288,1000.569,0.327,0
6006,23724748428087,23724748497464,69.377,1000.089,0.318,0
6007,23724749428087,23724749498383,70.296,1000.919,0.318,0
6008,23724750428087,23724750497154,69.067,998.771,0.311,0
6009,23724751428087,23724751498506,70.419,1001.352,0.323,0
6010,23724752428087,23724752498354,70.267,999.848,0.317,0
6011,23724753428087,23724753496898,68.811,998.544,0.323,0
6012,23724754428087,23724754433450,5.363,936.552,0.347,0
6013,23724755428087,23724755498278,70.191,1064.828,0.321,0
6014,23724756428087,23724756494251,66.164,995.973,0.322,0
6015,23724757428087,23724757498497,70.410,1004.246,0.332,0
6016,23724758428087,23724758497410,69.323,998.913,0.324,0
6017,23724759428087,23724759497435,69.348,1000.025,0.320,0
6018,23724760428087,23724760498038,69.951,1000.603,0.331,0
6019,23724761428087,23724761496986,68.899,998.948,0.320,0
6020,23724762428087,23724762500247,72.160,1003.261,0.305,0
6021,23724763428087,23724763498755,70.668,998.508,0.318,0
6022,23724764428087,23724764434532,6.445,935.777,0.381,0
6023,23724765428087,23724765498022,69.935,1063.490,0.305,0
6024,23724766428087,23724766498286,70.199,1000.264,0.326,0
6025,23724767428087,23724767497909,69.822,999.623,0.325,0
6026,23724768428087,23724768432492,4.405,934.583,0.179,0
6027,23724769428087,23724769498430,70.343,1065.938,0.325,0
6028,23724770428087,23724770501037,72.950,1002.607,0.322,0
6029,23724771428087,23724771499035,70.948,997.998,0.318,0
6030,23724772428087,23724772494236,66.149,995.201,0.320,0
6031,23724773428087,23724773499005,70.918,1004.769,0.325,0
6032,23724774428087,23724774435752,7.665,936.747,0.346,0
6033,23724775428087,23724775497233,69.146,1061.481,0.314,0
6034,23724776428087,23724776498483,70.396,1001.250,0.321,0
6035,23724777428087,23724777461497,33.410,963.014,0.314,0
6036,23724778428087,23724778465394,37.307,1003.897,0.341,0
6037,23724779428087,23724779498395,70.308,1033.001,0.320,0
6038,23724780428087,23724780499512,71.425,1001.117,0.329,0
6039,23724781428087,23724781498192,70.105,998.680,0.322,0
6040,23724782428087,23724782499021,70.934,1000.829,0.323,0
6041,23724783428087,23724783499040,70.953,1000.019,0.310,0
6042,23724784428087,23724784434488,6.401,935.448,0.334,0
6043,23724785428087,23724785498435,70.348,1063.947,0.324,0
6044,23724786428087,23724786500556,72.469,1002.121,0.326,0
6045,23724787428087,23724787499778,71.691,999.222,0.306,0
6046,23724788428087,23724788498927,70.840,999.149,0.315,0
6047,23724789428087,23724789431154,3.067,932.227,0.174,0
6048,23724790428087,23724790430511,2.424,999.357,0.077,0
6049,23724791428087,23724791498595,70.508,1068.084,0.327,0
6050,23724792428087,23724792497417,69.330,998.822,0.329,0
6051,23724793428087,23724793497881,69.794,1000.464,0.322,0
6052,23724794428087,23724794434670,6.583,936.789,0.344,0
6053,23724795428087,23724795435488,7.401,1000.818,0.414,0
6054,23724796428087,23724796497648,69.561,1062.160,0.322,0
6055,23724797428087,23724797498204,70.117,1000.556,0.318,0
6056,23724798428087,23724798498821,70.734,1000.617,0.336,0
6057,23724799428087,23724799497773,69.686,998.952,0.344,0
6058,23724800428087,23724800498904,70.817,1001.131,0.330,0
6059,23724801428087,23724801499048,70.961,1000.144,0.335,0
6060,23724802428087,23724802498336,70.249,999.288,0.329,0
6061,23724803428087,23724803498667,70.580,1000.331,0.323,0
6062,23724804428087,23724804434467,6.380,935.800,0.323,0
6063,23724805428087,23724805499799,71.712,1065.332,0.345,0
6064,23724806428087,23724806499046,70.959,999.247,0.308,0
6065,23724807428087,23724807498442,70.355,999.396,0.317,0
6066,23724808428087,23724808498763,70.676,1000.321,0.323,0
6067,23724809428087,23724809497899,69.812,999.136,0.328,0
6068,23724810428087,23724810498966,70.879,1001.067,0.323,0
6069,23724811428087,23724811498562,70.475,999.596,0.324,0
6070,23724812428087,23724812499308,71.221,1000.746,0.332,0
6071,23724813428087,23724813496474,68.387,997.166,0.331,0
6072,23724814428087,23724814433583,5.496,937.109,0.340,0
6073,23724815428087,23724815498133,70.046,1064.550,0.315,0
6074,23724816428087,23724816497721,69.634,999.588,0.321,0
6075,23724817428087,23724817498132,70.045,1000.411,0.322,0
6076,23724818428087,23724818498328,70.241,1000.196,0.327,0
6077,23724819428087,23724819499298,71.211,1000.970,0.313,0
6078,23724820428087,23724820500507,72.420,1001.209,0.309,0
6079,23724821428087,23724821499738,71.651,999.231,0.323,0
6080,23724822428087,23724822499403,71.316,999.665,0.325,0
6081,23724823428087,23724823498700,70.613,999.297,0.321,0
6082,23724824428087,23724824434456,6.369,935.756,0.324,0
6083,23724825428087,23724825497929,69.842,1063.473,0.320,0
6084,23724826428087,23724826500590,72.503,1002.661,0.374,0
6085,23724827428087,23724827503112,75.025,1002.522,0.322,0
6086,23724828428087,23724828431595,3.508,928.483,0.174,0
6087,23724829428087,23724829495527,67.440,1063.932,0.315,0
6088,23724830428087,23724830497922,69.835,1002.395,0.314,0
6089,23724831428087,23724831496642,68.555,998.720,0.317,0
6090,23724832428087,23724832461637,33.550,964.995,0.337,0
6091,23724833428087,23724833498780,70.693,1037.143,0.304,0
6092,23724834428087,23724834434886,6.799,936.106,0.339,0
6093,23724835428087,23724835498333,70.246,1063.447,0.321,0
6094,23724836428087,23724836500313,72.226,1001.980,0.331,0
6095,23724837428087,23724837498380,70.293,998.067,0.326,0
6096,23724838428087,23724838498280,70.193,999.900,0.318,0
6097,23724839428087,23724839435237,7.150,936.957,0.458,0
6098,23724840428087,23724840497052,68.965,1061.815,0.321,0
6099,23724841428087,23724841497210,69.123,1000.158,0.323,0
6100,23724842428087,23724842500403,72.316,1003.193,0.321,0
6101,23724843428087,23724843497797,69.710,997.394,0.321,0
6102,23724844428087,23724844434459,6.372,936.662,0.328,0
6103,23724845428087,23724845496460,68.373,1062.001,0.327,0
6104,23724846428087,23724846497207,69.120,1000.747,0.322,0
6105,23724847428087,23724847498995,70.908,1001.788,0.328,0
6106,23724848428087,23724848497482,69.395,998.487,0.328,0
6107,23724849428087,23724849496648,68.561,999.166,0.329,0
6108,23724850428087,23724850499999,71.912,1003.351,0.320,0
6109,23724851428087,23724851497549,69.462,997.550,0.319,0
6110,23724852428087,23724852497096,69.009,999.547,0.324,0
6111,23724853428087,23724853498112,70.025,1001.016,0.328,0
6112,23724854428087,23724854434763,6.676,936.651,0.448,0
6113,23724855428087,23724855497583,69.496,1062.820,0.313,0
6114,23724856428087,23724856498095,70.008,1000.512,0.312,0
6115,23724857428087,23724857497867,69.780,999.772,0.332,0
6116,23724858428087,23724858497131,69.044,999.264,0.394,0
6117,23724859428087,23724859498714,70.627,1001.583,0.325,0
6118,23724860428087,23724860497207,69.120,998.493,0.308,0
6119,23724861428087,23724861497755,69.668,1000.548,0.312,0
6120,23724862428087,23724862498207,70.120,1000.452,0.322,0
6121,23724863428087,23724863496972,68.885,998.765,0.321,0
6122,23724864428087,23724864434591,6.504,937.619,0.322,0
6123,23724865428087,23724865497995,69.908,1063.404,0.302,0
6124,23724866428087,23724866497552,69.465,999.557,0.326,0
6125,23724867428087,23724867497770,69.683,1000.218,0.311,0
6126,23724868428087,23724868499451,71.364,1001.681,0.315,0
6127,23724869428087,23724869498079,69.992,998.628,0.312,0
6128,23724870428087,23724870497937,69.850,999.858,0.300,0
6129,23724871428087,23724871497572,69.485,999.635,0.317,0
6130,23724872428087,23724872497570,69.483,999.998,0.324,0
6131,23724873428087,23724873507646,79.559,1010.076,0.318,0
6132,23724874428087,23724874434526,6.439,926.880,0.335,0
6133,23724875428087,23724875499175,71.088,1064.649,0.310,0
6134,23724876428087,23724876498921,70.834,999.746,0.318,0
6135,23724877428087,23724877502361,74.274,1003.440,0.318,0
6136,23724878428087,23724878498952,70.865,996.591,0.295,0
6137,23724879428087,23724879498652,70.565,999.700,0.307,0
6138,23724880428087,23724880499317,71.230,1000.665,0.306,0
6139,23724881428087,23724881499113,71.026,999.796,0.320,0
6140,23724882428087,23724882498074,69.987,998.961,0.308,0
6141,23724883428087,23724883497793,69.706,999.719,0.319,0
6142,23724884428087,23724884434484,6.397,936.691,0.316,0
6143,23724885428087,23724885498400,70.313,1063.916,0.302,0
6144,23724886428087,23724886498351,70.264,999.951,0.310,0
6145,23724887428087,23724887499307,71.220,1000.956,0.306,0
6146,23724888428087,23724888499077,70.990,999.770,0.301,0
6147,23724889428087,23724889498541,70.454,999.464,0.321,0
6148,23724890428087,23724890499962,71.875,1001.421,0.325,0
6149,23724891428087,23724891501932,73.845,1001.970,0.324,0
6150,23724892428087,23724892497760,69.673,995.828,0.307,0
6151,23724893428087,23724893501992,73.905,1004.232,0.317,0
6152,23724894428087,23724894434526,6.439,932.534,0.337,0
6153,23724895428087,23724895498612,70.525,1064.086,0.314,0
6154,23724896428087,23724896498631,70.544,1000.019,0.317,0
6155,23724897428087,23724897499932,71.845,1001.301,0.315,0
6156,23724898428087,23724898499238,71.151,999.306,0.319,0
6157,23724899428087,23724899475889,47.802,976.651,0.312,0
6158,23724900428087,23724900504660,76.573,1028.771,0.364,0
6159,23724901428087,23724901499094,71.007,994.434,0.336,0
6160,23724902428087,23724902500072,71.985,1000.978,0.355,0
6161,23724903428087,23724903499345,71.258,999.273,0.363,0
6162,23724904428087,23724904434558,6.471,935.213,0.359,0
6163,23724905428087,23724905499915,71.828,1065.357,0.353,0
6164,23724906428087,23724906500359,72.272,1000.444,0.358,0
6165,23724907428087,23724907501901,73.814,1001.542,0.334,0
6166,23724908428087,23724908498922,70.835,997.021,0.338,0
6167,23724909428087,23724909500009,71.922,1001.087,0.340,0
6168,23724910428087,23724910499192,71.105,999.183,0.350,0
6169,23724911428087,23724911498631,70.544,999.439,0.334,0
6170,23724912428087,23724912498185,70.098,999.554,0.344,0
6171,23724913428087,23724913499072,70.985,1000.887,0.348,0
6172,23724914428087,23724914434388,6.301,935.316,0.337,0
6173,23724915428087,23724915498245,70.158,1063.857,0.357,0
6174,23724916428087,23724916499713,71.626,1001.468,0.353,0
6175,23724917428087,23724917499456,71.369,999.743,0.345,0
6176,23724918428087,23724918498507,70.420,999.051,0.354,0
6177,23724919428087,23724919499166,71.079,1000.659,0.359,0
6178,23724920428087,23724920498458,70.371,999.292,0.336,0
6179,23724921428087,23724921498654,70.567,1000.196,0.347,0
6180,23724922428087,23724922499346,71.259,1000.692,0.346,0
6181,23724923428087,23724923498793,70.706,999.447,0.361,0
6182,23724924428087,23724924434340,6.253,935.547,0.341,0
6183,23724925428087,23724925498275,70.188,1063.935,0.359,0
6184,23724926428087,23724926498887,70.800,1000.612,0.356,0
6185,23724927428087,23724927499562,71.475,1000.675,0.341,0
6186,23724928428087,23724928499301,71.214,999.739,0.349,0
6187,23724929428087,23724929498507,70.420,999.206,0.352,0
6188,23724930428087,23724930498073,69.986,999.566,0.340,0
6189,23724931428087,23724931498106,70.019,1000.033,0.353,0
6190,23724932428087,23724932497578,69.491,999.472,0.354,0
6191,23724933428087,23724933498151,70.064,1000.573,0.366,0
6192,23724934428087,23724934434822,6.735,936.671,0.338,0
6193,23724935428087,23724935498988,70.901,1064.166,0.363,0
6194,23724936428087,23724936498762,70.675,999.774,0.361,0
6195,23724937428087,23724937498146,70.059,999.384,0.346,0
6196,23724938428087,23724938498149,70.062,1000.003,0.340,0
6197,23724939428087,23724939498425,70.338,1000.276,0.347,0
6198,23724940428087,23724940498306,70.219,999.881,0.343,0
6199,23724941428087,23724941495981,67.894,997.675,0.362,0
6200,23724942428087,23724942498843,70.756,1002.862,0.355,0
6201,23724943428087,23724943499183,71.096,1000.340,0.349,0
6202,23724944428087,23724944434462,6.375,935.279,0.366,0
6203,23724945428087,23724945498633,70.546,1064.171,0.354,0
6204,23724946428087,23724946498616,70.529,999.983,0.340,0
6205,23724947428087,23724947502030,73.943,1003.414,0.352,0
6206,23724948428087,23724948499060,70.973,997.030,0.346,0
6207,23724949428087,23724949497786,69.699,998.726,0.347,0
6208,23724950428087,23724950496469,68.382,998.683,0.350,0
6209,23724951428087,23724951499267,71.180,1002.798,0.353,0
6210,23724952428087,23724952498952,70.865,999.685,0.334,0
6211,23724953428087,23724953498914,70.827,999.962,0.354,0
6212,23724954428087,23724954434501,6.414,935.587,0.344,0
6213,23724955428087,23724955501405,73.318,1066.904,0.338,0
6214,23724956428087,23724956499652,71.565,998.247,0.337,0
6215,23724957428087,23724957501439,73.352,1001.787,0.333,0
6216,23724958428087,23724958498135,70.048,996.696,0.341,0
6217,23724959428087,23724959498901,70.814,1000.766,0.356,0
6218,23724960428087,23724960500351,72.264,1001.450,0.353,0
6219,23724961428087,23724961498632,70.545,998.281,0.342,0
6220,23724962428087,23724962498751,70.664,1000.119,0.353,0
6221,23724963428087,23724963502501,74.414,1003.750,0.357,0
6222,23724964428087,23724964436324,8.237,933.823,0.373,0
6223,23724965428087,23724965499058,70.971,1062.734,0.346,0
6224,23724966428087,23724966487665,59.578,988.607,0.345,0
6225,23724967428087,23724967499827,71.740,1012.162,0.360,0
6226,23724968428087,23724968498050,69.963,998.223,0.354,0
6227,23724969428087,23724969499610,71.523,1001.560,0.338,0
6228,23724970428087,23724970500403,72.316,1000.793,0.349,0
6229,23724971428087,23724971500906,72.819,1000.503,0.341,0
6230,23724972428087,23724972498866,70.779,997.960,0.345,0
6231,23724973428087,23724973498642,70.555,999.776,0.336,0
6232,23724974428087,23724974434519,6.432,935.877,0.371,0
6233,23724975428087,23724975500093,72.006,1065.574,0.355,0
6234,23724976428087,23724976498956,70.869,998.863,0.346,0
6235,23724977428087,23724977499099,71.012,1000.143,0.351,0
6236,23724978428087,23724978499561,71.474,1000.462,0.345,0
6237,23724979428087,23724979499328,71.241,999.767,0.339,0
6238,23724980428087,23724980497379,69.292,998.051,0.344,0
6239,23724981428087,23724981498297,70.210,1000.918,0.334,0
6240,23724982428087,23724982499379,71.292,1001.082,0.354,0
6241,23724983428087,23724983498992,70.905,999.613,0.337,0
6242,23724984428087,23724984434445,6.358,935.453,0.346,0
6243,23724985428087,23724985497485,69.398,1063.040,0.353,0
6244,23724986428087,23724986499215,71.128,1001.730,0.341,0
6245,23724987428087,23724987498041,69.954,998.826,0.359,0
6246,23724988428087,23724988497365,69.278,999.324,0.350,0
6247,23724989428087,23724989497934,69.847,1000.569,0.350,0
6248,23724990428087,23724990498959,70.872,1001.025,0.368,0
6249,23724991428087,23724991499020,70.933,1000.061,0.356,0
6250,23724992428087,23724992499003,70.916,999.983,0.347,0
6251,23724993428087,23724993498938,70.851,999.935,0.353,0
6252,23724994428087,23724994434491,6.404,935.553,0.360,0
6253,23724995428087,23724995498871,70.784,1064.380,0.343,0
6254,23724996428087,23724996498317,70.230,999.446,0.351,0
6255,23724997428087,23724997498398,70.311,1000.081,0.351,0
6256,23724998428087,23724998496222,68.135,997.824,0.339,0
6257,23724999428087,23724999499014,70.927,1002.792,0.343,0
6258,23725000428087,23725000498824,70.737,999.810,0.319,0
6259,23725001428087,23725001498260,70.173,999.436,0.342,0
6260,23725002428087,23725002500513,72.426,1002.253,0.343,0
6261,23725003428087,23725003498743,70.656,998.230,0.346,0
6262,23725004428087,23725004498745,70.658,1000.002,0.338,0
6263,23725005428087,23725005494632,66.545,995.887,0.341,0
6264,23725006428087,23725006498111,70.024,1003.479,0.340,0
6265,23725007428087,23725007499587,71.500,1001.476,0.348,0
6266,23725008428087,23725008497550,69.463,997.963,0.343,0
6267,23725009428087,23725009499550,71.463,1002.000,0.340,0
6268,23725010428087,23725010497348,69.261,997.798,0.358,0
6269,23725011428087,23725011501923,73.836,1004.575,0.350,0
6270,23725012428087,23725012503235,75.148,1001.312,0.351,0
6271,23725013428087,23725013497419,69.332,994.184,0.362,0
6272,23725014428087,23725014497440,69.353,1000.021,0.352,0
6273,23725015428087,23725015499033,70.946,1001.593,0.349,0
6274,23725016428087,23725016498968,70.881,999.935,0.347,0
6275,23725017428087,23725017499463,71.376,1000.495,0.342,0
6276,23725018428087,23725018498274,70.187,998.811,0.353,0
6277,23725019428087,23725019500665,72.578,1002.391,0.371,0
6278,23725020428087,23725020498692,70.605,998.027,0.353,0
6279,23725021428087,23725021500896,72.809,1002.204,0.359,0
6280,23725022428087,23725022498349,70.262,997.453,0.362,0
6281,23725023428087,23725023499303,71.216,1000.954,0.350,0
6282,23725024428087,23725024498751,70.664,999.448,0.360,0
6283,23725025428087,23725025498200,70.113,999.449,0.360,0
6284,23725026428087,23725026458231,30.144,960.031,0.372,0
6285,23725027428087,23725027500876,72.789,1042.645,0.356,0
6286,23725028428087,23725028498143,70.056,997.267,0.346,0
6287,23725029428087,23725029435520,7.433,937.377,0.351,0
6288,23725030428087,23725030499412,71.325,1063.892,0.357,0
6289,23725031428087,23725031499043,70.956,999.631,0.371,0
6290,23725032428087,23725032496756,68.669,997.713,0.348,0
6291,23725033428087,23725033500027,71.940,1003.271,0.357,0
6292,23725034428087,23725034499366,71.279,999.339,0.347,0
6293,23725035428087,23725035500470,72.383,1001.104,0.355,0
6294,23725036428087,23725036498629,70.542,998.159,0.346,0
6295,23725037428087,23725037499385,71.298,1000.756,0.351,0
6296,23725038428087,23725038498548,70.461,999.163,0.356,0
6297,23725039428087,23725039498472,70.385,999.924,0.345,0
6298,23725040428087,23725040499000,70.913,1000.528,0.340,0
6299,23725041428087,23725041499020,70.933,1000.020,0.362,0
6300,23725042428087,23725042498832,70.745,999.812,0.337,0
6301,23725043428087,23725043498156,70.069,999.324,0.362,0
6302,23725044428087,23725044499785,71.698,1001.629,0.354,0
6303,23725045428087,23725045498200,70.113,998.415,0.347,0
6304,23725046428087,23725046498495,70.408,1000.295,0.357,0
6305,23725047428087,23725047498899,70.812,1000.404,0.347,0
6306,23725048428087,23725048499528,71.441,1000.629,0.352,0
6307,23725049428087,23725049498925,70.838,999.397,0.349,0
6308,23725050428087,23725050499697,71.610,1000.772,0.330,0
6309,23725051428087,23725051499396,71.309,999.699,0.353,0
6310,23725052428087,23725052498662,70.575,999.266,0.341,0
6311,23725053428087,23725053500353,72.266,1001.691,0.349,0
6312,23725054428087,23725054498809,70.722,998.456,0.357,0
6313,23725055428087,23725055498962,70.875,1000.153,0.355,0
6314,23725056428087,23725056498271,70.184,999.309,0.344,0
6315,23725057428087,23725057497903,69.816,999.632,0.358,0
6316,23725058428087,23725058499312,71.225,1001.409,0.352,0
6317,23725059428087,23725059499654,71.567,1000.342,0.361,0
6318,23725060428087,23725060500276,72.189,1000.622,0.345,0
6319,23725061428087,23725061498643,70.556,998.367,0.343,0
6320,23725062428087,23725062495957,67.870,997.314,0.357,0
6321,23725063428087,23725063499363,71.276,1003.406,0.352,0
6322,23725064428087,23725064500419,72.332,1001.056,0.330,0
6323,23725065428087,23725065498789,70.702,998.370,0.341,0
6324,23725066428087,23725066498895,70.808,1000.106,0.355,0
6325,23725067428087,23725067498803,70.716,999.908,0.353,0
6326,23725068428087,23725068499118,71.031,1000.315,0.360,0
6327,23725069428087,23725069500224,72.137,1001.106,0.344,0
6328,23725070428087,23725070499971,71.884,999.747,0.349,0
6329,23725071428087,23725071499552,71.465,999.581,0.344,0
6330,23725072428087,23725072498906,70.819,999.354,0.357,0
6331,23725073428087,23725073499614,71.527,1000.708,0.334,0
6332,23725074428087,23725074500175,72.088,1000.561,0.341,0
6333,23725075428087,23725075501161,73.074,1000.986,0.348,0
6334,23725076428087,23725076502759,74.672,1001.598,0.339,0
6335,23725077428087,23725077499416,71.329,996.657,0.360,0
6336,23725078428087,23725078502175,74.088,1002.759,0.350,0
6337,23725079428087,23725079498297,70.210,996.122,0.360,0
6338,23725080428087,23725080497627,69.540,999.330,0.364,0
6339,23725081428087,23725081497665,69.578,1000.038,0.350,0
6340,23725082428087,23725082498467,70.380,1000.802,0.353,0
6341,23725083428087,23725083499727,71.640,1001.260,0.345,0
6342,23725084428087,23725084434499,6.412,934.772,0.341,0
6343,23725085428087,23725085499876,71.789,1065.377,0.347,0
6344,23725086428087,23725086499463,71.376,999.587,0.347,0
6345,23725087428087,23725087499537,71.450,1000.074,0.353,0
6346,23725088428087,23725088499257,71.170,999.720,0.341,0
6347,23725089428087,23725089499587,71.500,1000.330,0.359,0
6348,23725090428087,23725090499611,71.524,1000.024,0.346,0
6349,23725091428087,23725091500119,72.032,1000.508,0.341,0
6350,23725092428087,23725092467257,39.170,967.138,0.333,0
6351,23725093428087,23725093499712,71.625,1032.455,0.356,0
6352,23725094428087,23725094434568,6.481,934.856,0.365,0
6353,23725095428087,23725095499108,71.021,1064.540,0.346,0
6354,23725096428087,23725096498522,70.435,999.414,0.342,0
6355,23725097428087,23725097497650,69.563,999.128,0.371,0
6356,23725098428087,23725098498412,70.325,1000.762,0.350,0
6357,23725099428087,23725099499459,71.372,1001.047,0.359,0
6358,23725100428087,23725100498760,70.673,999.301,0.353,0
6359,23725101428087,23725101498976,70.889,1000.216,0.356,0
6360,23725102428087,23725102499466,71.379,1000.490,0.337,0
6361,23725103428087,23725103499315,71.228,999.849,0.366,0
6362,23725104428087,23725104434840,6.753,935.525,0.333,0
6363,23725105428087,23725105499509,71.422,1064.669,0.347,0
6364,23725106428087,23725106499089,71.002,999.580,0.347,0
6365,23725107428087,23725107499599,71.512,1000.510,0.345,0
6366,23725108428087,23725108498189,70.102,998.590,0.342,0
6367,23725109428087,23725109466136,38.049,967.947,0.358,0
6368,23725110428087,23725110465723,37.636,999.587,0.357,0
6369,23725111428087,23725111498573,70.486,1032.850,0.356,0
6370,23725112428087,23725112498799,70.712,1000.226,0.362,0
6371,23725113428087,23725113499758,71.671,1000.959,0.357,0
6372,23725114428087,23725114435176,7.089,935.418,0.357,0
6373,23725115428087,23725115498873,70.786,1063.697,0.355,0
6374,23725116428087,23725116498438,70.351,999.565,0.351,0
6375,23725117428087,23725117498533,70.446,1000.095,0.328,0
6376,23725118428087,23725118431800,3.713,933.267,0.111,0
6377,23725119428087,23725119498272,70.185,1066.472,0.375,0
6378,23725120428087,23725120498066,69.979,999.794,0.356,0
6379,23725121428087,23725121497623,69.536,999.557,0.363,0
6380,23725122428087,23725122498062,69.975,1000.439,0.343,0
6381,23725123428087,23725123496983,68.896,998.921,0.348,0
6382,23725124428087,23725124434702,6.615,937.719,0.342,0
6383,23725125428087,23725125500150,72.063,1065.448,0.347,0
6384,23725126428087,23725126494627,66.540,994.477,0.351,0
6385,23725127428087,23725127497812,69.725,1003.185,0.334,0
6386,23725128428087,23725128498117,70.030,1000.305,0.345,0
6387,23725129428087,23725129497197,69.110,999.080,0.346,0
6388,23725130428087,23725130497497,69.410,1000.300,0.358,0
6389,23725131428087,23725131498235,70.148,1000.738,0.352,0
6390,23725132428087,23725132497266,69.179,999.031,0.352,0
6391,23725133428087,23725133499427,71.340,1002.161,0.359,0
6392,23725134428087,23725134434444,6.357,935.017,0.368,0
6393,23725135428087,23725135498656,70.569,1064.212,0.356,0
6394,23725136428087,23725136496829,68.742,998.173,0.350,0
6395,23725137428087,23725137498516,70.429,1001.687,0.373,0
6396,23725138428087,23725138498170,70.083,999.654,0.357,0
6397,23725139428087,23725139499590,71.503,1001.420,0.367,0
6398,23725140428087,23725140501820,73.733,1002.230,0.346,0
6399,23725141428087,23725141497420,69.333,995.600,0.353,0
6400,23725142428087,23725142494514,66.427,997.094,0.353,0
6401,23725143428087,23725143497350,69.263,1002.836,0.340,0
6402,23725144428087,23725144434671,6.584,937.321,0.338,0
6403,23725145428087,23725145497928,69.841,1063.257,0.336,0
6404,23725146428087,23725146497630,69.543,999.702,0.367,0
6405,23725147428087,23725147499011,70.924,1001.381,0.344,0
6406,23725148428087,23725148502124,74.037,1003.113,0.364,0
6407,23725149428087,23725149499382,71.295,997.258,0.352,0
6408,23725150428087,23725150497007,68.920,997.625,0.342,0
6409,23725151428087,23725151498450,70.363,1001.443,0.352,0
6410,23725152428087,23725152498590,70.503,1000.140,0.325,0
6411,23725153428087,23725153498969,70.882,1000.379,0.321,0
6412,23725154428087,23725154434484,6.397,935.515,0.309,0
6413,23725155428087,23725155499251,71.164,1064.767,0.311,0
6414,23725156428087,23725156501509,73.422,1002.258,0.315,0
6415,23725157428087,23725157497353,69.266,995.844,0.321,0
6416,23725158428087,23725158498659,70.572,1001.306,0.326,0
6417,23725159428087,23725159499536,71.449,1000.877,0.309,0
6418,23725160428087,23725160497821,69.734,998.285,0.314,0
6419,23725161428087,23725161498244,70.157,1000.423,0.321,0
6420,23725162428087,23725162498752,70.665,1000.508,0.307,0
6421,23725163428087,23725163498959,70.872,1000.207,0.298,0
6422,23725164428087,23725164434655,6.568,935.696,0.327,0
6423,23725165428087,23725165498311,70.224,1063.656,0.308,0
6424,23725166428087,23725166498250,70.163,999.939,0.314,0
6425,23725167428087,23725167499313,71.226,1001.063,0.322,0
6426,23725168428087,23725168497290,69.203,997.977,0.322,0
6427,23725169428087,23725169497573,69.486,1000.283,0.320,0
6428,23725170428087,23725170497536,69.449,999.963,0.315,0
6429,23725171428087,23725171497325,69.238,999.789,0.319,0
6430,23725172428087,23725172498085,69.998,1000.760,0.301,0
6431,23725173428087,23725173497311,69.224,999.226,0.296,0
6432,23725174428087,23725174434466,6.379,937.155,0.338,0
6433,23725175428087,23725175496541,68.454,1062.075,0.301,0
6434,23725176428087,23725176496860,68.773,1000.319,0.325,0
6435,23725177428087,23725177497790,69.703,1000.930,0.309,0
6436,23725178428087,23725178497834,69.747,1000.044,0.327,0
6437,23725179428087,23725179497847,69.760,1000.013,0.309,0
6438,23725180428087,23725180497974,69.887,1000.127,0.324,0
6439,23725181428087,23725181435282,7.195,937.308,0.317,0
6440,23725182428087,23725182497838,69.751,1062.556,0.298,0
6441,23725183428087,23725183497271,69.184,999.433,0.334,0
6442,23725184428087,23725184434537,6.450,937.266,0.338,0
6443,23725185428087,23725185497969,69.882,1063.432,0.322,0
6444,23725186428087,23725186497327,69.240,999.358,0.328,0
6445,23725187428087,23725187497987,69.900,1000.660,0.314,0
6446,23725188428087,23725188498256,70.169,1000.269,0.307,0
6447,23725189428087,23725189433474,5.387,935.218,0.312,0
6448,23725190428087,23725190495611,67.524,1062.137,0.317,0
6449,23725191428087,23725191498983,70.896,1003.372,0.312,0
6450,23725192428087,23725192497460,69.373,998.477,0.325,0
6451,23725193428087,23725193497480,69.393,1000.020,0.319,0
6452,23725194428087,23725194434495,6.408,937.015,0.319,0
6453,23725195428087,23725195497514,69.427,1063.019,0.339,0
6454,23725196428087,23725196501475,73.388,1003.961,0.323,0
6455,23725197428087,23725197498878,70.791,997.403,0.336,0
6456,23725198428087,23725198497487,69.400,998.609,0.326,0
6457,23725199428087,23725199496537,68.450,999.050,0.333,0
6458,23725200428087,23725200497785,69.698,1001.248,0.328,0
6459,23725201428087,23725201498014,69.927,1000.229,0.327,0
6460,23725202428087,23725202498430,70.343,1000.416,0.316,0
6461,23725203428087,23725203499387,71.300,1000.957,0.307,0
6462,23725204428087,23725204434302,6.215,934.915,0.349,0
6463,23725205428087,23725205499397,71.310,1065.095,0.325,0
6464,23725206428087,23725206500890,72.803,1001.493,0.327,0
6465,23725207428087,23725207498403,70.316,997.513,0.317,0
6466,23725208428087,23725208497618,69.531,999.215,0.325,0
6467,23725209428087,23725209498345,70.258,1000.727,0.316,0
6468,23725210428087,23725210497764,69.677,999.419,0.332,0
6469,23725211428087,23725211498344,70.257,1000.580,0.308,0
6470,23725212428087,23725212500365,72.278,1002.021,0.337,0
6471,23725213428087,23725213498612,70.525,998.247,0.325,0
6472,23725214428087,23725214436555,8.468,937.943,0.328,0
6473,23725215428087,23725215497546,69.459,1060.991,0.333,0
6474,23725216428087,23725216498016,69.929,1000.470,0.336,0
6475,23725217428087,23725217498983,70.896,1000.967,0.330,0
6476,23725218428087,23725218498745,70.658,999.762,0.323,0
6477,23725219428087,23725219498605,70.518,999.860,0.313,0
6478,23725220428087,23725220501004,72.917,1002.399,0.313,0
6479,23725221428087,23725221497885,69.798,996.881,0.316,0
6480,23725222428087,23725222497109,69.022,999.224,0.331,0
6481,23725223428087,23725223497392,69.305,1000.283,0.326,0
6482,23725224428087,23725224434599,6.512,937.207,0.362,0
6483,23725225428087,23725225498858,70.771,1064.259,0.335,0
6484,23725226428087,23725226496892,68.805,998.034,0.331,0
6485,23725227428087,23725227478962,50.875,982.070,0.326,0
6486,23725228428087,23725228497111,69.024,1018.149,0.322,0
6487,23725229428087,23725229496465,68.378,999.354,0.319,0
6488,23725230428087,23725230498172,70.085,1001.707,0.320,0
6489,23725231428087,23725231498592,70.505,1000.420,0.332,0
6490,23725232428087,23725232498011,69.924,999.419,0.339,0
6491,23725233428087,23725233497152,69.065,999.141,0.328,0
6492,23725234428087,23725234434505,6.418,937.353,0.317,0
6493,23725235428087,23725235498918,70.831,1064.413,0.314,0
6494,23725236428087,23725236498333,70.246,999.415,0.309,0
6495,23725237428087,23725237497356,69.269,999.023,0.312,0
6496,23725238428087,23725238432473,4.386,935.117,0.200,0
6497,23725239428087,23725239433470,5.383,1000.997,0.351,0
6498,23725240428087,23725240435663,7.576,1002.193,0.343,0
6499,23725241428087,23725241431160,3.073,995.497,0.084,0
6500,23725242428087,23725242499542,71.455,1068.382,0.326,0
6501,23725243428087,23725243498921,70.834,999.379,0.320,0
6502,23725244428087,23725244434511,6.424,935.590,0.341,0
6503,23725245428087,23725245498729,70.642,1064.218,0.334,0
6504,23725246428087,23725246498000,69.913,999.271,0.320,0
6505,23725247428087,23725247498065,69.978,1000.065,0.309,0
6506,23725248428087,23725248497747,69.660,999.682,0.327,0
6507,23725249428087,23725249499565,71.478,1001.818,0.321,0
6508,23725250428087,23725250497992,69.905,998.427,0.309,0
6509,23725251428087,23725251498380,70.293,1000.388,0.323,0
6510,23725252428087,23725252498848,70.761,1000.468,0.322,0
6511,23725253428087,23725253499794,71.707,1000.946,0.332,0
6512,23725254428087,23725254434461,6.374,934.667,0.322,0
6513,23725255428087,23725255499175,71.088,1064.714,0.331,0
6514,23725256428087,23725256499013,70.926,999.838,0.314,0
6515,23725257428087,23725257498671,70.584,999.658,0.327,0
6516,23725258428087,23725258431687,3.600,933.016,0.210,0
6517,23725259428087,23725259498303,70.216,1066.616,0.335,0
6518,23725260428087,23725260501006,72.919,1002.703,0.329,0
6519,23725261428087,23725261497810,69.723,996.804,0.312,0
6520,23725262428087,23725262497486,69.399,999.676,0.312,0
6521,23725263428087,23725263497436,69.349,999.950,0.313,0
6522,23725264428087,23725264434614,6.527,937.178,0.334,0
6523,23725265428087,23725265497967,69.880,1063.353,0.320,0
6524,23725266428087,23725266498237,70.150,1000.270,0.312,0
6525,23725267428087,23725267461658,33.571,963.421,0.319,0
6526,23725268428087,23725268500193,72.106,1038.535,0.332,0
6527,23725269428087,23725269497379,69.292,997.186,0.331,0
6528,23725270428087,23725270500352,72.265,1002.973,0.323,0
6529,23725271428087,23725271497305,69.218,996.953,0.321,0
6530,23725272428087,23725272498583,70.496,1001.278,0.322,0
6531,23725273428087,23725273497730,69.643,999.147,0.328,0
6532,23725274428087,23725274434512,6.425,936.782,0.353,0
6533,23725275428087,23725275498255,70.168,1063.743,0.326,0
6534,23725276428087,23725276499895,71.808,1001.640,0.305,0
6535,23725277428087,23725277498183,70.096,998.288,0.327,0
6536,23725278428087,23725278497925,69.838,999.742,0.315,0
6537,23725279428087,23725279460521,32.434,962.596,0.327,0
6538,23725280428087,23725280497863,69.776,1037.342,0.319,0
6539,23725281428087,23725281497539,69.452,999.676,0.305,0
6540,23725282428087,23725282498538,70.451,1000.999,0.333,0
6541,23725283428087,23725283499171,71.084,1000.633,0.330,0
6542,23725284428087,23725284434487,6.400,935.316,0.345,0
6543,23725285428087,23725285498282,70.195,1063.795,0.328,0
6544,23725286428087,23725286498802,70.715,1000.520,0.322,0
6545,23725287428087,23725287498778,70.691,999.976,0.332,0
6546,23725288428087,23725288498517,70.430,999.739,0.319,0
6547,23725289428087,23725289436933,8.846,938.416,0.324,0
6548,23725290428087,23725290496973,68.886,1060.040,0.333,0
6549,23725291428087,23725291497359,69.272,1000.386,0.312,0
6550,23725292428087,23725292498132,70.045,1000.773,0.321,0
6551,23725293428087,23725293497460,69.373,999.328,0.315,0
6552,23725294428087,23725294434449,6.362,936.989,0.329,0
6553,23725295428087,23725295496900,68.813,1062.451,0.330,0
6554,23725296428087,23725296496831,68.744,999.931,0.323,0
6555,23725297428087,23725297497994,69.907,1001.163,0.311,0
6556,23725298428087,23725298496745,68.658,998.751,0.314,0
6557,23725299428087,23725299496439,68.352,999.694,0.326,0
6558,23725300428087,23725300477214,49.127,980.775,0.330,0
6559,23725301428087,23725301497189,69.102,1019.975,0.321,0
6560,23725302428087,23725302498041,69.954,1000.852,0.321,0
6561,23725303428087,23725303496881,68.794,998.840,0.329,0
6562,23725304428087,23725304434823,6.736,937.942,0.352,0
6563,23725305428087,23725305497906,69.819,1063.083,0.328,0
6564,23725306428087,23725306497895,69.808,999.989,0.322,0
6565,23725307428087,23725307499805,71.718,1001.910,0.327,0
6566,23725308428087,23725308497956,69.869,998.151,0.314,0
6567,23725309428087,23725309497841,69.754,999.885,0.338,0
6568,23725310428087,23725310498418,70.331,1000.577,0.321,0
6569,23725311428087,23725311495056,66.969,996.638,0.330,0
6570,23725312428087,23725312498517,70.430,1003.461,0.342,0
6571,23725313428087,23725313497390,69.303,998.873,0.333,0
6572,23725314428087,23725314434584,6.497,937.194,0.325,0
6573,23725315428087,23725315496722,68.635,1062.138,0.325,0
6574,23725316428087,23725316496416,68.329,999.694,0.333,0
6575,23725317428087,23725317498011,69.924,1001.595,0.328,0
6576,23725318428087,23725318499900,71.813,1001.889,0.314,0
6577,23725319428087,23725319498643,70.556,998.743,0.321,0
6578,23725320428087,23725320496498,68.411,997.855,0.323,0
6579,23725321428087,23725321497059,68.972,1000.561,0.326,0
6580,23725322428087,23725322497575,69.488,1000.516,0.331,0
6581,23725323428087,23725323498612,70.525,1001.037,0.325,0
6582,23725324428087,23725324434566,6.479,935.954,0.338,0
6583,23725325428087,23725325497083,68.996,1062.517,0.311,0
6584,23725326428087,23725326500454,72.367,1003.371,0.326,0
6585,23725327428087,23725327494828,66.741,994.374,0.323,0
6586,23725328428087,23725328498681,70.594,1003.853,0.327,0
6587,23725329428087,23725329497709,69.622,999.028,0.310,0
6588,23725330428087,23725330497894,69.807,1000.185,0.320,0
6589,23725331428087,23725331497582,69.495,999.688,0.303,0
6590,23725332428087,23725332499535,71.448,1001.953,0.316,0
6591,23725333428087,23725333502767,74.680,1003.232,0.308,0
6592,23725334428087,23725334434518,6.431,931.751,0.320,0
6593,23725335428087,23725335497678,69.591,1063.160,0.320,0
6594,23725336428087,23725336498095,70.008,1000.417,0.334,0
6595,23725337428087,23725337498180,70.093,1000.085,0.327,0
6596,23725338428087,23725338498412,70.325,1000.232,0.330,0
6597,23725339428087,23725339498411,70.324,999.999,0.320,0
6598,23725340428087,23725340499190,71.103,1000.779,0.318,0
6599,23725341428087,23725341497040,68.953,997.850,0.317,0
6600,23725342428087,23725342497347,69.260,1000.307,0.340,0
6601,23725343428087,23725343498221,70.134,1000.874,0.334,0
6602,23725344428087,23725344434568,6.481,936.347,0.342,0
6603,23725345428087,23725345498258,70.171,1063.690,0.317,0
6604,23725346428087,23725346497864,69.777,999.606,0.327,0
6605,23725347428087,23725347497972,69.885,1000.108,0.329,0
6606,23725348428087,23725348499203,71.116,1001.231,0.322,0
6607,23725349428087,23725349498877,70.790,999.674,0.315,0
6608,23725350428087,23725350498196,70.109,999.319,0.314,0
6609,23725351428087,23725351497031,68.944,998.835,0.320,0
6610,23725352428087,23725352498656,70.569,1001.625,0.331,0
6611,23725353428087,23725353498807,70.720,1000.151,0.324,0
6612,23725354428087,23725354434450,6.363,935.643,0.319,0
6613,23725355428087,23725355496746,68.659,1062.296,0.325,0
6614,23725356428087,23725356498071,69.984,1001.325,0.323,0
6615,23725357428087,23725357496982,68.895,998.911,0.333,0
6616,23725358428087,23725358497188,69.101,1000.206,0.326,0
6617,23725359428087,23725359496469,68.382,999.281,0.327,0
6618,23725360428087,23725360497770,69.683,1001.301,0.335,0
6619,23725361428087,23725361498200,70.113,1000.430,0.315,0
6620,23725362428087,23725362497863,69.776,999.663,0.335,0
6621,23725363428087,23725363498199,70.112,1000.336,0.319,0
6622,23725364428087,23725364434292,6.205,936.093,0.349,0
6623,23725365428087,23725365498807,70.720,1064.515,0.316,0
6624,23725366428087,23725366496659,68.572,997.852,0.320,0
6625,23725367428087,23725367497225,69.138,1000.566,0.306,0
6626,23725368428087,23725368496958,68.871,999.733,0.314,0
6627,23725369428087,23725369496523,68.436,999.565,0.323,0
6628,23725370428087,23725370498491,70.404,1001.968,0.322,0
6629,23725371428087,23725371497970,69.883,999.479,0.330,0
6630,23725372428087,23725372498291,70.204,1000.321,0.317,0
6631,23725373428087,23725373498330,70.243,1000.039,0.329,0
6632,23725374428087,23725374434529,6.442,936.199,0.330,0
6633,23725375428087,23725375493946,65.859,1059.417,0.325,0
6634,23725376428087,23725376496987,68.900,1003.041,0.319,0
6635,23725377428087,23725377497855,69.768,1000.868,0.338,0
6636,23725378428087,23725378496783,68.696,998.928,0.321,0
6637,23725379428087,23725379498689,70.602,1001.906,0.324,0
6638,23725380428087,23725380497728,69.641,999.039,0.331,0
6639,23725381428087,23725381502048,73.961,1004.320,0.339,0
6640,23725382428087,23725382499094,71.007,997.046,0.320,0
6641,23725383428087,23725383497618,69.531,998.524,0.313,0
6642,23725384428087,23725384434509,6.422,936.891,0.353,0
6643,23725385428087,23725385497666,69.579,1063.157,0.323,0
6644,23725386428087,23725386499085,70.998,1001.419,0.322,0
6645,23725387428087,23725387498946,70.859,999.861,0.326,0
6646,23725388428087,23725388499402,71.315,1000.456,0.335,0
6647,23725389428087,23725389496696,68.609,997.294,0.308,0
6648,23725390428087,23725390499022,70.935,1002.326,0.315,0
6649,23725391428087,23725391494901,66.814,995.879,0.324,0
6650,23725392428087,23725392498093,70.006,1003.192,0.325,0
6651,23725393428087,23725393499497,71.410,1001.404,0.332,0
6652,23725394428087,23725394434360,6.273,934.863,0.325,0
6653,23725395428087,23725395497213,69.126,1062.853,0.305,0
6654,23725396428087,23725396498592,70.505,1001.379,0.325,0
6655,23725397428087,23725397502031,73.944,1003.439,0.310,0
6656,23725398428087,23725398499147,71.060,997.116,0.322,0
6657,23725399428087,23725399497646,69.559,998.499,0.317,0
6658,23725400428087,23725400500365,72.278,1002.719,0.306,0
6659,23725401428087,23725401498948,70.861,998.583,0.334,0
6660,23725402428087,23725402496347,68.260,997.399,0.326,0
6661,23725403428087,23725403498584,70.497,1002.237,0.315,0
6662,23725404428087,23725404434782,6.695,936.198,0.345,0
6663,23725405428087,23725405501163,73.076,1066.381,0.347,0
6664,23725406428087,23725406497356,69.269,996.193,0.326,0
6665,23725407428087,23725407497844,69.757,1000.488,0.332,0
6666,23725408428087,23725408497217,69.130,999.373,0.325,0
6667,23725409428087,23725409497449,69.362,1000.232,0.328,0
6668,23725410428087,23725410496803,68.716,999.354,0.345,0
6669,23725411428087,23725411498023,69.936,1001.220,0.306,0
6670,23725412428087,23725412498668,70.581,1000.645,0.326,0
6671,23725413428087,23725413497801,69.714,999.133,0.316,0
6672,23725414428087,23725414434555,6.468,936.754,0.331,0
6673,23725415428087,23725415497146,69.059,1062.591,0.327,0
6674,23725416428087,23725416498122,70.035,1000.976,0.328,0
6675,23725417428087,23725417497455,69.368,999.333,0.342,0
6676,23725418428087,23725418498864,70.777,1001.409,0.339,0
6677,23725419428087,23725419498895,70.808,1000.031,0.315,0
6678,23725420428087,23725420498269,70.182,999.374,0.334,0
6679,23725421428087,23725421498330,70.243,1000.061,0.326,0
6680,23725422428087,23725422499845,71.758,1001.515,0.324,0
6681,23725423428087,23725423498696,70.609,998.851,0.324,0
6682,23725424428087,23725424434470,6.383,935.774,0.316,0
6683,23725425428087,23725425498050,69.963,1063.580,0.318,0
6684,23725426428087,23725426499237,71.150,1001.187,0.325,0
6685,23725427428087,23725427498817,70.730,999.580,0.335,0
6686,23725428428087,23725428498076,69.989,999.259,0.327,0
6687,23725429428087,23725429498049,69.962,999.973,0.325,0
6688,23725430428087,23725430498360,70.273,1000.311,0.310,0
6689,23725431428087,23725431497645,69.558,999.285,0.305,0
6690,23725432428087,23725432497554,69.467,999.909,0.332,0
6691,23725433428087,23725433497838,69.751,1000.284,0.331,0
6692,23725434428087,23725434434511,6.424,936.673,0.330,0
6693,23725435428087,23725435497573,69.486,1063.062,0.328,0
6694,23725436428087,23725436498487,70.400,1000.914,0.317,0
6695,23725437428087,23725437497470,69.383,998.983,0.319,0
6696,23725438428087,23725438499895,71.808,1002.425,0.319,0
6697,23725439428087,23725439501466,73.379,1001.571,0.324,0
6698,23725440428087,23725440498341,70.254,996.875,0.325,0
6699,23725441428087,23725441497766,69.679,999.425,0.325,0
6700,23725442428087,23725442498123,70.036,1000.357,0.316,0
6701,23725443428087,23725443499437,71.350,1001.314,0.314,0
6702,23725444428087,23725444500204,72.117,1000.767,0.314,0
6703,23725445428087,23725445502123,74.036,1001.919,0.320,0
6704,23725446428087,23725446498463,70.376,996.340,0.323,0
6705,23725447428087,23725447498302,70.215,999.839,0.316,0
6706,23725448428087,23725448497969,69.882,999.667,0.335,0
6707,23725449428087,23725449497880,69.793,999.911,0.304,0
6708,23725450428087,23725450498053,69.966,1000.173,0.315,0
6709,23725451428087,23725451497631,69.544,999.578,0.308,0
6710,23725452428087,23725452498932,70.845,1001.301,0.323,0
6711,23725453428087,23725453500894,72.807,1001.962,0.333,0
6712,23725454428087,23725454498972,70.885,998.078,0.328,0
6713,23725455428087,23725455500878,72.791,1001.906,0.328,0
6714,23725456428087,23725456498762,70.675,997.884,0.316,0
6715,23725457428087,23725457498328,70.241,999.566,0.311,0
6716,23725458428087,23725458498024,69.937,999.696,0.324,0
6717,23725459428087,23725459497324,69.237,999.300,0.326,0
6718,23725460428087,23725460499353,71.266,1002.029,0.324,0
6719,23725461428087,23725461501003,72.916,1001.650,0.330,0
6720,23725462428087,23725462498283,70.196,997.280,0.322,0
6721,23725463428087,23725463498660,70.573,1000.377,0.322,0
6722,23725464428087,23725464498646,70.559,999.986,0.308,0
6723,23725465428087,23725465498545,70.458,999.899,0.308,0
6724,23725466428087,23725466498529,70.442,999.984,0.304,0
6725,23725467428087,23725467497475,69.388,998.946,0.312,0
6726,23725468428087,23725468498378,70.291,1000.903,0.315,0
6727,23725469428087,23725469500697,72.610,1002.319,0.322,0
6728,23725470428087,23725470498397,70.310,997.700,0.315,0
6729,23725471428087,23725471497481,69.394,999.084,0.309,0
6730,23725472428087,23725472497742,69.655,1000.261,0.330,0
6731,23725473428087,23725473498262,70.175,1000.520,0.310,0
6732,23725474428087,23725474434643,6.556,936.381,0.338,0
6733,23725475428087,23725475499062,70.975,1064.419,0.312,0
6734,23725476428087,23725476498237,70.150,999.175,0.325,0
6735,23725477428087,23725477497639,69.552,999.402,0.334,0
6736,23725478428087,23725478498259,70.172,1000.620,0.306,0
6737,23725479428087,23725479497567,69.480,999.308,0.315,0
6738,23725480428087,23725480498235,70.148,1000.668,0.311,0
6739,23725481428087,23725481498563,70.476,1000.328,0.314,0
6740,23725482428087,23725482497713,69.626,999.150,0.332,0
6741,23725483428087,23725483499798,71.711,1002.085,0.323,0
6742,23725484428087,23725484435496,7.409,935.698,0.334,0
6743,23725485428087,23725485498600,70.513,1063.104,0.326,0
6744,23725486428087,23725486497397,69.310,998.797,0.321,0
6745,23725487428087,23725487497680,69.593,1000.283,0.312,0
6746,23725488428087,23725488497729,69.642,1000.049,0.299,0
6747,23725489428087,23725489498040,69.953,1000.311,0.325,0
6748,23725490428087,23725490498425,70.338,1000.385,0.303,0
6749,23725491428087,23725491498724,70.637,1000.299,0.316,0
6750,23725492428087,23725492498576,70.489,999.852,0.307,0
6751,23725493428087,23725493498812,70.725,1000.236,0.309,0
6752,23725494428087,23725494498729,70.642,999.917,0.313,0
6753,23725495428087,23725495497420,69.333,998.691,0.312,0
6754,23725496428087,23725496495896,67.809,998.476,0.320,0
6755,23725497428087,23725497498041,69.954,1002.145,0.325,0
6756,23725498428087,23725498497741,69.654,999.700,0.323,0
6757,23725499428087,23725499498153,70.066,1000.412,0.318,0
6758,23725500428087,23725500498172,70.085,1000.019,0.319,0
6759,23725501428087,23725501497447,69.360,999.275,0.318,0
6760,23725502428087,23725502498538,70.451,1001.091,0.307,0
6761,23725503428087,23725503502141,74.054,1003.603,0.321,0
6762,23725504428087,23725504498053,69.966,995.912,0.299,0
6763,23725505428087,23725505497643,69.556,999.590,0.325,0
6764,23725506428087,23725506497372,69.285,999.729,0.326,0
6765,23725507428087,23725507498442,70.355,1001.070,0.320,0
6766,23725508428087,23725508499000,70.913,1000.558,0.312,0
6767,23725509428087,23725509501488,73.401,1002.488,0.327,0
6768,23725510428087,23725510502730,74.643,1001.242,0.321,0
6769,23725511428087,23725511497881,69.794,995.151,0.310,0
6770,23725512428087,23725512496095,68.008,998.214,0.315,0
6771,23725513428087,23725513497747,69.660,1001.652,0.320,0
6772,23725514428087,23725514499919,71.832,1002.172,0.309,0
6773,23725515428087,23725515498691,70.604,998.772,0.319,0
6774,23725516428087,23725516497851,69.764,999.160,0.326,0
6775,23725517428087,23725517499812,71.725,1001.961,0.324,0
6776,23725518428087,23725518498260,70.173,998.448,0.305,0
6777,23725519428087,23725519500219,72.132,1001.959,0.326,0
6778,23725520428087,23725520499040,70.953,998.821,0.324,0
6779,23725521428087,23725521498903,70.816,999.863,0.309,0
6780,23725522428087,23725522498690,70.603,999.787,0.315,0
6781,23725523428087,23725523497707,69.620,999.017,0.308,0
6782,23725524428087,23725524498808,70.721,1001.101,0.316,0
6783,23725525428087,23725525500362,72.275,1001.554,0.314,0
6784,23725526428087,23725526497569,69.482,997.207,0.319,0
6785,23725527428087,23725527497417,69.330,999.848,0.323,0
6786,23725528428087,23725528498109,70.022,1000.692,0.325,0
6787,23725529428087,23725529498708,70.621,1000.599,0.326,0
6788,23725530428087,23725530497782,69.695,999.074,0.320,0
6789,23725531428087,23725531435717,7.630,937.935,0.389,0
6790,23725532428087,23725532498239,70.152,1062.522,0.315,0
6791,23725533428087,23725533486291,58.204,988.052,0.322,0
6792,23725534428087,23725534434397,6.310,948.106,0.333,0
6793,23725535428087,23725535497470,69.383,1063.073,0.307,0
6794,23725536428087,23725536498647,70.560,1001.177,0.327,0
6795,23725537428087,23725537499322,71.235,1000.675,0.299,0
6796,23725538428087,23725538498605,70.518,999.283,0.307,0
6797,23725539428087,23725539499775,71.688,1001.170,0.317,0
6798,23725540428087,23725540498428,70.341,998.653,0.321,0
6799,23725541428087,23725541466652,38.565,968.224,0.321,0
6800,23725542428087,23725542499447,71.360,1032.795,0.311,0
6801,23725543428087,23725543498807,70.720,999.360,0.316,0
6802,23725544428087,23725544502232,74.145,1003.425,0.321,0
6803,23725545428087,23725545498166,70.079,995.934,0.312,0
6804,23725546428087,23725546498696,70.609,1000.530,0.319,0
6805,23725547428087,23725547499302,71.215,1000.606,0.323,0
6806,23725548428087,23725548499334,71.247,1000.032,0.317,0
6807,23725549428087,23725549499113,71.026,999.779,0.313,0
6808,23725550428087,23725550499632,71.545,1000.519,0.320,0
6809,23725551428087,23725551499799,71.712,1000.167,0.323,0
6810,23725552428087,23725552498807,70.720,999.008,0.326,0
6811,23725553428087,23725553499109,71.022,1000.302,0.297,0
6812,23725554428087,23725554499777,71.690,1000.668,0.312,0
6813,23725555428087,23725555498200,70.113,998.423,0.305,0
6814,23725556428087,23725556498407,70.320,1000.207,0.293,0
6815,23725557428087,23725557499169,71.082,1000.762,0.316,0
6816,23725558428087,23725558499484,71.397,1000.315,0.320,0
6817,23725559428087,23725559498277,70.190,998.793,0.317,0
6818,23725560428087,23725560496324,68.237,998.047,0.312,0
6819,23725561428087,23725561498338,70.251,1002.014,0.324,0
6820,23725562428087,23725562497671,69.584,999.333,0.312,0
6821,23725563428087,23725563498366,70.279,1000.695,0.329,0
6822,23725564428087,23725564501915,73.828,1003.549,0.314,0
6823,23725565428087,23725565498688,70.601,996.773,0.305,0
6824,23725566428087,23725566497561,69.474,998.873,0.316,0
6825,23725567428087,23725567499722,71.635,1002.161,0.307,0
6826,23725568428087,23725568499552,71.465,999.830,0.298,0
6827,23725569428087,23725569498320,70.233,998.768,0.313,0
6828,23725570428087,23725570498662,70.575,1000.342,0.312,0
6829,23725571428087,23725571499025,70.938,1000.363,0.299,0
6830,23725572428087,23725572499476,71.389,1000.451,0.307,0
6831,23725573428087,23725573500496,72.409,1001.020,0.297,0
6832,23725574428087,23725574501960,73.873,1001.464,0.328,0
6833,23725575428087,23725575501083,72.996,999.123,0.326,0
6834,23725576428087,23725576496123,68.036,995.040,0.328,0
6835,23725577428087,23725577498329,70.242,1002.206,0.311,0
6836,23725578428087,23725578499887,71.800,1001.558,0.315,0
6837,23725579428087,23725579499436,71.349,999.549,0.319,0
6838,23725580428087,23725580498988,70.901,999.552,0.313,0
6839,23725581428087,23725581499537,71.450,1000.549,0.310,0
6840,23725582428087,23725582498285,70.198,998.748,0.317,0
6841,23725583428087,23725583499397,71.310,1001.112,0.308,0
6842,23725584428087,23725584502825,74.738,1003.428,0.322,0
6843,23725585428087,23725585498329,70.242,995.504,0.318,0
6844,23725586428087,23725586498346,70.259,1000.017,0.319,0
6845,23725587428087,23725587497962,69.875,999.616,0.315,0
6846,23725588428087,23725588499210,71.123,1001.248,0.300,0
6847,23725589428087,23725589500445,72.358,1001.235,0.330,0
6848,23725590428087,23725590502063,73.976,1001.618,0.323,0
6849,23725591428087,23725591499284,71.197,997.221,0.311,0
6850,23725592428087,23725592499431,71.344,1000.147,0.319,0
6851,23725593428087,23725593484512,56.425,985.081,0.311,0
6852,23725594428087,23725594434583,6.496,950.071,0.313,0
6853,23725595428087,23725595498882,70.795,1064.299,0.302,0
6854,23725596428087,23725596498865,70.778,999.983,0.324,0
6855,23725597428087,23725597499391,71.304,1000.526,0.324,0
6856,23725598428087,23725598499883,71.796,1000.492,0.322,0
6857,23725599428087,23725599498867,70.780,998.984,0.305,0
6858,23725600428087,23725600498515,70.428,999.648,0.318,0
6859,23725601428087,23725601499108,71.021,1000.593,0.297,0
6860,23725602428087,23725602497856,69.769,998.748,0.322,0
6861,23725603428087,23725603499301,71.214,1001.445,0.308,0
6862,23725604428087,23725604496207,68.120,996.906,0.312,0
6863,23725605428087,23725605498777,70.690,1002.570,0.329,0
6864,23725606428087,23725606498208,70.121,999.431,0.306,0
6865,23725607428087,23725607499031,70.944,1000.823,0.325,0
6866,23725608428087,23725608497509,69.422,998.478,0.322,0
6867,23725609428087,23725609499472,71.385,1001.963,0.323,0
6868,23725610428087,23725610499210,71.123,999.738,0.319,0
6869,23725611428087,23725611499016,70.929,999.806,0.327,0
6870,23725612428087,23725612499181,71.094,1000.165,0.331,0
6871,23725613428087,23725613500441,72.354,1001.260,0.334,0
6872,23725614428087,23725614498779,70.692,998.338,0.320,0
6873,23725615428087,23725615499532,71.445,1000.753,0.317,0
6874,23725616428087,23725616498883,70.796,999.351,0.334,0
6875,23725617428087,23725617497173,69.086,998.290,0.331,0
6876,23725618428087,23725618499059,70.972,1001.886,0.308,0
6877,23725619428087,23725619499369,71.282,1000.310,0.306,0
6878,23725620428087,23725620498959,70.872,999.590,0.315,0
6879,23725621428087,23725621498494,70.407,999.535,0.324,0
6880,23725622428087,23725622499493,71.406,1000.999,0.318,0
6881,23725623428087,23725623499712,71.625,1000.219,0.323,0
6882,23725624428087,23725624501707,73.620,1001.995,0.324,0
6883,23725625428087,23725625498595,70.508,996.888,0.305,0
6884,23725626428087,23725626499053,70.966,1000.458,0.299,0
6885,23725627428087,23725627499470,71.383,1000.417,0.302,0
6886,23725628428087,23725628497610,69.523,998.140,0.314,0
6887,23725629428087,23725629497501,69.414,999.891,0.330,0
6888,23725630428087,23725630501645,73.558,1004.144,0.321,0
6889,23725631428087,23725631503919,75.832,1002.274,0.305,0
6890,23725632428087,23725632498498,70.411,994.579,0.307,0
6891,23725633428087,23725633496608,68.521,998.110,0.326,0
6892,23725634428087,23725634498708,70.621,1002.100,0.322,0
6893,23725635428087,23725635499363,71.276,1000.655,0.301,0
6894,23725636428087,23725636498739,70.652,999.376,0.312,0
6895,23725637428087,23725637499914,71.827,1001.175,0.324,0
6896,23725638428087,23725638467273,39.186,967.359,0.324,0
6897,23725639428087,23725639499564,71.477,1032.291,0.312,0
6898,23725640428087,23725640495544,67.457,995.980,0.319,0
6899,23725641428087,23725641497180,69.093,1001.636,0.316,0
6900,23725642428087,23725642497888,69.801,1000.708,0.318,0
6901,23725643428087,23725643499639,71.552,1001.751,0.319,0
6902,23725644428087,23725644499666,71.579,1000.027,0.323,0
6903,23725645428087,23725645499190,71.103,999.524,0.305,0
6904,23725646428087,23725646502464,74.377,1003.274,0.328,0
6905,23725647428087,23725647498662,70.575,996.198,0.321,0
6906,23725648428087,23725648499062,70.975,1000.400,0.319,0
6907,23725649428087,23725649499578,71.491,1000.516,0.325,0
6908,23725650428087,23725650499264,71.177,999.686,0.300,0
6909,23725651428087,23725651499475,71.388,1000.211,0.328,0
6910,23725652428087,23725652498439,70.352,998.964,0.333,0
6911,23725653428087,23725653498907,70.820,1000.468,0.321,0
6912,23725654428087,23725654500881,72.794,1001.974,0.327,0
6913,23725655428087,23725655499485,71.398,998.604,0.316,0
6914,23725656428087,23725656498657,70.570,999.172,0.317,0
6915,23725657428087,23725657498738,70.651,1000.081,0.321,0
6916,23725658428087,23725658497648,69.561,998.910,0.331,0
6917,23725659428087,23725659498770,70.683,1001.122,0.321,0
6918,23725660428087,23725660499297,71.210,1000.527,0.313,0
6919,23725661428087,23725661498844,70.757,999.547,0.311,0
6920,23725662428087,23725662500035,71.948,1001.191,0.311,0
6921,23725663428087,23725663499820,71.733,999.785,0.321,0
6922,23725664428087,23725664502425,74.338,1002.605,0.325,0
6923,23725665428087,23725665499541,71.454,997.116,0.307,0
6924,23725666428087,23725666499037,70.950,999.496,0.314,0
6925,23725667428087,23725667499346,71.259,1000.309,0.308,0
6926,23725668428087,23725668499086,70.999,999.740,0.318,0
6927,23725669428087,23725669499034,70.947,999.948,0.317,0
6928,23725670428087,23725670498509,70.422,999.475,0.319,0
6929,23725671428087,23725671498648,70.561,1000.139,0.308,0
6930,23725672428087,23725672499751,71.664,1001.103,0.320,0
6931,23725673428087,23725673498602,70.515,998.851,0.322,0
6932,23725674428087,23725674498086,69.999,999.484,0.306,0
6933,23725675428087,23725675498272,70.185,1000.186,0.313,0
6934,23725676428087,23725676499184,71.097,1000.912,0.316,0
6935,23725677428087,23725677499018,70.931,999.834,0.311,0
6936,23725678428087,23725678498685,70.598,999.667,0.317,0
6937,23725679428087,23725679462539,34.452,963.854,0.320,0
6938,23725680428087,23725680472323,44.236,1009.784,0.789,0
6939,23725681428087,23725681473388,45.301,1001.065,0.763,0
6940,23725682428087,23725682471892,43.805,998.504,0.734,0
6941,23725683428087,23725683471278,43.191,999.386,0.771,0
6942,23725684428087,23725684465859,37.772,994.581,0.328,0
6943,23725685428087,23725685471720,43.633,1005.861,0.762,0
6944,23725686428087,23725686478234,50.147,1006.514,0.732,0
6945,23725687428087,23725687471828,43.741,993.594,0.768,0
6946,23725688428087,23725688501050,72.963,1029.222,0.314,0
6947,23725689428087,23725689499222,71.135,998.172,0.316,0
6948,23725690428087,23725690498538,70.451,999.316,0.321,0
6949,23725691428087,23725691498671,70.584,1000.133,0.304,0
6950,23725692428087,23725692499730,71.643,1001.059,0.326,0
6951,23725693428087,23725693499767,71.680,1000.037,0.321,0
6952,23725694428087,23725694501053,72.966,1001.286,0.313,0
6953,23725695428087,23725695498227,70.140,997.174,0.313,0
6954,23725696428087,23725696499313,71.226,1001.086,0.313,0
6955,23725697428087,23725697495354,67.267,996.041,0.313,0
6956,23725698428087,23725698466418,38.331,971.064,0.326,0
6957,23725699428087,23725699472324,44.237,1005.906,0.765,0
6958,23725700428087,23725700471639,43.552,999.315,0.737,0
6959,23725701428087,23725701471639,43.552,1000.000,0.728,0
6960,23725702428087,23725702472419,44.332,1000.780,0.767,0
6961,23725703428087,23725703471644,43.557,999.225,0.767,0
6962,23725704428087,23725704469974,41.887,998.330,0.323,0
6963,23725705428087,23725705499525,71.438,1029.551,0.305,0
6964,23725706428087,23725706498001,69.914,998.476,0.302,0
6965,23725707428087,23725707498341,70.254,1000.340,0.309,0
6966,23725708428087,23725708498186,70.099,999.845,0.302,0
6967,23725709428087,23725709499091,71.004,1000.905,0.311,0
6968,23725710428087,23725710500740,72.653,1001.649,0.326,0
6969,23725711428087,23725711502959,74.872,1002.219,0.321,0
6970,23725712428087,23725712499235,71.148,996.276,0.311,0
6971,23725713428087,23725713499443,71.356,1000.208,0.319,0
6972,23725714428087,23725714433497,5.410,934.054,0.322,0
6973,23725715428087,23725715498096,70.009,1064.599,0.303,0
6974,23725716428087,23725716498362,70.275,1000.266,0.327,0
6975,23725717428087,23725717498243,70.156,999.881,0.323,0
6976,23725718428087,23725718500395,72.308,1002.152,0.307,0
6977,23725719428087,23725719498239,70.152,997.844,0.308,0
6978,23725720428087,23725720498794,70.707,1000.555,0.320,0
6979,23725721428087,23725721498264,70.177,999.470,0.322,0
6980,23725722428087,23725722498282,70.195,1000.018,0.314,0
6981,23725723428087,23725723498557,70.470,1000.275,0.310,0
6982,23725724428087,23725724434472,6.385,935.915,0.337,0
6983,23725725428087,23725725498317,70.230,1063.845,0.319,0
6984,23725726428087,23725726498037,69.950,999.720,0.321,0
6985,23725727428087,23725727498459,70.372,1000.422,0.317,0
6986,23725728428087,23725728499230,71.143,1000.771,0.314,0
6987,23725729428087,23725729499068,70.981,999.838,0.317,0
6988,23725730428087,23725730499746,71.659,1000.678,0.310,0
6989,23725731428087,23725731498180,70.093,998.434,0.313,0
6990,23725732428087,23725732498466,70.379,1000.286,0.307,0
6991,23725733428087,23725733499948,71.861,1001.482,0.322,0
6992,23725734428087,23725734434402,6.315,934.454,0.330,0
6993,23725735428087,23725735498252,70.165,1063.850,0.306,0
6994,23725736428087,23725736498873,70.786,1000.621,0.306,0
6995,23725737428087,23725737498526,70.439,999.653,0.313,0
6996,23725738428087,23725738498790,70.703,1000.264,0.316,0
6997,23725739428087,23725739498662,70.575,999.872,0.314,0
6998,23725740428087,23725740498705,70.618,1000.043,0.326,0
6999,23725741428087,23725741498751,70.664,1000.046,0.323,0
7000,23725742428087,23725742498880,70.793,1000.129,0.311,0
7001,23725743428087,23725743499454,71.367,1000.574,0.327,0
7002,23725744428087,23725744500669,72.582,1001.215,0.328,0
7003,23725745428087,23725745496769,68.682,996.100,0.323,0
7004,23725746428087,23725746498641,70.554,1001.872,0.314,0
7005,23725747428087,23725747498394,70.307,999.753,0.316,0
7006,23725748428087,23725748498951,70.864,1000.557,0.316,0
7007,23725749428087,23725749499033,70.946,1000.082,0.320,0
7008,23725750428087,23725750498032,69.945,998.999,0.312,0
7009,23725751428087,23725751498354,70.267,1000.322,0.313,0
7010,23725752428087,23725752499790,71.703,1001.436,0.327,0
7011,23725753428087,23725753498989,70.902,999.199,0.335,0
7012,23725754428087,23725754499412,71.325,1000.423,0.321,0
7013,23725755428087,23725755497984,69.897,998.572,0.314,0
7014,23725756428087,23725756499020,70.933,1001.036,0.312,0
7015,23725757428087,23725757497462,69.375,998.442,0.315,0
7016,23725758428087,23725758500353,72.266,1002.891,0.302,0
7017,23725759428087,23725759502627,74.540,1002.274,0.316,0
7018,23725760428087,23725760498476,70.389,995.849,0.312,0
7019,23725761428087,23725761496118,68.031,997.642,0.323,0
7020,23725762428087,23725762499645,71.558,1003.527,0.300,0
7021,23725763428087,23725763499003,70.916,999.358,0.331,0
7022,23725764428087,23725764434493,6.406,935.490,0.301,0
7023,23725765428087,23725765499001,70.914,1064.508,0.313,0
7024,23725766428087,23725766499646,71.559,1000.645,0.316,0
7025,23725767428087,23725767498978,70.891,999.332,0.312,0
7026,23725768428087,23725768499949,71.862,1000.971,0.301,0
7027,23725769428087,23725769499609,71.522,999.660,0.326,0
7028,23725770428087,23725770498867,70.780,999.258,0.315,0
7029,23725771428087,23725771499367,71.280,1000.500,0.317,0
7030,23725772428087,23725772497930,69.843,998.563,0.321,0
7031,23725773428087,23725773498458,70.371,1000.528,0.323,0
7032,23725774428087,23725774435714,7.627,937.256,0.324,0
7033,23725775428087,23725775502110,74.023,1066.396,0.337,0
7034,23725776428087,23725776498366,70.279,996.256,0.320,0
7035,23725777428087,23725777498738,70.651,1000.372,0.309,0
7036,23725778428087,23725778498570,70.483,999.832,0.309,0
7037,23725779428087,23725779498261,70.174,999.691,0.309,0
7038,23725780428087,23725780499228,71.141,1000.967,0.334,0
7039,23725781428087,23725781498685,70.598,999.457,0.311,0
7040,23725782428087,23725782499407,71.320,1000.722,0.318,0
7041,23725783428087,23725783498060,69.973,998.653,0.316,0
7042,23725784428087,23725784434434,6.347,936.374,0.318,0
7043,23725785428087,23725785498789,70.702,1064.355,0.320,0
7044,23725786428087,23725786498425,70.338,999.636,0.298,0
7045,23725787428087,23725787498596,70.509,1000.171,0.293,0
7046,23725788428087,23725788497883,69.796,999.287,0.305,0
7047,23725789428087,23725789498724,70.637,1000.841,0.311,0
7048,23725790428087,23725790498323,70.236,999.599,0.327,0
7049,23725791428087,23725791497665,69.578,999.342,0.315,0
7050,23725792428087,23725792498682,70.595,1001.017,0.299,0
7051,23725793428087,23725793498512,70.425,999.830,0.317,0
7052,23725794428087,23725794499213,71.126,1000.701,0.305,0
7053,23725795428087,23725795498943,70.856,999.730,0.318,0
7054,23725796428087,23725796498394,70.307,999.451,0.323,0
7055,23725797428087,23725797498815,70.728,1000.421,0.330,0
7056,23725798428087,23725798499510,71.423,1000.695,0.311,0
7057,23725799428087,23725799498341,70.254,998.831,0.317,0
7058,23725800428087,23725800498838,70.751,1000.497,0.331,0
7059,23725801428087,23725801498722,70.635,999.884,0.317,0
7060,23725802428087,23725802498813,70.726,1000.091,0.303,0
7061,23725803428087,23725803499521,71.434,1000.708,0.323,0
7062,23725804428087,23725804498365,70.278,998.844,0.319,0
7063,23725805428087,23725805498629,70.542,1000.264,0.328,0
7064,23725806428087,23725806498425,70.338,999.796,0.316,0
7065,23725807428087,23725807498657,70.570,1000.232,0.321,0
7066,23725808428087,23725808501164,73.077,1002.507,0.308,0
7067,23725809428087,23725809501562,73.475,1000.398,0.321,0
7068,23725810428087,23725810499258,71.171,997.696,0.324,0
7069,23725811428087,23725811498721,70.634,999.463,0.337,0
7070,23725812428087,23725812499678,71.591,1000.957,0.328,0
7071,23725813428087,23725813499575,71.488,999.897,0.326,0
7072,23725814428087,23725814498773,70.686,999.198,0.332,0
7073,23725815428087,23725815502311,74.224,1003.538,0.324,0
7074,23725816428087,23725816499571,71.484,997.260,0.341,0
7075,23725817428087,23725817498459,70.372,998.888,0.355,0
7076,23725818428087,23725818498093,70.006,999.634,0.306,0
7077,23725819428087,23725819498368,70.281,1000.275,0.332,0
7078,23725820428087,23725820498830,70.743,1000.462,0.318,0
7079,23725821428087,23725821498939,70.852,1000.109,0.334,0
7080,23725822428087,23725822500284,72.197,1001.345,0.329,0
7081,23725823428087,23725823501682,73.595,1001.398,0.317,0
7082,23725824428087,23725824500091,72.004,998.409,0.305,0
7083,23725825428087,23725825495498,67.411,995.407,0.323,0
7084,23725826428087,23725826499475,71.388,1003.977,0.330,0
7085,23725827428087,23725827498109,70.022,998.634,0.319,0
7086,23725828428087,23725828497777,69.690,999.668,0.308,0
7087,23725829428087,23725829497962,69.875,1000.185,0.337,0
7088,23725830428087,23725830499101,71.014,1001.139,0.316,0
7089,23725831428087,23725831502132,74.045,1003.031,0.330,0
7090,23725832428087,23725832499427,71.340,997.295,0.307,0
7091,23725833428087,23725833499079,70.992,999.652,0.317,0
7092,23725834428087,23725834498413,70.326,999.334,0.313,0
7093,23725835428087,23725835498460,70.373,1000.047,0.295,0
7094,23725836428087,23725836498863,70.776,1000.403,0.334,0
7095,23725837428087,23725837498933,70.846,1000.070,0.361,0
7096,23725838428087,23725838499969,71.882,1001.036,0.299,0
7097,23725839428087,23725839501531,73.444,1001.562,0.331,0
7098,23725840428087,23725840499345,71.258,997.814,0.301,0
7099,23725841428087,23725841498940,70.853,999.595,0.313,0
7100,23725842428087,23725842498352,70.265,999.412,0.351,0
7101,23725843428087,23725843498676,70.589,1000.324,0.330,0
7102,23725844428087,23725844501926,73.839,1003.250,0.324,0
7103,23725845428087,23725845499249,71.162,997.323,0.332,0
7104,23725846428087,23725846498906,70.819,999.657,0.313,0
7105,23725847428087,23725847499587,71.500,1000.681,0.328,0
7106,23725848428087,23725848498456,70.369,998.869,0.335,0
7107,23725849428087,23725849498763,70.676,1000.307,0.323,0
7108,23725850428087,23725850498216,70.129,999.453,0.352,0
7109,23725851428087,23725851499252,71.165,1001.036,0.324,0
7110,23725852428087,23725852498953,70.866,999.701,0.302,0
7111,23725853428087,23725853497530,69.443,998.577,0.301,0
7112,23725854428087,23725854497602,69.515,1000.072,0.311,0
7113,23725855428087,23725855499539,71.452,1001.937,0.317,0
7114,23725856428087,23725856498591,70.504,999.052,0.324,0
7115,23725857428087,23725857499809,71.722,1001.218,0.320,0
7116,23725858428087,23725858499015,70.928,999.206,0.313,0
7117,23725859428087,23725859499213,71.126,1000.198,0.316,0
7118,23725860428087,23725860497536,69.449,998.323,0.345,0
7119,23725861428087,23725861498483,70.396,1000.947,0.308,0
7120,23725862428087,23725862499409,71.322,1000.926,0.352,0
7121,23725863428087,23725863497262,69.175,997.853,0.348,0
7122,23725864428087,23725864501624,73.537,1004.362,0.316,0
7123,23725865428087,23725865498752,70.665,997.128,0.325,0
7124,23725866428087,23725866498132,70.045,999.380,0.306,0
7125,23725867428087,23725867499116,71.029,1000.984,0.319,0
7126,23725868428087,23725868498951,70.864,999.835,0.347,0
7127,23725869428087,23725869498628,70.541,999.677,0.305,0
7128,23725870428087,23725870498621,70.534,999.993,0.303,0
7129,23725871428087,23725871435376,7.289,936.755,0.341,0
7130,23725872428087,23725872500021,71.934,1064.645,0.319,0
7131,23725873428087,23725873501672,73.585,1001.651,0.314,0
7132,23725874428087,23725874434526,6.439,932.854,0.331,0
7133,23725875428087,23725875498977,70.890,1064.451,0.326,0
7134,23725876428087,23725876498498,70.411,999.521,0.313,0
7135,23725877428087,23725877499001,70.914,1000.503,0.321,0
7136,23725878428087,23725878498006,69.919,999.005,0.314,0
7137,23725879428087,23725879502261,74.174,1004.255,0.319,0
7138,23725880428087,23725880503977,75.890,1001.716,0.321,0
7139,23725881428087,23725881498938,70.851,994.961,0.322,0
7140,23725882428087,23725882498397,70.310,999.459,0.331,0
7141,23725883428087,23725883499017,70.930,1000.620,0.312,0
7142,23725884428087,23725884498715,70.628,999.698,0.314,0
7143,23725885428087,23725885498490,70.403,999.775,0.329,0
7144,23725886428087,23725886499597,71.510,1001.107,0.307,0
7145,23725887428087,23725887434720,6.633,935.123,0.320,0
7146,23725888428087,23725888500348,72.261,1065.628,0.342,0
7147,23725889428087,23725889501280,73.193,1000.932,0.312,0
7148,23725890428087,23725890499128,71.041,997.848,0.344,0
7149,23725891428087,23725891498427,70.340,999.299,0.310,0
7150,23725892428087,23725892499592,71.505,1001.165,0.304,0
7151,23725893428087,23725893498957,70.870,999.365,0.317,0
7152,23725894428087,23725894499100,71.013,1000.143,0.315,0
7153,23725895428087,23725895502109,74.022,1003.009,0.316,0
7154,23725896428087,23725896498656,70.569,996.547,0.318,0
7155,23725897428087,23725897498394,70.307,999.738,0.333,0
7156,23725898428087,23725898498582,70.495,1000.188,0.320,0
7157,23725899428087,23725899499757,71.670,1001.175,0.328,0
7158,23725900428087,23725900499759,71.672,1000.002,0.321,0
7159,23725901428087,23725901462617,34.530,962.858,0.325,0
7160,23725902428087,23725902435327,7.240,972.710,0.354,0
7161,23725903428087,23725903500733,72.646,1065.406,0.323,0
7162,23725904428087,23725904434448,6.361,933.715,0.304,0
7163,23725905428087,23725905499047,70.960,1064.599,0.306,0
7164,23725906428087,23725906467098,39.011,968.051,0.328,0
7165,23725907428087,23725907499938,71.851,1032.840,0.318,0
7166,23725908428087,23725908499285,71.198,999.347,0.306,0
7167,23725909428087,23725909499337,71.250,1000.052,0.335,0
7168,23725910428087,23725910499896,71.809,1000.559,0.323,0
7169,23725911428087,23725911499164,71.077,999.268,0.315,0
7170,23725912428087,23725912499441,71.354,1000.277,0.313,0
7171,23725913428087,23725913499494,71.407,1000.053,0.327,0
7172,23725914428087,23725914434447,6.360,934.953,0.331,0
7173,23725915428087,23725915498873,70.786,1064.426,0.346,0
7174,23725916428087,23725916498448,70.361,999.575,0.306,0
7175,23725917428087,23725917498657,70.570,1000.209,0.300,0
7176,23725918428087,23725918431673,3.586,933.016,0.193,0
7177,23725919428087,23725919497459,69.372,1065.786,0.306,0
7178,23725920428087,23725920497866,69.779,1000.407,0.326,0
7179,23725921428087,23725921498632,70.545,1000.766,0.330,0
7180,23725922428087,23725922498009,69.922,999.377,0.315,0
7181,23725923428087,23725923497993,69.906,999.984,0.320,0
7182,23725924428087,23725924434518,6.431,936.525,0.344,0
7183,23725925428087,23725925498827,70.740,1064.309,0.324,0
7184,23725926428087,23725926498325,70.238,999.498,0.330,0
7185,23725927428087,23725927497683,69.596,999.358,0.307,0
7186,23725928428087,23725928497606,69.519,999.923,0.316,0
7187,23725929428087,23725929498460,70.373,1000.854,0.405,0
7188,23725930428087,23725930496212,68.125,997.752,0.336,0
7189,23725931428087,23725931497529,69.442,1001.317,0.333,0
7190,23725932428087,23725932498795,70.708,1001.266,0.327,0
7191,23725933428087,23725933498620,70.533,999.825,0.345,0
7192,23725934428087,23725934434437,6.350,935.817,0.338,0
7193,23725935428087,23725935497589,69.502,1063.152,0.335,0
7194,23725936428087,23725936498510,70.423,1000.921,0.346,0
7195,23725937428087,23725937500760,72.673,1002.250,0.312,0
7196,23725938428087,23725938498612,70.525,997.852,0.300,0
7197,23725939428087,23725939498251,70.164,999.639,0.307,0
7198,23725940428087,23725940498839,70.752,1000.588,0.331,0
7199,23725941428087,23725941497250,69.163,998.411,0.327,0
7200,23725942428087,23725942497563,69.476,1000.313,0.321,0
7201,23725943428087,23725943493691,65.604,996.128,0.312,0
7202,23725944428087,23725944434795,6.708,941.104,0.375,0
7203,23725945428087,23725945497903,69.816,1063.108,0.351,0
7204,23725946428087,23725946495583,67.496,997.680,0.324,0
7205,23725947428087,23725947497462,69.375,1001.879,0.320,0
7206,23725948428087,23725948498158,70.071,1000.696,0.316,0
7207,23725949428087,23725949497206,69.119,999.048,0.305,0
7208,23725950428087,23725950498013,69.926,1000.807,0.318,0
7209,23725951428087,23725951500199,72.112,1002.186,0.315,0
7210,23725952428087,23725952498287,70.200,998.088,0.331,0
7211,23725953428087,23725953500467,72.380,1002.180,0.302,0
7212,23725954428087,23725954495583,67.496,995.116,0.311,0
7213,23725955428087,23725955497851,69.764,1002.268,0.310,0
7214,23725956428087,23725956498145,70.058,1000.294,0.308,0
7215,23725957428087,23725957498184,70.097,1000.039,0.320,0
7216,23725958428087,23725958498440,70.353,1000.256,0.310,0
7217,23725959428087,23725959500603,72.516,1002.163,0.317,0
7218,23725960428087,23725960497699,69.612,997.096,0.307,0
7219,23725961428087,23725961497670,69.583,999.971,0.315,0
7220,23725962428087,23725962497587,69.500,999.917,0.312,0
7221,23725963428087,23725963497727,69.640,1000.140,0.351,0
7222,23725964428087,23725964494500,66.413,996.773,0.321,0
7223,23725965428087,23725965497597,69.510,1003.097,0.318,0
7224,23725966428087,23725966498173,70.086,1000.576,0.318,0
7225,23725967428087,23725967499998,71.911,1001.825,0.315,0
7226,23725968428087,23725968497582,69.495,997.584,0.353,0
7227,23725969428087,23725969498123,70.036,1000.541,0.352,0
7228,23725970428087,23725970498604,70.517,1000.481,0.352,0
7229,23725971428087,23725971498514,70.427,999.910,0.348,0
7230,23725972428087,23725972498088,70.001,999.574,0.318,0
7231,23725973428087,23725973497743,69.656,999.655,0.330,0
7232,23725974428087,23725974492286,64.199,994.543,0.313,0
7233,23725975428087,23725975497645,69.558,1005.359,0.343,0
7234,23725976428087,23725976497370,69.283,999.725,0.355,0
7235,23725977428087,23725977498113,70.026,1000.743,0.299,0
7236,23725978428087,23725978498860,70.773,1000.747,0.323,0
7237,23725979428087,23725979498362,70.275,999.502,0.316,0
7238,23725980428087,23725980497268,69.181,998.906,0.322,0
7239,23725981428087,23725981497177,69.090,999.909,0.311,0
7240,23725982428087,23725982497233,69.146,1000.056,0.317,0
7241,23725983428087,23725983497975,69.888,1000.742,0.313,0
7242,23725984428087,23725984484471,56.384,986.496,0.320,0
7243,23725985428087,23725985497314,69.227,1012.843,0.321,0
7244,23725986428087,23725986497923,69.836,1000.609,0.319,0
7245,23725987428087,23725987498265,70.178,1000.342,0.352,0
7246,23725988428087,23725988498400,70.313,1000.135,0.310,0
7247,23725989428087,23725989497400,69.313,999.000,0.334,0
7248,23725990428087,23725990498122,70.035,1000.722,0.312,0
7249,23725991428087,23725991497768,69.681,999.646,0.400,0
7250,23725992428087,23725992497953,69.866,1000.185,0.316,0
7251,23725993428087,23725993498612,70.525,1000.659,0.335,0
7252,23725994428087,23725994434674,6.587,936.062,0.301,0
7253,23725995428087,23725995498699,70.612,1064.025,0.317,0
7254,23725996428087,23725996497694,69.607,998.995,0.302,0
7255,23725997428087,23725997498606,70.519,1000.912,0.313,0
7256,23725998428087,23725998497490,69.403,998.884,0.314,0
7257,23725999428087,23725999498454,70.367,1000.964,0.312,0
7258,23726000428087,23726000462996,34.909,964.542,0.302,0
7259,23726001428087,23726001499861,71.774,1036.865,0.347,0
7260,23726002428087,23726002497517,69.430,997.656,0.315,0
7261,23726003428087,23726003498729,70.642,1001.212,0.353,0
7262,23726004428087,23726004498375,70.288,999.646,0.319,0
7263,23726005428087,23726005498309,70.222,999.934,0.320,0
7264,23726006428087,23726006497394,69.307,999.085,0.348,0
7265,23726007428087,23726007499905,71.818,1002.511,0.314,0
7266,23726008428087,23726008496990,68.903,997.085,0.314,0
7267,23726009428087,23726009497978,69.891,1000.988,0.322,0
7268,23726010428087,23726010494970,66.883,996.992,0.313,0
7269,23726011428087,23726011497455,69.368,1002.485,0.314,0
7270,23726012428087,23726012498734,70.647,1001.279,0.313,0
7271,23726013428087,23726013498274,70.187,999.540,0.313,0
7272,23726014428087,23726014486704,58.617,988.430,0.321,0
7273,23726015428087,23726015499428,71.341,1012.724,0.312,0
7274,23726016428087,23726016502471,74.384,1003.043,0.334,0
7275,23726017428087,23726017499721,71.634,997.250,0.317,0
7276,23726018428087,23726018498209,70.122,998.488,0.346,0
7277,23726019428087,23726019498215,70.128,1000.006,0.353,0
7278,23726020428087,23726020498044,69.957,999.829,0.348,0
7279,23726021428087,23726021498152,70.065,1000.108,0.355,0
7280,23726022428087,23726022497640,69.553,999.488,0.371,0
7281,23726023428087,23726023499860,71.773,1002.220,0.325,0
7282,23726024428087,23726024501934,73.847,1002.074,0.335,0
7283,23726025428087,23726025497782,69.695,995.848,0.348,0
7284,23726026428087,23726026498125,70.038,1000.343,0.348,0
7285,23726027428087,23726027497431,69.344,999.306,0.323,0
7286,23726028428087,23726028498091,70.004,1000.660,0.360,0
7287,23726029428087,23726029496985,68.898,998.894,0.321,0
7288,23726030428087,23726030435167,7.080,938.182,0.364,0
7289,23726031428087,23726031499064,70.977,1063.897,0.329,0
7290,23726032428087,23726032497754,69.667,998.690,0.316,0
7291,23726033428087,23726033497581,69.494,999.827,0.306,0
7292,23726034428087,23726034462668,34.581,965.087,0.322,0
7293,23726035428087,23726035466566,38.479,1003.898,0.321,0
7294,23726036428087,23726036467897,39.810,1001.331,0.324,0
7295,23726037428087,23726037465488,37.401,997.591,0.303,0
7296,23726038428087,23726038465549,37.462,1000.061,0.296,0
7297,23726039428087,23726039460740,32.653,995.191,0.309,0
7298,23726040428087,23726040465934,37.847,1005.194,0.314,0
7299,23726041428087,23726041466688,38.601,1000.754,0.320,0
7300,23726042428087,23726042466094,38.007,999.406,0.322,0
7301,23726043428087,23726043467905,39.818,1001.811,0.309,0
7302,23726044428087,23726044465945,37.858,998.040,0.337,0
7303,23726045428087,23726045465665,37.578,999.720,0.317,0
7304,23726046428087,23726046465135,37.048,999.470,0.335,0
7305,23726047428087,23726047466826,38.739,1001.691,0.337,0
7306,23726048428087,23726048465743,37.656,998.917,0.310,0
7307,23726049428087,23726049465914,37.827,1000.171,0.309,0
7308,23726050428087,23726050463288,35.201,997.374,0.332,0
7309,23726051428087,23726051466500,38.413,1003.212,0.329,0
7310,23726052428087,23726052467753,39.666,1001.253,0.316,0
7311,23726053428087,23726053466249,38.162,998.496,0.324,0
7312,23726054428087,23726054465952,37.865,999.703,0.421,0
7313,23726055428087,23726055465591,37.504,999.639,0.347,0
7314,23726056428087,23726056465889,37.802,1000.298,0.317,0
7315,23726057428087,23726057467535,39.448,1001.646,0.319,0
7316,23726058428087,23726058465804,37.717,998.269,0.328,0
7317,23726059428087,23726059467846,39.759,1002.042,0.309,0
7318,23726060428087,23726060465170,37.083,997.324,0.326,0
7319,23726061428087,23726061466131,38.044,1000.961,0.312,0
7320,23726062428087,23726062465991,37.904,999.860,0.305,0
7321,23726063428087,23726063465348,37.261,999.357,0.331,0
7322,23726064428087,23726064469624,41.537,1004.276,0.334,0
7323,23726065428087,23726065465480,37.393,995.856,0.317,0
7324,23726066428087,23726066463451,35.364,997.971,0.321,0
7325,23726067428087,23726067465293,37.206,1001.842,0.301,0
7326,23726068428087,23726068466329,38.242,1001.036,0.358,0
7327,23726069428087,23726069465984,37.897,999.655,0.323,0
7328,23726070428087,23726070465363,37.276,999.379,0.359,0
7329,23726071428087,23726071467001,38.914,1001.638,0.307,0
7330,23726072428087,23726072465275,37.188,998.274,0.312,0
7331,23726073428087,23726073462493,34.406,997.218,0.312,0
7332,23726074428087,23726074465550,37.463,1003.057,0.305,0
7333,23726075428087,23726075466563,38.476,1001.013,0.322,0
7334,23726076428087,23726076461505,33.418,994.942,0.355,0
7335,23726077428087,23726077435933,7.846,974.428,0.323,0
7336,23726078428087,23726078435425,7.338,999.492,0.369,0
7337,23726079428087,23726079435298,7.211,999.873,0.329,0
7338,23726080428087,23726080435804,7.717,1000.506,0.375,0
7339,23726081428087,23726081499217,71.130,1063.413,0.329,0
7340,23726082428087,23726082512074,83.987,1012.857,0.315,0
7341,23726083428087,23726083500115,72.028,988.041,0.331,0
7342,23726084428087,23726084434812,6.725,934.697,0.334,0
7343,23726085428087,23726085499124,71.037,1064.312,0.396,0
7344,23726086428087,23726086498292,70.205,999.168,0.334,0
7345,23726087428087,23726087500002,71.915,1001.710,0.298,0
7346,23726088428087,23726088501198,73.111,1001.196,0.355,0
7347,23726089428087,23726089462067,33.980,960.869,0.324,0
7348,23726090428087,23726090433675,5.588,971.608,0.327,0
7349,23726091428087,23726091498282,70.195,1064.607,0.340,0
7350,23726092428087,23726092498929,70.842,1000.647,0.325,0
7351,23726093428087,23726093499511,71.424,1000.582,0.333,0
7352,23726094428087,23726094499788,71.701,1000.277,0.311,0
7353,23726095428087,23726095498700,70.613,998.912,0.334,0
7354,23726096428087,23726096499074,70.987,1000.374,0.312,0
7355,23726097428087,23726097498633,70.546,999.559,0.319,0
7356,23726098428087,23726098498207,70.120,999.574,0.318,0
7357,23726099428087,23726099498153,70.066,999.946,0.324,0
7358,23726100428087,23726100498896,70.809,1000.743,0.297,0
7359,23726101428087,23726101499510,71.423,1000.614,0.320,0
7360,23726102428087,23726102499270,71.183,999.760,0.314,0
7361,23726103428087,23726103499526,71.439,1000.256,0.333,0
7362,23726104428087,23726104495780,67.693,996.254,0.317,0
7363,23726105428087,23726105499390,71.303,1003.610,0.324,0
7364,23726106428087,23726106498291,70.204,998.901,0.317,0
7365,23726107428087,23726107498623,70.536,1000.332,0.317,0
7366,23726108428087,23726108498794,70.707,1000.171,0.326,0
7367,23726109428087,23726109499353,71.266,1000.559,0.334,0
7368,23726110428087,23726110499408,71.321,1000.055,0.313,0
7369,23726111428087,23726111467647,39.560,968.239,0.303,0
7370,23726112428087,23726112461453,33.366,993.806,0.363,0
7371,23726113428087,23726113499565,71.478,1038.112,0.323,0
7372,23726114428087,23726114495423,67.336,995.858,0.328,0
7373,23726115428087,23726115496560,68.473,1001.137,0.320,0
7374,23726116428087,23726116498310,70.223,1001.750,0.402,0
7375,23726117428087,23726117499430,71.343,1001.120,0.309,0
7376,23726118428087,23726118499146,71.059,999.716,0.319,0
7377,23726119428087,23726119498213,70.126,999.067,0.302,0
7378,23726120428087,23726120498392,70.305,1000.179,0.347,0
7379,23726121428087,23726121499845,71.758,1001.453,0.324,0
7380,23726122428087,23726122500554,72.467,1000.709,0.312,0
7381,23726123428087,23726123498329,70.242,997.775,0.331,0
7382,23726124428087,23726124498869,70.782,1000.540,0.302,0
7383,23726125428087,23726125499830,71.743,1000.961,0.330,0
7384,23726126428087,23726126435449,7.362,935.619,0.358,0
7385,23726127428087,23726127455482,27.395,1020.033,0.307,0
7386,23726128428087,23726128502130,74.043,1046.648,0.328,0
7387,23726129428087,23726129498342,70.255,996.212,0.311,0
7388,23726130428087,23726130499186,71.099,1000.844,0.323,0
7389,23726131428087,23726131496736,68.649,997.550,0.315,0
7390,23726132428087,23726132498611,70.524,1001.875,0.340,0
7391,23726133428087,23726133498523,70.436,999.912,0.333,0
7392,23726134428087,23726134434563,6.476,936.040,0.350,0
7393,23726135428087,23726135499296,71.209,1064.733,0.338,0
7394,23726136428087,23726136500767,72.680,1001.471,0.327,0
7395,23726137428087,23726137499844,71.757,999.077,0.336,0
7396,23726138428087,23726138501056,72.969,1001.212,0.329,0
7397,23726139428087,23726139498802,70.715,997.746,0.312,0
7398,23726140428087,23726140433733,5.646,934.931,0.333,0
7399,23726141428087,23726141498748,70.661,1065.015,0.329,0
7400,23726142428087,23726142498930,70.843,1000.182,0.321,0
7401,23726143428087,23726143498821,70.734,999.891,0.324,0
7402,23726144428087,23726144434482,6.395,935.661,0.319,0
7403,23726145428087,23726145498126,70.039,1063.644,0.302,0
7404,23726146428087,23726146497452,69.365,999.326,0.301,0
7405,23726147428087,23726147499228,71.141,1001.776,0.397,0
7406,23726148428087,23726148500095,72.008,1000.867,0.327,0
7407,23726149428087,23726149497646,69.559,997.551,0.323,0
7408,23726150428087,23726150497519,69.432,999.873,0.307,0
7409,23726151428087,23726151499128,71.041,1001.609,0.353,0
7410,23726152428087,23726152500276,72.189,1001.148,0.310,0
7411,23726153428087,23726153499280,71.193,999.004,0.318,0
7412,23726154428087,23726154498626,70.539,999.346,0.316,0
7413,23726155428087,23726155499302,71.215,1000.676,0.308,0
7414,23726156428087,23726156498628,70.541,999.326,0.344,0
7415,23726157428087,23726157498082,69.995,999.454,0.323,0
7416,23726158428087,23726158499629,71.542,1001.547,0.319,0
7417,23726159428087,23726159499325,71.238,999.696,0.317,0
7418,23726160428087,23726160498214,70.127,998.889,0.309,0
7419,23726161428087,23726161498708,70.621,1000.494,0.304,0
7420,23726162428087,23726162498595,70.508,999.887,0.344,0
7421,23726163428087,23726163498472,70.385,999.877,0.311,0
7422,23726164428087,23726164496823,68.736,998.351,0.320,0
7423,23726165428087,23726165498529,70.442,1001.706,0.348,0
7424,23726166428087,23726166499077,70.990,1000.548,0.324,0
7425,23726167428087,23726167499130,71.043,1000.053,0.351,0
7426,23726168428087,23726168498880,70.793,999.750,0.324,0
7427,23726169428087,23726169498937,70.850,1000.057,0.309,0
7428,23726170428087,23726170499079,70.992,1000.142,0.345,0
7429,23726171428087,23726171497713,69.626,998.634,0.316,0
7430,23726172428087,23726172498936,70.849,1001.223,0.340,0
7431,23726173428087,23726173498979,70.892,1000.043,0.337,0
7432,23726174428087,23726174502751,74.664,1003.772,0.321,0
7433,23726175428087,23726175499297,71.210,996.546,0.313,0
7434,23726176428087,23726176498808,70.721,999.511,0.345,0
7435,23726177428087,23726177499080,70.993,1000.272,0.336,0
7436,23726178428087,23726178499085,70.998,1000.005,0.327,0
7437,23726179428087,23726179495833,67.746,996.748,0.364,0
7438,23726180428087,23726180499606,71.519,1003.773,0.314,0
7439,23726181428087,23726181499343,71.256,999.737,0.332,0
7440,23726182428087,23726182498725,70.638,999.382,0.336,0
7441,23726183428087,23726183499223,71.136,1000.498,0.309,0
7442,23726184428087,23726184499218,71.131,999.995,0.315,0
7443,23726185428087,23726185498285,70.198,999.067,0.357,0
7444,23726186428087,23726186500327,72.240,1002.042,0.312,0
7445,23726187428087,23726187498566,70.479,998.239,0.335,0
7446,23726188428087,23726188498666,70.579,1000.100,0.334,0
7447,23726189428087,23726189498252,70.165,999.586,0.320,0
7448,23726190428087,23726190432578,4.491,934.326,0.374,0
7449,23726191428087,23726191498730,70.643,1066.152,0.314,0
7450,23726192428087,23726192501473,73.386,1002.743,0.345,0
7451,23726193428087,23726193502650,74.563,1001.177,0.324,0
7452,23726194428087,23726194434418,6.331,931.768,0.307,0
7453,23726195428087,23726195496988,68.901,1062.570,0.303,0
7454,23726196428087,23726196498985,70.898,1001.997,0.324,0
7455,23726197428087,23726197498505,70.418,999.520,0.322,0
7456,23726198428087,23726198497410,69.323,998.905,0.324,0
7457,23726199428087,23726199498505,70.418,1001.095,0.324,0
7458,23726200428087,23726200500005,71.918,1001.500,0.328,0
7459,23726201428087,23726201498925,70.838,998.920,0.351,0
7460,23726202428087,23726202500219,72.132,1001.294,0.325,0
7461,23726203428087,23726203498697,70.610,998.478,0.323,0
7462,23726204428087,23726204434039,5.952,935.342,0.315,0
7463,23726205428087,23726205498107,70.020,1064.068,0.314,0
7464,23726206428087,23726206497394,69.307,999.287,0.307,0
7465,23726207428087,23726207498733,70.646,1001.339,0.306,0
7466,23726208428087,23726208468812,40.725,970.079,0.308,0
7467,23726209428087,23726209502300,74.213,1033.488,0.313,0
7468,23726210428087,23726210499460,71.373,997.160,0.366,0
7469,23726211428087,23726211499155,71.068,999.695,0.310,0
7470,23726212428087,23726212497789,69.702,998.634,0.320,0
7471,23726213428087,23726213499579,71.492,1001.790,0.313,0
7472,23726214428087,23726214498494,70.407,998.915,0.353,0
7473,23726215428087,23726215498989,70.902,1000.495,0.331,0
7474,23726216428087,23726216499687,71.600,1000.698,0.310,0
7475,23726217428087,23726217498521,70.434,998.834,0.310,0
7476,23726218428087,23726218500065,71.978,1001.544,0.328,0
7477,23726219428087,23726219498530,70.443,998.465,0.359,0
7478,23726220428087,23726220498485,70.398,999.955,0.340,0
7479,23726221428087,23726221499515,71.428,1001.030,0.349,0
7480,23726222428087,23726222498659,70.572,999.144,0.309,0
7481,23726223428087,23726223498592,70.505,999.933,0.314,0
7482,23726224428087,23726224501236,73.149,1002.644,0.335,0
7483,23726225428087,23726225498523,70.436,997.287,0.319,0
7484,23726226428087,23726226497750,69.663,999.227,0.353,0
7485,23726227428087,23726227498621,70.534,1000.871,0.328,0
7486,23726228428087,23726228499405,71.318,1000.784,0.314,0
7487,23726229428087,23726229499652,71.565,1000.247,0.356,0
7488,23726230428087,23726230500446,72.359,1000.794,0.334,0
7489,23726231428087,23726231498490,70.403,998.044,0.332,0
7490,23726232428087,23726232498055,69.968,999.565,0.333,0
7491,23726233428087,23726233466678,38.591,968.623,0.304,0
7492,23726234428087,23726234467891,39.804,1001.213,0.319,0
7493,23726235428087,23726235480851,52.764,1012.960,0.750,0
7494,23726236428087,23726236468110,40.023,987.259,0.309,0
7495,23726237428087,23726237468296,40.209,1000.186,0.313,0
7496,23726238428087,23726238498434,70.347,1030.138,0.345,0
7497,23726239428087,23726239499041,70.954,1000.607,0.321,0
7498,23726240428087,23726240499099,71.012,1000.058,0.344,0
7499,23726241428087,23726241499665,71.578,1000.566,0.389,0
7500,23726242428087,23726242498606,70.519,998.941,0.353,0
7501,23726243428087,23726243495294,67.207,996.688,0.323,0
7502,23726244428087,23726244436077,7.990,940.783,0.325,0
7503,23726245428087,23726245498442,70.355,1062.365,0.311,0
7504,23726246428087,23726246498846,70.759,1000.404,0.321,0
7505,23726247428087,23726247497391,69.304,998.545,0.325,0
7506,23726248428087,23726248498326,70.239,1000.935,0.314,0
7507,23726249428087,23726249460613,32.526,962.287,0.318,0
7508,23726250428087,23726250499784,71.697,1039.171,0.349,0
7509,23726251428087,23726251498695,70.608,998.911,0.360,0
7510,23726252428087,23726252497695,69.608,999.000,0.306,0
7511,23726253428087,23726253498287,70.200,1000.592,0.314,0
7512,23726254428087,23726254501892,73.805,1003.605,0.320,0
7513,23726255428087,23726255498116,70.029,996.224,0.343,0
7514,23726256428087,23726256499558,71.471,1001.442,0.340,0
7515,23726257428087,23726257501735,73.648,1002.177,0.362,0
7516,23726258428087,23726258498296,70.209,996.561,0.324,0
7517,23726259428087,23726259495580,67.493,997.284,0.348,0
7518,23726260428087,23726260498583,70.496,1003.003,0.354,0
7519,23726261428087,23726261499415,71.328,1000.832,0.331,0
7520,23726262428087,23726262499251,71.164,999.836,0.351,0
7521,23726263428087,23726263498581,70.494,999.330,0.357,0
7522,23726264428087,23726264499295,71.208,1000.714,0.338,0
7523,23726265428087,23726265497139,69.052,997.844,0.338,0
7524,23726266428087,23726266499645,71.558,1002.506,0.333,0
7525,23726267428087,23726267499380,71.293,999.735,0.335,0
7526,23726268428087,23726268498197,70.110,998.817,0.356,0
7527,23726269428087,23726269499110,71.023,1000.913,0.316,0
7528,23726270428087,23726270499439,71.352,1000.329,0.355,0
7529,23726271428087,23726271498810,70.723,999.371,0.329,0
7530,23726272428087,23726272499335,71.248,1000.525,0.381,0
7531,23726273428087,23726273501707,73.620,1002.372,0.325,0
7532,23726274428087,23726274504904,76.817,1003.197,0.322,0
7533,23726275428087,23726275498949,70.862,994.045,0.325,0
7534,23726276428087,23726276497841,69.754,998.892,0.312,0
7535,23726277428087,23726277497898,69.811,1000.057,0.318,0
7536,23726278428087,23726278498657,70.570,1000.759,0.323,0
7537,23726279428087,23726279498573,70.486,999.916,0.312,0
7538,23726280428087,23726280467489,39.402,968.916,0.390,0
7539,23726281428087,23726281478445,50.358,1010.956,0.755,0
7540,23726282428087,23726282472021,43.934,993.576,0.762,0
7541,23726283428087,23726283472218,44.131,1000.197,0.798,0
7542,23726284428087,23726284434522,6.435,962.304,0.341,0
7543,23726285428087,23726285477753,49.666,1043.231,0.732,0
7544,23726286428087,23726286479912,51.825,1002.159,0.759,0
7545,23726287428087,23726287472242,44.155,992.330,0.779,0
7546,23726288428087,23726288472481,44.394,1000.239,0.780,0
7547,23726289428087,23726289478059,49.972,1005.578,0.767,0
7548,23726290428087,23726290483391,55.304,1005.332,0.778,0
7549,23726291428087,23726291473137,45.050,989.746,0.827,0
7550,23726292428087,23726292472076,43.989,998.939,0.761,0
7551,23726293428087,23726293472545,44.458,1000.469,0.739,0
7552,23726294428087,23726294471875,43.788,999.330,0.320,0
7553,23726295428087,23726295471440,43.353,999.565,0.762,0
7554,23726296428087,23726296478789,50.702,1007.349,0.771,0
7555,23726297428087,23726297478394,50.307,999.605,0.737,0
7556,23726298428087,23726298472612,44.525,994.218,0.743,0
7557,23726299428087,23726299472865,44.778,1000.253,0.765,0
7558,23726300428087,23726300477912,49.825,1005.047,0.767,0
7559,23726301428087,23726301478414,50.327,1000.502,0.792,0
7560,23726302428087,23726302470327,42.240,991.913,0.323,0
7561,23726303428087,23726303472311,44.224,1001.984,0.789,0
7562,23726304428087,23726304498407,70.320,1026.096,0.381,0
7563,23726305428087,23726305497681,69.594,999.274,0.310,0
7564,23726306428087,23726306497258,69.171,999.577,0.342,0
7565,23726307428087,23726307495622,67.535,998.364,0.322,0
7566,23726308428087,23726308499425,71.338,1003.803,0.317,0
7567,23726309428087,23726309499131,71.044,999.706,0.355,0
7568,23726310428087,23726310499416,71.329,1000.285,0.350,0
7569,23726311428087,23726311497455,69.368,998.039,0.356,0
7570,23726312428087,23726312497985,69.898,1000.530,0.328,0
7571,23726313428087,23726313501898,73.811,1003.913,0.364,0
7572,23726314428087,23726314498920,70.833,997.022,0.340,0
7573,23726315428087,23726315497695,69.608,998.775,0.358,0
7574,23726316428087,23726316497283,69.196,999.588,0.334,0
7575,23726317428087,23726317497977,69.890,1000.694,0.318,0
7576,23726318428087,23726318498620,70.533,1000.643,0.313,0
7577,23726319428087,23726319498955,70.868,1000.335,0.330,0
7578,23726320428087,23726320499836,71.749,1000.881,0.313,0
7579,23726321428087,23726321501006,72.919,1001.170,0.318,0
7580,23726322428087,23726322500360,72.273,999.354,0.335,0
7581,23726323428087,23726323500635,72.548,1000.275,0.317,0
7582,23726324428087,23726324499294,71.207,998.659,0.332,0
7583,23726325428087,23726325498046,69.959,998.752,0.322,0
7584,23726326428087,23726326497341,69.254,999.295,0.320,0
7585,23726327428087,23726327497610,69.523,1000.269,0.322,0
7586,23726328428087,23726328499091,71.004,1001.481,0.312,0
7587,23726329428087,23726329501653,73.566,1002.562,0.341,0
7588,23726330428087,23726330498715,70.628,997.062,0.320,0
7589,23726331428087,23726331497755,69.668,999.040,0.318,0
7590,23726332428087,23726332497359,69.272,999.604,0.327,0
7591,23726333428087,23726333498179,70.092,1000.820,0.340,0
7592,23726334428087,23726334499413,71.326,1001.234,0.321,0
7593,23726335428087,23726335498677,70.590,999.264,0.399,0
7594,23726336428087,23726336499653,71.566,1000.976,0.340,0
7595,23726337428087,23726337500836,72.749,1001.183,0.312,0
7596,23726338428087,23726338499137,71.050,998.301,0.316,0
7597,23726339428087,23726339498731,70.644,999.594,0.317,0
7598,23726340428087,23726340498780,70.693,1000.049,0.307,0
7599,23726341428087,23726341498853,70.766,1000.073,0.344,0
7600,23726342428087,23726342499177,71.090,1000.324,0.341,0
7601,23726343428087,23726343498546,70.459,999.369,0.330,0
7602,23726344428087,23726344498924,70.837,1000.378,0.351,0
7603,23726345428087,23726345497928,69.841,999.004,0.342,0
7604,23726346428087,23726346497678,69.591,999.750,0.314,0
7605,23726347428087,23726347498744,70.657,1001.066,0.322,0
7606,23726348428087,23726348499816,71.729,1001.072,0.319,0
7607,23726349428087,23726349498685,70.598,998.869,0.314,0
7608,23726350428087,23726350498992,70.905,1000.307,0.315,0
7609,23726351428087,23726351503979,75.892,1004.987,0.328,0
7610,23726352428087,23726352498181,70.094,994.202,0.328,0
7611,23726353428087,23726353498399,70.312,1000.218,0.336,0
7612,23726354428087,23726354501727,73.640,1003.328,0.324,0
7613,23726355428087,23726355498420,70.333,996.693,0.351,0
7614,23726356428087,23726356497355,69.268,998.935,0.317,0
7615,23726357428087,23726357499141,71.054,1001.786,0.346,0
7616,23726358428087,23726358497466,69.379,998.325,0.308,0
7617,23726359428087,23726359499942,71.855,1002.476,0.342,0
7618,23726360428087,23726360498529,70.442,998.587,0.328,0
7619,23726361428087,23726361498671,70.584,1000.142,0.327,0
7620,23726362428087,23726362499245,71.158,1000.574,0.325,0
7621,23726363428087,23726363498227,70.140,998.982,0.340,0
7622,23726364428087,23726364497660,69.573,999.433,0.327,0
7623,23726365428087,23726365498176,70.089,1000.516,0.329,0
7624,23726366428087,23726366497495,69.408,999.319,0.697,0
7625,23726367428087,23726367497553,69.466,1000.058,0.340,0
7626,23726368428087,23726368498525,70.438,1000.972,0.307,0
7627,23726369428087,23726369498644,70.557,1000.119,0.320,0
7628,23726370428087,23726370498728,70.641,1000.084,0.326,0
7629,23726371428087,23726371501152,73.065,1002.424,0.336,0
7630,23726372428087,23726372498998,70.911,997.846,0.364,0
7631,23726373428087,23726373497268,69.181,998.270,0.325,0
7632,23726374428087,23726374500112,72.025,1002.844,0.351,0
7633,23726375428087,23726375498244,70.157,998.132,0.332,0
7634,23726376428087,23726376497535,69.448,999.291,0.333,0
7635,23726377428087,23726377500935,72.848,1003.400,0.316,0
7636,23726378428087,23726378503002,74.915,1002.067,0.355,0
7637,23726379428087,23726379498546,70.459,995.544,0.336,0
7638,23726380428087,23726380497501,69.414,998.955,0.353,0
7639,23726381428087,23726381498032,69.945,1000.531,0.354,0
7640,23726382428087,23726382498709,70.622,1000.677,0.329,0
7641,23726383428087,23726383498987,70.900,1000.278,0.325,0
7642,23726384428087,23726384499007,70.920,1000.020,0.330,0
7643,23726385428087,23726385500464,72.377,1001.457,0.320,0
7644,23726386428087,23726386498462,70.375,997.998,0.326,0
7645,23726387428087,23726387500671,72.584,1002.209,0.354,0
7646,23726388428087,23726388498614,70.527,997.943,0.326,0
7647,23726389428087,23726389498649,70.562,1000.035,0.319,0
7648,23726390428087,23726390499274,71.187,1000.625,0.306,0
7649,23726391428087,23726391498008,69.921,998.734,0.319,0
7650,23726392428087,23726392497900,69.813,999.892,0.362,0
7651,23726393428087,23726393500454,72.367,1002.554,0.352,0
7652,23726394428087,23726394502938,74.851,1002.484,0.317,0
7653,23726395428087,23726395499073,70.986,996.135,0.329,0
7654,23726396428087,23726396499130,71.043,1000.057,0.361,0
7655,23726397428087,23726397497982,69.895,998.852,0.392,0
7656,23726398428087,23726398497536,69.449,999.554,0.331,0
7657,23726399428087,23726399499661,71.574,1002.125,0.310,0
7658,23726400428087,23726400497987,69.900,998.326,0.340,0
7659,23726401428087,23726401500114,72.027,1002.127,0.318,0
7660,23726402428087,23726402498277,70.190,998.163,0.340,0
7661,23726403428087,23726403497333,69.246,999.056,0.357,0
7662,23726404428087,23726404498059,69.972,1000.726,0.319,0
7663,23726405428087,23726405498625,70.538,1000.566,0.311,0
7664,23726406428087,23726406498991,70.904,1000.366,0.330,0
7665,23726407428087,23726407498880,70.793,999.889,0.341,0
7666,23726408428087,23726408498255,70.168,999.375,0.336,0
7667,23726409428087,23726409497914,69.827,999.659,0.321,0
7668,23726410428087,23726410497200,69.113,999.286,0.318,0
7669,23726411428087,23726411498946,70.859,1001.746,0.313,0
7670,23726412428087,23726412498264,70.177,999.318,0.350,0
7671,23726413428087,23726413499498,71.411,1001.234,0.324,0
7672,23726414428087,23726414500508,72.421,1001.010,0.320,0
7673,23726415428087,23726415499092,71.005,998.584,0.308,0
7674,23726416428087,23726416498646,70.559,999.554,0.328,0
7675,23726417428087,23726417497259,69.172,998.613,0.318,0
7676,23726418428087,23726418498164,70.077,1000.905,0.350,0
7677,23726419428087,23726419497358,69.271,999.194,0.324,0
7678,23726420428087,23726420497596,69.509,1000.238,0.357,0
7679,23726421428087,23726421497731,69.644,1000.135,0.321,0
7680,23726422428087,23726422498022,69.935,1000.291,0.319,0
7681,23726423428087,23726423498552,70.465,1000.530,0.349,0
7682,23726424428087,23726424498812,70.725,1000.260,0.327,0
7683,23726425428087,23726425499151,71.064,1000.339,0.313,0
7684,23726426428087,23726426497355,69.268,998.204,0.330,0
7685,23726427428087,23726427498455,70.368,1001.100,0.308,0
7686,23726428428087,23726428502958,74.871,1004.503,0.316,0
7687,23726429428087,23726429497994,69.907,995.036,0.385,0
7688,23726430428087,23726430498102,70.015,1000.108,0.343,0
7689,23726431428087,23726431497255,69.168,999.153,0.334,0
7690,23726432428087,23726432498966,70.879,1001.711,0.358,0
7691,23726433428087,23726433497859,69.772,998.893,0.328,0
7692,23726434428087,23726434499918,71.831,1002.059,0.316,0
7693,23726435428087,23726435500143,72.056,1000.225,0.348,0
7694,23726436428087,23726436498223,70.136,998.080,0.350,0
7695,23726437428087,23726437498238,70.151,1000.015,0.323,0
7696,23726438428087,23726438499889,71.802,1001.651,0.304,0
7697,23726439428087,23726439501882,73.795,1001.993,0.305,0
7698,23726440428087,23726440497548,69.461,995.666,0.312,0
7699,23726441428087,23726441500374,72.287,1002.826,0.320,0
7700,23726442428087,23726442502257,74.170,1001.883,0.325,0
7701,23726443428087,23726443499106,71.019,996.849,0.321,0
7702,23726444428087,23726444496566,68.479,997.460,0.306,0
7703,23726445428087,23726445499746,71.659,1003.180,0.311,0
7704,23726446428087,23726446497824,69.737,998.078,0.319,0
7705,23726447428087,23726447498476,70.389,1000.652,0.305,0
7706,23726448428087,23726448498324,70.237,999.848,0.316,0
7707,23726449428087,23726449501159,73.072,1002.835,0.309,0
7708,23726450428087,23726450498842,70.755,997.683,0.305,0
7709,23726451428087,23726451499747,71.660,1000.905,0.344,0
7710,23726452428087,23726452499174,71.087,999.427,0.320,0
7711,23726453428087,23726453498422,70.335,999.248,0.337,0
7712,23726454428087,23726454501399,73.312,1002.977,0.321,0
7713,23726455428087,23726455498600,70.513,997.201,0.304,0
7714,23726456428087,23726456498186,70.099,999.586,0.316,0
7715,23726457428087,23726457500930,72.843,1002.744,0.344,0
7716,23726458428087,23726458501920,73.833,1000.990,0.312,0
7717,23726459428087,23726459498405,70.318,996.485,0.303,0
7718,23726460428087,23726460498489,70.402,1000.084,0.401,0
7719,23726461428087,23726461498901,70.814,1000.412,0.327,0
7720,23726462428087,23726462498466,70.379,999.565,0.349,0
7721,23726463428087,23726463499455,71.368,1000.989,0.342,0
7722,23726464428087,23726464434616,6.529,935.161,0.306,0
7723,23726465428087,23726465499279,71.192,1064.663,0.334,0
7724,23726466428087,23726466498814,70.727,999.535,0.328,0
7725,23726467428087,23726467498030,69.943,999.216,0.350,0
7726,23726468428087,23726468499196,71.109,1001.166,0.328,0
7727,23726469428087,23726469499239,71.152,1000.043,0.324,0
7728,23726470428087,23726470499265,71.178,1000.026,0.317,0
7729,23726471428087,23726471498545,70.458,999.280,0.330,0
7730,23726472428087,23726472497274,69.187,998.729,0.305,0
7731,23726473428087,23726473497911,69.824,1000.637,0.328,0
7732,23726474428087,23726474434449,6.362,936.538,0.350,0
7733,23726475428087,23726475498070,69.983,1063.621,0.354,0
7734,23726476428087,23726476499097,71.010,1001.027,0.302,0
7735,23726477428087,23726477499680,71.593,1000.583,0.312,0
7736,23726478428087,23726478432573,4.486,932.893,0.168,0
7737,23726479428087,23726479498011,69.924,1065.438,0.346,0
7738,23726480428087,23726480506173,78.086,1008.162,0.346,0
7739,23726481428087,23726481498400,70.313,992.227,0.325,0
7740,23726482428087,23726482497466,69.379,999.066,0.331,0
7741,23726483428087,23726483498977,70.890,1001.511,0.314,0
7742,23726484428087,23726484434503,6.416,935.526,0.349,0
7743,23726485428087,23726485497028,68.941,1062.525,0.319,0
7744,23726486428087,23726486498838,70.751,1001.810,0.345,0
7745,23726487428087,23726487497571,69.484,998.733,0.324,0
7746,23726488428087,23726488496678,68.591,999.107,0.324,0
7747,23726489428087,23726489496568,68.481,999.890,0.323,0
7748,23726490428087,23726490496770,68.683,1000.202,0.297,0
7749,23726491428087,23726491497415,69.328,1000.645,0.389,0
7750,23726492428087,23726492496027,67.940,998.612,0.324,0
7751,23726493428087,23726493497388,69.301,1001.361,0.345,0
7752,23726494428087,23726494434546,6.459,937.158,0.343,0
7753,23726495428087,23726495497736,69.649,1063.190,0.322,0
7754,23726496428087,23726496498149,70.062,1000.413,0.327,0
7755,23726497428087,23726497498240,70.153,1000.091,0.331,0
7756,23726498428087,23726498431786,3.699,933.546,0.114,0
7757,23726499428087,23726499499395,71.308,1067.609,0.322,0
7758,23726500428087,23726500498427,70.340,999.032,0.350,0
7759,23726501428087,23726501497181,69.094,998.754,0.324,0
7760,23726502428087,23726502460622,32.535,963.441,0.308,0
7761,23726503428087,23726503435990,7.903,975.368,0.325,0
7762,23726504428087,23726504434619,6.532,998.629,0.343,0
7763,23726505428087,23726505499273,71.186,1064.654,0.332,0
7764,23726506428087,23726506496576,68.489,997.303,0.339,0
7765,23726507428087,23726507498939,70.852,1002.363,0.302,0
7766,23726508428087,23726508494059,65.972,995.120,0.342,0
7767,23726509428087,23726509497839,69.752,1003.780,0.320,0
7768,23726510428087,23726510498126,70.039,1000.287,0.327,0
7769,23726511428087,23726511497356,69.269,999.230,0.310,0
7770,23726512428087,23726512462049,33.962,964.693,0.324,0
7771,23726513428087,23726513499185,71.098,1037.136,0.328,0
7772,23726514428087,23726514434439,6.352,935.254,0.320,0
7773,23726515428087,23726515499309,71.222,1064.870,0.326,0
7774,23726516428087,23726516498223,70.136,998.914,0.322,0
7775,23726517428087,23726517496931,68.844,998.708,0.308,0
7776,23726518428087,23726518431739,3.652,934.808,0.139,0
7777,23726519428087,23726519497467,69.380,1065.728,0.335,0
7778,23726520428087,23726520497921,69.834,1000.454,0.307,0
7779,23726521428087,23726521498253,70.166,1000.332,0.325,0
7780,23726522428087,23726522501319,73.232,1003.066,0.368,0
7781,23726523428087,23726523496773,68.686,995.454,0.348,0
7782,23726524428087,23726524433626,5.539,936.853,0.358,0
7783,23726525428087,23726525501941,73.854,1068.315,0.315,0
7784,23726526428087,23726526496554,68.467,994.613,0.325,0
7785,23726527428087,23726527496976,68.889,1000.422,0.349,0
7786,23726528428087,23726528496547,68.460,999.571,0.352,0
7787,23726529428087,23726529498904,70.817,1002.357,0.332,0
7788,23726530428087,23726530496844,68.757,997.940,0.317,0
7789,23726531428087,23726531461292,33.205,964.448,0.316,0
7790,23726532428087,23726532498882,70.795,1037.590,0.337,0
7791,23726533428087,23726533498689,70.602,999.807,0.332,0
7792,23726534428087,23726534434492,6.405,935.803,0.345,0
7793,23726535428087,23726535498271,70.184,1063.779,0.323,0
7794,23726536428087,23726536498376,70.289,1000.105,0.337,0
7795,23726537428087,23726537503161,75.074,1004.785,0.329,0
7796,23726538428087,23726538502414,74.327,999.253,0.354,0
7797,23726539428087,23726539497900,69.813,995.486,0.308,0
7798,23726540428087,23726540499608,71.521,1001.708,0.317,0
7799,23726541428087,23726541501163,73.076,1001.555,0.309,0
7800,23726542428087,23726542435466,7.379,934.303,0.330,0
7801,23726543428087,23726543499800,71.713,1064.334,0.344,0
7802,23726544428087,23726544434936,6.849,935.136,0.332,0
7803,23726545428087,23726545498194,70.107,1063.258,0.295,0
7804,23726546428087,23726546498894,70.807,1000.700,0.297,0
7805,23726547428087,23726547497661,69.574,998.767,0.348,0
7806,23726548428087,23726548436463,8.376,938.802,0.364,0
7807,23726549428087,23726549496394,68.307,1059.931,0.299,0
7808,23726550428087,23726550497509,69.422,1001.115,0.313,0
7809,23726551428087,23726551497482,69.395,999.973,0.312,0
7810,23726552428087,23726552499492,71.405,1002.010,0.312,0
7811,23726553428087,23726553498906,70.819,999.414,0.304,0
7812,23726554428087,23726554434487,6.400,935.581,0.388,0
7813,23726555428087,23726555497729,69.642,1063.242,0.304,0
7814,23726556428087,23726556501659,73.572,1003.930,0.346,0
7815,23726557428087,23726557498613,70.526,996.954,0.308,0
7816,23726558428087,23726558506843,78.756,1008.230,0.356,0
7817,23726559428087,23726559498555,70.468,991.712,0.330,0
7818,23726560428087,23726560498623,70.536,1000.068,0.325,0
7819,23726561428087,23726561499093,71.006,1000.470,0.322,0
7820,23726562428087,23726562502196,74.109,1003.103,0.314,0
7821,23726563428087,23726563498840,70.753,996.644,0.345,0
7822,23726564428087,23726564434551,6.464,935.711,0.347,0
7823,23726565428087,23726565498048,69.961,1063.497,0.297,0
7824,23726566428087,23726566498258,70.171,1000.210,0.358,0
7825,23726567428087,23726567498007,69.920,999.749,0.333,0
7826,23726568428087,23726568502499,74.412,1004.492,0.313,0
7827,23726569428087,23726569498928,70.841,996.429,0.323,0
7828,23726570428087,23726570500829,72.742,1001.901,0.309,0
7829,23726571428087,23726571498987,70.900,998.158,0.327,0
7830,23726572428087,23726572500667,72.580,1001.680,0.321,0
7831,23726573428087,23726573499316,71.229,998.649,0.314,0
7832,23726574428087,23726574434557,6.470,935.241,0.354,0
7833,23726575428087,23726575498834,70.747,1064.277,0.334,0
7834,23726576428087,23726576498580,70.493,999.746,0.314,0
7835,23726577428087,23726577499847,71.760,1001.267,0.317,0
7836,23726578428087,23726578502122,74.035,1002.275,0.337,0
7837,23726579428087,23726579498294,70.207,996.172,0.322,0
7838,23726580428087,23726580498590,70.503,1000.296,0.320,0
7839,23726581428087,23726581498271,70.184,999.681,0.320,0
7840,23726582428087,23726582499078,70.991,1000.807,0.318,0
7841,23726583428087,23726583499249,71.162,1000.171,0.329,0
7842,23726584428087,23726584434678,6.591,935.429,0.355,0
7843,23726585428087,23726585499400,71.313,1064.722,0.413,0
7844,23726586428087,23726586500386,72.299,1000.986,0.325,0
7845,23726587428087,23726587497498,69.411,997.112,0.332,0
7846,23726588428087,23726588497871,69.784,1000.373,0.313,0
7847,23726589428087,23726589498057,69.970,1000.186,0.320,0
7848,23726590428087,23726590498635,70.548,1000.578,0.306,0
7849,23726591428087,23726591498242,70.155,999.607,0.308,0
7850,23726592428087,23726592498371,70.284,1000.129,0.343,0
7851,23726593428087,23726593498695,70.608,1000.324,0.313,0
7852,23726594428087,23726594434468,6.381,935.773,0.333,0
7853,23726595428087,23726595498874,70.787,1064.406,0.297,0
7854,23726596428087,23726596497416,69.329,998.542,0.317,0
7855,23726597428087,23726597498833,70.746,1001.417,0.317,0
7856,23726598428087,23726598497833,69.746,999.000,0.339,0
7857,23726599428087,23726599498376,70.289,1000.543,0.345,0
7858,23726600428087,23726600499088,71.001,1000.712,0.308,0
7859,23726601428087,23726601497642,69.555,998.554,0.330,0
7860,23726602428087,23726602497644,69.557,1000.002,0.313,0
7861,23726603428087,23726603499659,71.572,1002.015,0.328,0
7862,23726604428087,23726604434535,6.448,934.876,0.351,0
7863,23726605428087,23726605497972,69.885,1063.437,0.350,0
7864,23726606428087,23726606499708,71.621,1001.736,0.318,0
7865,23726607428087,23726607498502,70.415,998.794,0.319,0
7866,23726608428087,23726608498344,70.257,999.842,0.307,0
7867,23726609428087,23726609503073,74.986,1004.729,0.316,0
7868,23726610428087,23726610498164,70.077,995.091,0.317,0
7869,23726611428087,23726611497828,69.741,999.664,0.318,0
7870,23726612428087,23726612498151,70.064,1000.323,0.308,0
7871,23726613428087,23726613495910,67.823,997.759,0.314,0
7872,23726614428087,23726614434445,6.358,938.535,0.357,0
7873,23726615428087,23726615499186,71.099,1064.741,0.349,0
7874,23726616428087,23726616498725,70.638,999.539,0.310,0
7875,23726617428087,23726617497731,69.644,999.006,0.343,0
7876,23726618428087,23726618431597,3.510,933.866,0.138,0
7877,23726619428087,23726619497686,69.599,1066.089,0.353,0
7878,23726620428087,23726620494266,66.179,996.580,0.321,0
7879,23726621428087,23726621497778,69.691,1003.512,0.301,0
7880,23726622428087,23726622497411,69.324,999.633,0.314,0
7881,23726623428087,23726623497683,69.596,1000.272,0.327,0
7882,23726624428087,23726624434606,6.519,936.923,0.356,0
7883,23726625428087,23726625497006,68.919,1062.400,0.317,0
7884,23726626428087,23726626499722,71.635,1002.716,0.319,0
7885,23726627428087,23726627498070,69.983,998.348,0.327,0
7886,23726628428087,23726628497696,69.609,999.626,0.319,0
7887,23726629428087,23726629497216,69.129,999.520,0.328,0
7888,23726630428087,23726630498058,69.971,1000.842,0.314,0
7889,23726631428087,23726631497925,69.838,999.867,0.357,0
7890,23726632428087,23726632497457,69.370,999.532,0.296,0
7891,23726633428087,23726633499664,71.577,1002.207,0.320,0
7892,23726634428087,23726634434447,6.360,934.783,0.333,0
7893,23726635428087,23726635497306,69.219,1062.859,0.330,0
7894,23726636428087,23726636500496,72.409,1003.190,0.335,0
7895,23726637428087,23726637498422,70.335,997.926,0.350,0
7896,23726638428087,23726638497963,69.876,999.541,0.317,0
7897,23726639428087,23726639460528,32.441,962.565,0.336,0
7898,23726640428087,23726640488894,60.807,1028.366,0.719,0
7899,23726641428087,23726641477667,49.580,988.773,0.764,0
7900,23726642428087,23726642480545,52.458,1002.878,0.780,0
7901,23726643428087,23726643477973,49.886,997.428,0.803,0
7902,23726644428087,23726644434805,6.718,956.832,0.337,0
7903,23726645428087,23726645477972,49.885,1043.167,0.795,0
7904,23726646428087,23726646473039,44.952,995.067,0.725,0
7905,23726647428087,23726647472063,43.976,999.024,0.791,0
7906,23726648428087,23726648497721,69.634,1025.658,0.314,0
7907,23726649428087,23726649497886,69.799,1000.165,0.308,0
7908,23726650428087,23726650500295,72.208,1002.409,0.312,0
7909,23726651428087,23726651497905,69.818,997.610,0.311,0
7910,23726652428087,23726652496476,68.389,998.571,0.313,0
7911,23726653428087,23726653497576,69.489,1001.100,0.312,0
7912,23726654428087,23726654434386,6.299,936.810,0.369,0
7913,23726655428087,23726655497444,69.357,1063.058,0.312,0
7914,23726656428087,23726656496680,68.593,999.236,0.334,0
7915,23726657428087,23726657498311,70.224,1001.631,0.343,0
7916,23726658428087,23726658496888,68.801,998.577,0.311,0
7917,23726659428087,23726659497217,69.130,1000.329,0.321,0
7918,23726660428087,23726660498159,70.072,1000.942,0.324,0
7919,23726661428087,23726661498350,70.263,1000.191,0.328,0
7920,23726662428087,23726662497968,69.881,999.618,0.321,0
7921,23726663428087,23726663498268,70.181,1000.300,0.316,0
7922,23726664428087,23726664434476,6.389,936.208,0.353,0
7923,23726665428087,23726665497247,69.160,1062.771,0.345,0
7924,23726666428087,23726666498126,70.039,1000.879,0.350,0
7925,23726667428087,23726667497667,69.580,999.541,0.302,0
7926,23726668428087,23726668497278,69.191,999.611,0.320,0
7927,23726669428087,23726669496925,68.838,999.647,0.318,0
7928,23726670428087,23726670499001,70.914,1002.076,0.342,0
7929,23726671428087,23726671497920,69.833,998.919,0.323,0
7930,23726672428087,23726672497275,69.188,999.355,0.336,0
7931,23726673428087,23726673497483,69.396,1000.208,0.311,0
7932,23726674428087,23726674436450,8.363,938.967,0.325,0
7933,23726675428087,23726675498602,70.515,1062.152,0.312,0
7934,23726676428087,23726676498206,70.119,999.604,0.324,0
7935,23726677428087,23726677496122,68.035,997.916,0.330,0
7936,23726678428087,23726678499017,70.930,1002.895,0.316,0
7937,23726679428087,23726679498792,70.705,999.775,0.341,0
7938,23726680428087,23726680465835,37.748,967.043,0.331,0
7939,23726681428087,23726681498858,70.771,1033.023,0.312,0
7940,23726682428087,23726682497746,69.659,998.888,0.311,0
7941,23726683428087,23726683497091,69.004,999.345,0.333,0
7942,23726684428087,23726684434628,6.541,937.537,0.327,0
7943,23726685428087,23726685497191,69.104,1062.563,0.315,0
7944,23726686428087,23726686496613,68.526,999.422,0.348,0
7945,23726687428087,23726687497204,69.117,1000.591,0.334,0
7946,23726688428087,23726688496747,68.660,999.543,0.312,0
7947,23726689428087,23726689497058,68.971,1000.311,0.321,0
7948,23726690428087,23726690499052,70.965,1001.994,0.310,0
7949,23726691428087,23726691497111,69.024,998.059,0.347,0
7950,23726692428087,23726692497940,69.853,1000.829,0.346,0
7951,23726693428087,23726693495750,67.663,997.810,0.357,0
7952,23726694428087,23726694434574,6.487,938.824,0.313,0
7953,23726695428087,23726695496728,68.641,1062.154,0.317,0
7954,23726696428087,23726696497008,68.921,1000.280,0.349,0
7955,23726697428087,23726697496752,68.665,999.744,0.332,0
7956,23726698428087,23726698431797,3.710,935.045,0.158,0
7957,23726699428087,23726699501528,73.441,1069.731,0.320,0
7958,23726700428087,23726700499896,71.809,998.368,0.317,0
7959,23726701428087,23726701497184,69.097,997.288,0.310,0
7960,23726702428087,23726702497866,69.779,1000.682,0.323,0
7961,23726703428087,23726703496850,68.763,998.984,0.311,0
7962,23726704428087,23726704434605,6.518,937.755,0.328,0
7963,23726705428087,23726705497578,69.491,1062.973,0.304,0
7964,23726706428087,23726706499023,70.936,1001.445,0.334,0
7965,23726707428087,23726707497095,69.008,998.072,0.315,0
7966,23726708428087,23726708497256,69.169,1000.161,0.331,0
7967,23726709428087,23726709497713,69.626,1000.457,0.322,0
7968,23726710428087,23726710498301,70.214,1000.588,0.341,0
7969,23726711428087,23726711498517,70.430,1000.216,0.329,0
7970,23726712428087,23726712498501,70.414,999.984,0.299,0
7971,23726713428087,23726713473130,45.043,974.629,0.305,0
7972,23726714428087,23726714435193,7.106,962.063,0.342,0
7973,23726715428087,23726715498142,70.055,1062.949,0.308,0
7974,23726716428087,23726716497332,69.245,999.190,0.296,0
7975,23726717428087,23726717508979,80.892,1011.647,0.329,0
7976,23726718428087,23726718497720,69.633,988.741,0.300,0
7977,23726719428087,23726719497329,69.242,999.609,0.312,0
7978,23726720428087,23726720496881,68.794,999.552,0.323,0
7979,23726721428087,23726721496796,68.709,999.915,0.320,0
7980,23726722428087,23726722497904,69.817,1001.108,0.324,0
7981,23726723428087,23726723497342,69.255,999.438,0.313,0
7982,23726724428087,23726724434574,6.487,937.232,0.366,0
7983,23726725428087,23726725496787,68.700,1062.213,0.322,0
7984,23726726428087,23726726496675,68.588,999.888,0.306,0
7985,23726727428087,23726727498261,70.174,1001.586,0.343,0
7986,23726728428087,23726728496787,68.700,998.526,0.321,0
7987,23726729428087,23726729497144,69.057,1000.357,0.311,0
7988,23726730428087,23726730497396,69.309,1000.252,0.315,0
7989,23726731428087,23726731496664,68.577,999.268,0.305,0
7990,23726732428087,23726732497358,69.271,1000.694,0.352,0
7991,23726733428087,23726733496933,68.846,999.575,0.316,0
7992,23726734428087,23726734434485,6.398,937.552,0.347,0
7993,23726735428087,23726735478992,50.905,1044.507,0.320,0
7994,23726736428087,23726736498285,70.198,1019.293,0.310,0
7995,23726737428087,23726737498057,69.970,999.772,0.297,0
7996,23726738428087,23726738502541,74.454,1004.484,0.315,0
7997,23726739428087,23726739497694,69.607,995.153,0.305,0
7998,23726740428087,23726740498844,70.757,1001.150,0.322,0
7999,23726741428087,23726741494863,66.776,996.019,0.330,0
8000,23726742428087,23726742498160,70.073,1003.297,0.324,0
8001,23726743428087,23726743496957,68.870,998.797,0.295,0
8002,23726744428087,23726744434914,6.827,937.957,0.321,0
8003,23726745428087,23726745501816,73.729,1066.902,0.300,0
8004,23726746428087,23726746497213,69.126,995.397,0.321,0
8005,23726747428087,23726747501733,73.646,1004.520,0.337,0
8006,23726748428087,23726748499310,71.223,997.577,0.306,0
8007,23726749428087,23726749497055,68.968,997.745,0.349,0
8008,23726750428087,23726750496752,68.665,999.697,0.317,0
8009,23726751428087,23726751496712,68.625,999.960,0.317,0
8010,23726752428087,23726752496773,68.686,1000.061,0.328,0
8011,23726753428087,23726753498136,70.049,1001.363,0.313,0
8012,23726754428087,23726754434503,6.416,936.367,0.327,0
8013,23726755428087,23726755501240,73.153,1066.737,0.348,0
8014,23726756428087,23726756497116,69.029,995.876,0.313,0
8015,23726757428087,23726757494857,66.770,997.741,0.317,0
8016,23726758428087,23726758497981,69.894,1003.124,0.317,0
8017,23726759428087,23726759497468,69.381,999.487,0.346,0
8018,23726760428087,23726760497570,69.483,1000.102,0.333,0
8019,23726761428087,23726761497218,69.131,999.648,0.322,0
8020,23726762428087,23726762498637,70.550,1001.419,0.310,0
8021,23726763428087,23726763500973,72.886,1002.336,0.314,0
8022,23726764428087,23726764433571,5.484,932.598,0.370,0
8023,23726765428087,23726765497093,69.006,1063.522,0.321,0
8024,23726766428087,23726766498526,70.439,1001.433,0.351,0
8025,23726767428087,23726767497933,69.846,999.407,0.308,0
8026,23726768428087,23726768497264,69.177,999.331,0.320,0
8027,23726769428087,23726769497943,69.856,1000.679,0.312,0
8028,23726770428087,23726770499100,71.013,1001.157,0.310,0
8029,23726771428087,23726771501038,72.951,1001.938,0.318,0
8030,23726772428087,23726772497306,69.219,996.268,0.310,0
8031,23726773428087,23726773497855,69.768,1000.549,0.353,0
8032,23726774428087,23726774434536,6.449,936.681,0.345,0
8033,23726775428087,23726775500588,72.501,1066.052,0.318,0
8034,23726776428087,23726776505412,77.325,1004.824,0.314,0
8035,23726777428087,23726777496666,68.579,991.254,0.358,0
8036,23726778428087,23726778501918,73.831,1005.252,0.304,0
8037,23726779428087,23726779497897,69.810,995.979,0.332,0
8038,23726780428087,23726780497623,69.536,999.726,0.318,0
8039,23726781428087,23726781497080,68.993,999.457,0.325,0
8040,23726782428087,23726782497326,69.239,1000.246,0.340,0
8041,23726783428087,23726783497271,69.184,999.945,0.349,0
8042,23726784428087,23726784433685,5.598,936.414,0.380,0
8043,23726785428087,23726785497859,69.772,1064.174,0.324,0
8044,23726786428087,23726786496868,68.781,999.009,0.329,0
8045,23726787428087,23726787498143,70.056,1001.275,0.342,0
8046,23726788428087,23726788490021,61.934,991.878,0.344,0
8047,23726789428087,23726789466184,38.097,976.163,0.325,0
8048,23726790428087,23726790477717,49.630,1011.533,0.725,0
8049,23726791428087,23726791471909,43.822,994.192,0.738,0
8050,23726792428087,23726792471658,43.571,999.749,0.748,0
8051,23726793428087,23726793471845,43.758,1000.187,0.763,0
8052,23726794428087,23726794434768,6.681,962.923,0.350,0
8053,23726795428087,23726795472445,44.358,1037.677,0.820,0
8054,23726796428087,23726796471422,43.335,998.977,0.745,0
8055,23726797428087,23726797471843,43.756,1000.421,0.802,0
8056,23726798428087,23726798495934,67.847,1024.091,0.335,0
8057,23726799428087,23726799498152,70.065,1002.218,0.334,0
8058,23726800428087,23726800497678,69.591,999.526,0.353,0
8059,23726801428087,23726801498419,70.332,1000.741,0.305,0
8060,23726802428087,23726802500197,72.110,1001.778,0.320,0
8061,23726803428087,23726803487485,59.398,987.288,0.327,0
8062,23726804428087,23726804434635,6.548,947.150,0.360,0
8063,23726805428087,23726805494772,66.685,1060.137,0.351,0
8064,23726806428087,23726806498674,70.587,1003.902,0.305,0
8065,23726807428087,23726807498678,70.591,1000.004,0.318,0
8066,23726808428087,23726808502496,74.409,1003.818,0.324,0
8067,23726809428087,23726809496647,68.560,994.151,0.319,0
8068,23726810428087,23726810497387,69.300,1000.740,0.321,0
8069,23726811428087,23726811500357,72.270,1002.970,0.321,0
8070,23726812428087,23726812503388,75.301,1003.031,0.362,0
8071,23726813428087,23726813497835,69.748,994.447,0.303,0
8072,23726814428087,23726814434451,6.364,936.616,0.336,0
8073,23726815428087,23726815498179,70.092,1063.728,0.306,0
8074,23726816428087,23726816497559,69.472,999.380,0.305,0
8075,23726817428087,23726817498814,70.727,1001.255,0.334,0
8076,23726818428087,23726818498931,70.844,1000.117,0.355,0
8077,23726819428087,23726819500449,72.362,1001.518,0.329,0
8078,23726820428087,23726820498997,70.910,998.548,0.354,0
8079,23726821428087,23726821494699,66.612,995.702,0.327,0
8080,23726822428087,23726822498307,70.220,1003.608,0.315,0
8081,23726823428087,23726823498383,70.296,1000.076,0.309,0
8082,23726824428087,23726824434547,6.460,936.164,0.350,0
8083,23726825428087,23726825497517,69.430,1062.970,0.339,0
8084,23726826428087,23726826497674,69.587,1000.157,0.325,0
8085,23726827428087,23726827500160,72.073,1002.486,0.305,0
8086,23726828428087,23726828498092,70.005,997.932,0.306,0
8087,23726829428087,23726829497161,69.074,999.069,0.319,0
8088,23726830428087,23726830498936,70.849,1001.775,0.321,0
8089,23726831428087,23726831498184,70.097,999.248,0.316,0
8090,23726832428087,23726832465800,37.713,967.616,0.316,0
8091,23726833428087,23726833497810,69.723,1032.010,0.316,0
8092,23726834428087,23726834434471,6.384,936.661,0.327,0
8093,23726835428087,23726835509445,81.358,1074.974,0.339,0
8094,23726836428087,23726836497668,69.581,988.223,0.318,0
8095,23726837428087,23726837498200,70.113,1000.532,0.328,0
8096,23726838428087,23726838505179,77.092,1006.979,0.315,0
8097,23726839428087,23726839498547,70.460,993.368,0.324,0
8098,23726840428087,23726840461251,33.164,962.704,0.330,0
8099,23726841428087,23726841496759,68.672,1035.508,0.312,0
8100,23726842428087,23726842510469,82.382,1013.710,0.307,0
8101,23726843428087,23726843497841,69.754,987.372,0.328,0
8102,23726844428087,23726844434950,6.863,937.109,0.355,0
8103,23726845428087,23726845496412,68.325,1061.462,0.310,0
8104,23726846428087,23726846496819,68.732,1000.407,0.356,0
8105,23726847428087,23726847497799,69.712,1000.980,0.328,0
8106,23726848428087,23726848498223,70.136,1000.424,0.339,0
8107,23726849428087,23726849506130,78.043,1007.907,0.312,0
8108,23726850428087,23726850497924,69.837,991.794,0.306,0
8109,23726851428087,23726851496601,68.514,998.677,0.350,0
8110,23726852428087,23726852498264,70.177,1001.663,0.317,0
8111,23726853428087,23726853496852,68.765,998.588,0.321,0
8112,23726854428087,23726854434414,6.327,937.562,0.358,0
8113,23726855428087,23726855496765,68.678,1062.351,0.332,0
8114,23726856428087,23726856498753,70.666,1001.988,0.310,0
8115,23726857428087,23726857497581,69.494,998.828,0.304,0
8116,23726858428087,23726858496522,68.435,998.941,0.316,0
8117,23726859428087,23726859497472,69.385,1000.950,0.333,0
8118,23726860428087,23726860496763,68.676,999.291,0.354,0
8119,23726861428087,23726861498553,70.466,1001.790,0.320,0
8120,23726862428087,23726862495412,67.325,996.859,0.329,0
8121,23726863428087,23726863498561,70.474,1003.149,0.338,0
8122,23726864428087,23726864434481,6.394,935.920,0.353,0
8123,23726865428087,23726865496776,68.689,1062.295,0.354,0
8124,23726866428087,23726866498081,69.994,1001.305,0.335,0
8125,23726867428087,23726867496908,68.821,998.827,0.356,0
8126,23726868428087,23726868497483,69.396,1000.575,0.324,0
8127,23726869428087,23726869500557,72.470,1003.074,0.325,0
8128,23726870428087,23726870497333,69.246,996.776,0.308,0
8129,23726871428087,23726871498991,70.904,1001.658,0.321,0
8130,23726872428087,23726872497568,69.481,998.577,0.333,0
8131,23726873428087,23726873497453,69.366,999.885,0.324,0
8132,23726874428087,23726874434461,6.374,937.008,0.317,0
8133,23726875428087,23726875500315,72.228,1065.854,0.351,0
8134,23726876428087,23726876497854,69.767,997.539,0.309,0
8135,23726877428087,23726877496586,68.499,998.732,0.330,0
8136,23726878428087,23726878496384,68.297,999.798,0.323,0
8137,23726879428087,23726879497405,69.318,1001.021,0.322,0
8138,23726880428087,23726880498027,69.940,1000.622,0.338,0
8139,23726881428087,23726881498206,70.119,1000.179,0.322,0
8140,23726882428087,23726882497832,69.745,999.626,0.308,0
8141,23726883428087,23726883500021,71.934,1002.189,0.306,0
8142,23726884428087,23726884434662,6.575,934.641,0.354,0
8143,23726885428087,23726885499863,71.776,1065.201,0.306,0
8144,23726886428087,23726886497274,69.187,997.411,0.351,0
8145,23726887428087,23726887497813,69.726,1000.539,0.302,0
8146,23726888428087,23726888498402,70.315,1000.589,0.335,0
8147,23726889428087,23726889498376,70.289,999.974,0.350,0
8148,23726890428087,23726890498314,70.227,999.938,0.313,0
8149,23726891428087,23726891501291,73.204,1002.977,0.360,0
8150,23726892428087,23726892502390,74.303,1001.099,0.348,0
8151,23726893428087,23726893499335,71.248,996.945,0.307,0
8152,23726894428087,23726894434483,6.396,935.148,0.320,0
8153,23726895428087,23726895497924,69.837,1063.441,0.313,0
8154,23726896428087,23726896499759,71.672,1001.835,0.316,0
8155,23726897428087,23726897498310,70.223,998.551,0.310,0
8156,23726898428087,23726898499756,71.669,1001.446,0.339,0
8157,23726899428087,23726899499650,71.563,999.894,0.321,0
8158,23726900428087,23726900497472,69.385,997.822,0.348,0
8159,23726901428087,23726901499337,71.250,1001.865,0.336,0
8160,23726902428087,23726902497656,69.569,998.319,0.330,0
8161,23726903428087,23726903498195,70.108,1000.539,0.347,0
8162,23726904428087,23726904434066,5.979,935.871,0.348,0
8163,23726905428087,23726905465789,37.702,1031.723,0.329,0
8164,23726906428087,23726906465028,36.941,999.239,0.330,0
8165,23726907428087,23726907466676,38.589,1001.648,0.330,0
8166,23726908428087,23726908465059,36.972,998.383,0.322,0
8167,23726909428087,23726909466871,38.784,1001.812,0.354,0
8168,23726910428087,23726910465386,37.299,998.515,0.328,0
8169,23726911428087,23726911467662,39.575,1002.276,0.345,0
8170,23726912428087,23726912465256,37.169,997.594,0.323,0
8171,23726913428087,23726913466683,38.596,1001.427,0.316,0
8172,23726914428087,23726914498789,70.702,1032.106,0.333,0
8173,23726915428087,23726915498101,70.014,999.312,0.311,0
8174,23726916428087,23726916498354,70.267,1000.253,0.333,0
8175,23726917428087,23726917497517,69.430,999.163,0.317,0
8176,23726918428087,23726918498440,70.353,1000.923,0.318,0
8177,23726919428087,23726919499278,71.191,1000.838,0.349,0
8178,23726920428087,23726920498386,70.299,999.108,0.305,0
8179,23726921428087,23726921497629,69.542,999.243,0.324,0
8180,23726922428087,23726922498712,70.625,1001.083,0.324,0
8181,23726923428087,23726923434888,6.801,936.176,0.327,0
8182,23726924428087,23726924434602,6.515,999.714,0.329,0
8183,23726925428087,23726925497288,69.201,1062.686,0.320,0
8184,23726926428087,23726926496233,68.146,998.945,0.304,0
8185,23726927428087,23726927498737,70.650,1002.504,0.330,0
8186,23726928428087,23726928497433,69.346,998.696,0.322,0
8187,23726929428087,23726929497777,69.690,1000.344,0.357,0
8188,23726930428087,23726930498557,70.470,1000.780,0.319,0
8189,23726931428087,23726931498747,70.660,1000.190,0.339,0
8190,23726932428087,23726932497609,69.522,998.862,0.322,0
8191,23726933428087,23726933499785,71.698,1002.176,0.339,0
8192,23726934428087,23726934498361,70.274,998.576,0.330,0
8193,23726935428087,23726935497690,69.603,999.329,0.323,0
8194,23726936428087,23726936497757,69.670,1000.067,0.332,0
8195,23726937428087,23726937501249,73.162,1003.492,0.314,0
8196,23726938428087,23726938498747,70.660,997.498,0.359,0
8197,23726939428087,23726939499716,71.629,1000.969,0.307,0
8198,23726940428087,23726940502070,73.983,1002.354,0.320,0
8199,23726941428087,23726941497845,69.758,995.775,0.322,0
8200,23726942428087,23726942495960,67.873,998.115,0.311,0
8201,23726943428087,23726943499281,71.194,1003.321,0.349,0
8202,23726944428087,23726944434637,6.550,935.356,0.316,0
8203,23726945428087,23726945505526,77.439,1070.889,0.306,0
8204,23726946428087,23726946498677,70.590,993.151,0.322,0
8205,23726947428087,23726947498992,70.905,1000.315,0.318,0
8206,23726948428087,23726948498265,70.178,999.273,0.326,0
8207,23726949428087,23726949499631,71.544,1001.366,0.323,0
8208,23726950428087,23726950499379,71.292,999.748,0.330,0
8209,23726951428087,23726951499429,71.342,1000.050,0.319,0
8210,23726952428087,23726952510107,82.020,1010.678,0.335,0
8211,23726953428087,23726953498949,70.862,988.842,0.326,0
8212,23726954428087,23726954499557,71.470,1000.608,0.317,0
8213,23726955428087,23726955500196,72.109,1000.639,0.317,0
8214,23726956428087,23726956501631,73.544,1001.435,0.319,0
8215,23726957428087,23726957498842,70.755,997.211,0.316,0
8216,23726958428087,23726958499046,70.959,1000.204,0.317,0
8217,23726959428087,23726959499030,70.943,999.984,0.330,0
8218,23726960428087,23726960499069,70.982,1000.039,0.311,0
8219,23726961428087,23726961499931,71.844,1000.862,0.312,0
8220,23726962428087,23726962498480,70.393,998.549,0.334,0
8221,23726963428087,23726963499516,71.429,1001.036,0.320,0
8222,23726964428087,23726964500370,72.283,1000.854,0.341,0
8223,23726965428087,23726965498485,70.398,998.115,0.327,0
8224,23726966428087,23726966499092,71.005,1000.607,0.308,0
8225,23726967428087,23726967498108,70.021,999.016,0.329,0
8226,23726968428087,23726968498726,70.639,1000.618,0.318,0
8227,23726969428087,23726969499320,71.233,1000.594,0.352,0
8228,23726970428087,23726970499124,71.037,999.804,0.339,0
8229,23726971428087,23726971497723,69.636,998.599,0.307,0
8230,23726972428087,23726972498807,70.720,1001.084,0.306,0
8231,23726973428087,23726973499612,71.525,1000.805,0.320,0
8232,23726974428087,23726974497615,69.528,998.003,0.305,0
8233,23726975428087,23726975500353,72.266,1002.738,0.314,0
8234,23726976428087,23726976499331,71.244,998.978,0.322,0
8235,23726977428087,23726977499457,71.370,1000.126,0.315,0
8236,23726978428087,23726978498882,70.795,999.425,0.319,0
8237,23726979428087,23726979499399,71.312,1000.517,0.330,0
8238,23726980428087,23726980498399,70.312,999.000,0.334,0
8239,23726981428087,23726981499088,71.001,1000.689,0.339,0
8240,23726982428087,23726982498366,70.279,999.278,0.305,0
8241,23726983428087,23726983493202,65.115,994.836,0.324,0
8242,23726984428087,23726984433031,4.944,939.829,0.234,0
8243,23726985428087,23726985497697,69.610,1064.666,0.329,0
8244,23726986428087,23726986498000,69.913,1000.303,0.325,0
8245,23726987428087,23726987497470,69.383,999.470,0.344,0
8246,23726988428087,23726988497699,69.612,1000.229,0.325,0
8247,23726989428087,23726989499511,71.424,1001.812,0.316,0
8248,23726990428087,23726990503444,75.357,1003.933,0.326,0
8249,23726991428087,23726991499767,71.680,996.323,0.329,0
8250,23726992428087,23726992497929,69.842,998.162,0.340,0
8251,23726993428087,23726993498056,69.969,1000.127,0.320,0
8252,23726994428087,23726994434443,6.356,936.387,0.301,0
8253,23726995428087,23726995498313,70.226,1063.870,0.353,0
8254,23726996428087,23726996502455,74.368,1004.142,0.336,0
8255,23726997428087,23726997499094,71.007,996.639,0.309,0
8256,23726998428087,23726998498936,70.849,999.842,0.328,0
8257,23726999428087,23726999497545,69.458,998.609,0.351,0
8258,23727000428087,23727000498395,70.308,1000.850,0.287,0
8259,23727001428087,23727001498364,70.277,999.969,0.339,0
8260,23727002428087,23727002497529,69.442,999.165,0.322,0
8261,23727003428087,23727003499970,71.883,1002.441,0.339,0
8262,23727004428087,23727004434437,6.350,934.467,0.316,0
8263,23727005428087,23727005499265,71.178,1064.828,0.316,0
8264,23727006428087,23727006495053,66.966,995.788,0.320,0
8265,23727007428087,23727007497402,69.315,1002.349,0.326,0
8266,23727008428087,23727008498246,70.159,1000.844,0.306,0
8267,23727009428087,23727009498667,70.580,1000.421,0.325,0
8268,23727010428087,23727010498350,70.263,999.683,0.324,0
8269,23727011428087,23727011498517,70.430,1000.167,0.310,0
8270,23727012428087,23727012502540,74.453,1004.023,0.341,0
8271,23727013428087,23727013499021,70.934,996.481,0.337,0
8272,23727014428087,23727014484251,56.164,985.230,0.305,0
8273,23727015428087,23727015497947,69.860,1013.696,0.336,0
8274,23727016428087,23727016499186,71.099,1001.239,0.310,0
8275,23727017428087,23727017498823,70.736,999.637,0.320,0
8276,23727018428087,23727018498144,70.057,999.321,0.324,0
8277,23727019428087,23727019498574,70.487,1000.430,0.319,0
8278,23727020428087,23727020500792,72.705,1002.218,0.318,0
8279,23727021428087,23727021497775,69.688,996.983,0.303,0
8280,23727022428087,23727022497365,69.278,999.590,0.320,0
8281,23727023428087,23727023498297,70.210,1000.932,0.339,0
8282,23727024428087,23727024495841,67.754,997.544,0.303,0
8283,23727025428087,23727025498669,70.582,1002.828,0.351,0
8284,23727026428087,23727026498881,70.794,1000.212,0.321,0
8285,23727027428087,23727027499638,71.551,1000.757,0.327,0
8286,23727028428087,23727028497742,69.655,998.104,0.357,0
8287,23727029428087,23727029498171,70.084,1000.429,0.337,0
8288,23727030428087,23727030497524,69.437,999.353,0.335,0
8289,23727031428087,23727031497461,69.374,999.937,0.329,0
8290,23727032428087,23727032497773,69.686,1000.312,0.344,0
8291,23727033428087,23727033497875,69.788,1000.102,0.312,0
8292,23727034428087,23727034497862,69.775,999.987,0.307,0
8293,23727035428087,23727035498651,70.564,1000.789,0.332,0
8294,23727036428087,23727036498269,70.182,999.618,0.307,0
8295,23727037428087,23727037498390,70.303,1000.121,0.315,0
8296,23727038428087,23727038499257,71.170,1000.867,0.349,0
8297,23727039428087,23727039504361,76.274,1005.104,0.315,0
8298,23727040428087,23727040498019,69.932,993.658,0.319,0
8299,23727041428087,23727041499905,71.818,1001.886,0.309,0
8300,23727042428087,23727042497950,69.863,998.045,0.324,0
8301,23727043428087,23727043497841,69.754,999.891,0.329,0
8302,23727044428087,23727044434392,6.305,936.551,0.329,0
8303,23727045428087,23727045497624,69.537,1063.232,0.309,0
8304,23727046428087,23727046498303,70.216,1000.679,0.307,0
8305,23727047428087,23727047435518,7.431,937.215,0.373,0
8306,23727048428087,23727048498728,70.641,1063.210,0.324,0
8307,23727049428087,23727049498279,70.192,999.551,0.344,0
8308,23727050428087,23727050499744,71.657,1001.465,0.346,0
8309,23727051428087,23727051497675,69.588,997.931,0.322,0
8310,23727052428087,23727052498240,70.153,1000.565,0.333,0
8311,23727053428087,23727053498851,70.764,1000.611,0.316,0
8312,23727054428087,23727054500957,72.870,1002.106,0.325,0
8313,23727055428087,23727055497529,69.442,996.572,0.325,0
8314,23727056428087,23727056497744,69.657,1000.215,0.313,0
8315,23727057428087,23727057498713,70.626,1000.969,0.326,0
8316,23727058428087,23727058498161,70.074,999.448,0.298,0
8317,23727059428087,23727059498173,70.086,1000.012,0.303,0
8318,23727060428087,23727060501842,73.755,1003.669,0.333,0
8319,23727061428087,23727061498189,70.102,996.347,0.309,0
8320,23727062428087,23727062497662,69.575,999.473,0.313,0
8321,23727063428087,23727063495850,67.763,998.188,0.346,0
8322,23727064428087,23727064501274,73.187,1005.424,0.321,0
8323,23727065428087,23727065497760,69.673,996.486,0.314,0
8324,23727066428087,23727066497206,69.119,999.446,0.302,0
8325,23727067428087,23727067498857,70.770,1001.651,0.343,0
8326,23727068428087,23727068500247,72.160,1001.390,0.317,0
8327,23727069428087,23727069499428,71.341,999.181,0.326,0
8328,23727070428087,23727070500832,72.745,1001.404,0.311,0
8329,23727071428087,23727071499181,71.094,998.349,0.303,0
8330,23727072428087,23727072498449,70.362,999.268,0.309,0
8331,23727073428087,23727073501173,73.086,1002.724,0.325,0
8332,23727074428087,23727074497734,69.647,996.561,0.301,0
8333,23727075428087,23727075498191,70.104,1000.457,0.297,0
8334,23727076428087,23727076501523,73.436,1003.332,0.318,0
8335,23727077428087,23727077465550,37.463,964.027,0.321,0
8336,23727078428087,23727078466174,38.087,1000.624,0.332,0
8337,23727079428087,23727079465860,37.773,999.686,0.318,0
8338,23727080428087,23727080469100,41.013,1003.240,0.350,0
8339,23727081428087,23727081478213,50.126,1009.113,0.803,0
8340,23727082428087,23727082472473,44.386,994.260,0.815,0
8341,23727083428087,23727083477921,49.834,1005.448,0.774,0
8342,23727084428087,23727084435016,6.929,957.095,0.361,0
8343,23727085428087,23727085478410,50.323,1043.394,0.768,0
8344,23727086428087,23727086477787,49.700,999.377,0.717,0
8345,23727087428087,23727087472534,44.447,994.747,0.774,0
8346,23727088428087,23727088498889,70.802,1026.355,0.316,0
8347,23727089428087,23727089499128,71.041,1000.239,0.304,0
8348,23727090428087,23727090498873,70.786,999.745,0.329,0
8349,23727091428087,23727091433415,5.328,934.542,0.367,0
8350,23727092428087,23727092503693,75.606,1070.278,0.325,0
8351,23727093428087,23727093498275,70.188,994.582,0.351,0
8352,23727094428087,23727094434482,6.395,936.207,0.331,0
8353,23727095428087,23727095467146,39.059,1032.664,0.359,0
8354,23727096428087,23727096499550,71.463,1032.404,0.319,0
8355,23727097428087,23727097498131,70.044,998.581,0.302,0
8356,23727098428087,23727098498140,70.053,1000.009,0.314,0
8357,23727099428087,23727099498021,69.934,999.881,0.318,0
8358,23727100428087,23727100498385,70.298,1000.364,0.316,0
8359,23727101428087,23727101498646,70.559,1000.261,0.313,0
8360,23727102428087,23727102497919,69.832,999.273,0.297,0
8361,23727103428087,23727103468249,40.162,970.330,0.321,0
8362,23727104428087,23727104465402,37.315,997.153,0.379,0
8363,23727105428087,23727105497351,69.264,1031.949,0.325,0
8364,23727106428087,23727106498980,70.893,1001.629,0.302,0
8365,23727107428087,23727107497506,69.419,998.526,0.310,0
8366,23727108428087,23727108499561,71.474,1002.055,0.300,0
8367,23727109428087,23727109498509,70.422,998.948,0.324,0
8368,23727110428087,23727110499307,71.220,1000.798,0.349,0
8369,23727111428087,23727111496794,68.707,997.487,0.349,0
8370,23727112428087,23727112497466,69.379,1000.672,0.353,0
8371,23727113428087,23727113469328,41.241,971.862,0.369,0
8372,23727114428087,23727114434404,6.317,965.076,0.336,0
8373,23727115428087,23727115460875,32.788,1026.471,0.347,0
8374,23727116428087,23727116498597,70.510,1037.722,0.341,0
8375,23727117428087,23727117499133,71.046,1000.536,0.333,0
8376,23727118428087,23727118500084,71.997,1000.951,0.312,0
8377,23727119428087,23727119499390,71.303,999.306,0.327,0
8378,23727120428087,23727120499105,71.018,999.715,0.347,0
8379,23727121428087,23727121498684,70.597,999.579,0.347,0
8380,23727122428087,23727122499257,71.170,1000.573,0.304,0
8381,23727123428087,23727123499292,71.205,1000.035,0.336,0
8382,23727124428087,23727124500677,72.590,1001.385,0.318,0
8383,23727125428087,23727125502313,74.226,1001.636,0.345,0
8384,23727126428087,23727126497755,69.668,995.442,0.319,0
8385,23727127428087,23727127496768,68.681,999.013,0.301,0
8386,23727128428087,23727128466298,38.211,969.530,0.315,0
8387,23727129428087,23727129498130,70.043,1031.832,0.327,0
8388,23727130428087,23727130498042,69.955,999.912,0.296,0
8389,23727131428087,23727131498618,70.531,1000.576,0.351,0
8390,23727132428087,23727132499585,71.498,1000.967,0.321,0
8391,23727133428087,23727133498720,70.633,999.135,0.317,0
8392,23727134428087,23727134504960,76.873,1006.240,0.334,0
8393,23727135428087,23727135498342,70.255,993.382,0.310,0
8394,23727136428087,23727136499529,71.442,1001.187,0.342,0
8395,23727137428087,23727137497707,69.620,998.178,0.318,0
8396,23727138428087,23727138498897,70.810,1001.190,0.317,0
8397,23727139428087,23727139498915,70.828,1000.018,0.331,0
8398,23727140428087,23727140501015,72.928,1002.100,0.297,0
8399,23727141428087,23727141433600,5.513,932.585,0.315,0
8400,23727142428087,23727142499153,71.066,1065.553,0.316,0
8401,23727143428087,23727143498959,70.872,999.806,0.319,0
8402,23727144428087,23727144434665,6.578,935.706,0.325,0
8403,23727145428087,23727145497372,69.285,1062.707,0.314,0
8404,23727146428087,23727146497374,69.287,1000.002,0.321,0
8405,23727147428087,23727147502571,74.484,1005.197,0.311,0
8406,23727148428087,23727148499251,71.164,996.680,0.315,0
8407,23727149428087,23727149498820,70.733,999.569,0.315,0
8408,23727150428087,23727150498419,70.332,999.599,0.319,0
8409,23727151428087,23727151498386,70.299,999.967,0.319,0
8410,23727152428087,23727152499524,71.437,1001.138,0.309,0
8411,23727153428087,23727153498121,70.034,998.597,0.311,0
8412,23727154428087,23727154434488,6.401,936.367,0.323,0
8413,23727155428087,23727155498973,70.886,1064.485,0.313,0
8414,23727156428087,23727156499466,71.379,1000.493,0.317,0
8415,23727157428087,23727157499707,71.620,1000.241,0.303,0
8416,23727158428087,23727158497688,69.601,997.981,0.318,0
8417,23727159428087,23727159499238,71.151,1001.550,0.357,0
8418,23727160428087,23727160504259,76.172,1005.021,0.304,0
8419,23727161428087,23727161498084,69.997,993.825,0.309,0
8420,23727162428087,23727162498267,70.180,1000.183,0.309,0
8421,23727163428087,23727163498433,70.346,1000.166,0.316,0
8422,23727164428087,23727164434574,6.487,936.141,0.319,0
8423,23727165428087,23727165498555,70.468,1063.981,0.353,0
8424,23727166428087,23727166498861,70.774,1000.306,0.330,0
8425,23727167428087,23727167498438,70.351,999.577,0.310,0
8426,23727168428087,23727168504735,76.648,1006.297,0.301,0
8427,23727169428087,23727169500004,71.917,995.269,0.307,0
8428,23727170428087,23727170498205,70.118,998.201,0.309,0
8429,23727171428087,23727171498360,70.273,1000.155,0.316,0
8430,23727172428087,23727172498149,70.062,999.789,0.316,0
8431,23727173428087,23727173499646,71.559,1001.497,0.347,0
8432,23727174428087,23727174501616,73.529,1001.970,0.312,0
8433,23727175428087,23727175501975,73.888,1000.359,0.314,0
8434,23727176428087,23727176499490,71.403,997.515,0.329,0
8435,23727177428087,23727177498618,70.531,999.128,0.348,0
8436,23727178428087,23727178498167,70.080,999.549,0.321,0
8437,23727179428087,23727179497741,69.654,999.574,0.350,0
8438,23727180428087,23727180499177,71.090,1001.436,0.324,0
8439,23727181428087,23727181503375,75.288,1004.198,0.349,0
8440,23727182428087,23727182499615,71.528,996.240,0.323,0
8441,23727183428087,23727183499814,71.727,1000.199,0.354,0
8442,23727184428087,23727184434603,6.516,934.789,0.334,0
8443,23727185428087,23727185499026,70.939,1064.423,0.331,0
8444,23727186428087,23727186498626,70.539,999.600,0.349,0
8445,23727187428087,23727187498282,70.195,999.656,0.331,0
8446,23727188428087,23727188431762,3.675,933.480,0.199,0
8447,23727189428087,23727189501565,73.478,1069.803,0.305,0
8448,23727190428087,23727190501923,73.836,1000.358,0.317,0
8449,23727191428087,23727191487232,59.145,985.309,0.328,0
8450,23727192428087,23727192497110,69.023,1009.878,0.357,0
8451,23727193428087,23727193496605,68.518,999.495,0.310,0
8452,23727194428087,23727194434415,6.328,937.810,0.358,0
8453,23727195428087,23727195499577,71.490,1065.162,0.304,0
8454,23727196428087,23727196498699,70.612,999.122,0.327,0
8455,23727197428087,23727197497145,69.058,998.446,0.334,0
8456,23727198428087,23727198499292,71.205,1002.147,0.313,0
8457,23727199428087,23727199498674,70.587,999.382,0.310,0
8458,23727200428087,23727200502979,74.892,1004.305,0.311,0
8459,23727201428087,23727201497755,69.668,994.776,0.350,0
8460,23727202428087,23727202498183,70.096,1000.428,0.319,0
8461,23727203428087,23727203497925,69.838,999.742,0.304,0
8462,23727204428087,23727204434429,6.342,936.504,0.339,0
8463,23727205428087,23727205502185,74.098,1067.756,0.315,0
8464,23727206428087,23727206502579,74.492,1000.394,0.295,0
8465,23727207428087,23727207498312,70.225,995.733,0.312,0
8466,23727208428087,23727208496851,68.764,998.539,0.342,0
8467,23727209428087,23727209496678,68.591,999.827,0.326,0
8468,23727210428087,23727210497204,69.117,1000.526,0.323,0
8469,23727211428087,23727211497368,69.281,1000.164,0.307,0
8470,23727212428087,23727212498568,70.481,1001.200,0.309,0
8471,23727213428087,23727213498700,70.613,1000.132,0.311,0
8472,23727214428087,23727214434876,6.789,936.176,0.343,0
8473,23727215428087,23727215498828,70.741,1063.952,0.304,0
8474,23727216428087,23727216497503,69.416,998.675,0.326,0
8475,23727217428087,23727217503241,75.154,1005.738,0.316,0
8476,23727218428087,23727218497379,69.292,994.138,0.349,0
8477,23727219428087,23727219500887,72.800,1003.508,0.313,0
8478,23727220428087,23727220498818,70.731,997.931,0.335,0
8479,23727221428087,23727221498722,70.635,999.904,0.300,0
8480,23727222428087,23727222497341,69.254,998.619,0.320,0
8481,23727223428087,23727223497919,69.832,1000.578,0.323,0
8482,23727224428087,23727224434505,6.418,936.586,0.343,0
8483,23727225428087,23727225497673,69.586,1063.168,0.325,0
8484,23727226428087,23727226497622,69.535,999.949,0.342,0
8485,23727227428087,23727227498225,70.138,1000.603,0.308,0
8486,23727228428087,23727228497850,69.763,999.625,0.318,0
8487,23727229428087,23727229497882,69.795,1000.032,0.314,0
8488,23727230428087,23727230497985,69.898,1000.103,0.332,0
8489,23727231428087,23727231498829,70.742,1000.844,0.348,0
8490,23727232428087,23727232496352,68.265,997.523,0.336,0
8491,23727233428087,23727233498237,70.150,1001.885,0.331,0
8492,23727234428087,23727234434566,6.479,936.329,0.347,0
8493,23727235428087,23727235497297,69.210,1062.731,0.321,0
8494,23727236428087,23727236490839,62.752,993.542,0.315,0
8495,23727237428087,23727237498144,70.057,1007.305,0.308,0
8496,23727238428087,23727238499181,71.094,1001.037,0.325,0
8497,23727239428087,23727239500976,72.889,1001.795,0.337,0
8498,23727240428087,23727240461283,33.196,960.307,0.309,0
8499,23727241428087,23727241498090,70.003,1036.807,0.332,0
8500,23727242428087,23727242497571,69.484,999.481,0.316,0
8501,23727243428087,23727243498593,70.506,1001.022,0.323,0
8502,23727244428087,23727244435127,7.040,936.534,0.331,0
8503,23727245428087,23727245501436,73.349,1066.309,0.359,0
8504,23727246428087,23727246498540,70.453,997.104,0.352,0
8505,23727247428087,23727247498103,70.016,999.563,0.330,0
8506,23727248428087,23727248497505,69.418,999.402,0.326,0
8507,23727249428087,23727249497676,69.589,1000.171,0.315,0
8508,23727250428087,23727250497663,69.576,999.987,0.346,0
8509,23727251428087,23727251509374,81.287,1011.711,0.306,0
8510,23727252428087,23727252497716,69.629,988.342,0.312,0
8511,23727253428087,23727253505843,77.756,1008.127,0.350,0
8512,23727254428087,23727254434418,6.331,928.575,0.355,0
8513,23727255428087,23727255501106,73.019,1066.688,0.309,0
8514,23727256428087,23727256497737,69.650,996.631,0.318,0
8515,23727257428087,23727257496992,68.905,999.255,0.336,0
8516,23727258428087,23727258496604,68.517,999.612,0.313,0
8517,23727259428087,23727259497725,69.638,1001.121,0.328,0
8518,23727260428087,23727260498150,70.063,1000.425,0.306,0
8519,23727261428087,23727261501113,73.026,1002.963,0.303,0
8520,23727262428087,23727262498571,70.484,997.458,0.328,0
8521,23727263428087,23727263502795,74.708,1004.224,0.348,0
8522,23727264428087,23727264434420,6.333,931.625,0.333,0
8523,23727265428087,23727265498438,70.351,1064.018,0.326,0
8524,23727266428087,23727266501361,73.274,1002.923,0.330,0
8525,23727267428087,23727267497300,69.213,995.939,0.343,0
8526,23727268428087,23727268497622,69.535,1000.322,0.310,0
8527,23727269428087,23727269500576,72.489,1002.954,0.310,0
8528,23727270428087,23727270499199,71.112,998.623,0.309,0
8529,23727271428087,23727271497769,69.682,998.570,0.334,0
8530,23727272428087,23727272496664,68.577,998.895,0.325,0
8531,23727273428087,23727273498049,69.962,1001.385,0.301,0
8532,23727274428087,23727274434589,6.502,936.540,0.348,0
8533,23727275428087,23727275497251,69.164,1062.662,0.306,0
8534,23727276428087,23727276498045,69.958,1000.794,0.297,0
8535,23727277428087,23727277496967,68.880,998.922,0.331,0
8536,23727278428087,23727278501896,73.809,1004.929,0.302,0
8537,23727279428087,23727279497867,69.780,995.971,0.328,0
8538,23727280428087,23727280497757,69.670,999.890,0.344,0
8539,23727281428087,23727281435476,7.389,937.719,0.331,0
8540,23727282428087,23727282496506,68.419,1061.030,0.308,0
8541,23727283428087,23727283497723,69.636,1001.217,0.311,0
8542,23727284428087,23727284434646,6.559,936.923,0.351,0
8543,23727285428087,23727285496704,68.617,1062.058,0.314,0
8544,23727286428087,23727286497433,69.346,1000.729,0.330,0
8545,23727287428087,23727287496970,68.883,999.537,0.308,0
8546,23727288428087,23727288498285,70.198,1001.315,0.318,0
8547,23727289428087,23727289496933,68.846,998.648,0.317,0
8548,23727290428087,23727290497731,69.644,1000.798,0.313,0
8549,23727291428087,23727291497785,69.698,1000.054,0.333,0
8550,23727292428087,23727292496696,68.609,998.911,0.357,0
8551,23727293428087,23727293496801,68.714,1000.105,0.340,0
8552,23727294428087,23727294434545,6.458,937.744,0.346,0
8553,23727295428087,23727295497543,69.456,1062.998,0.320,0
8554,23727296428087,23727296495317,67.230,997.774,0.310,0
8555,23727297428087,23727297497910,69.823,1002.593,0.332,0
8556,23727298428087,23727298497536,69.449,999.626,0.316,0
8557,23727299428087,23727299498736,70.649,1001.200,0.302,0
8558,23727300428087,23727300497650,69.563,998.914,0.346,0
8559,23727301428087,23727301497970,69.883,1000.320,0.325,0
8560,23727302428087,23727302498348,70.261,1000.378,0.344,0
8561,23727303428087,23727303500226,72.139,1001.878,0.313,0
8562,23727304428087,23727304434531,6.444,934.305,0.301,0
8563,23727305428087,23727305511225,83.138,1076.694,0.325,0
8564,23727306428087,23727306501000,72.913,989.775,0.325,0
8565,23727307428087,23727307498871,70.784,997.871,0.326,0
8566,23727308428087,23727308498333,70.246,999.462,0.304,0
8567,23727309428087,23727309500585,72.498,1002.252,0.323,0
8568,23727310428087,23727310498145,70.058,997.560,0.324,0
8569,23727311428087,23727311497550,69.463,999.405,0.309,0
8570,23727312428087,23727312497420,69.333,999.870,0.326,0
8571,23727313428087,23727313496629,68.542,999.209,0.312,0
8572,23727314428087,23727314434814,6.727,938.185,0.346,0
8573,23727315428087,23727315496784,68.697,1061.970,0.324,0
8574,23727316428087,23727316496923,68.836,1000.139,0.318,0
8575,23727317428087,23727317500188,72.101,1003.265,0.316,0
8576,23727318428087,23727318497521,69.434,997.333,0.322,0
8577,23727319428087,23727319500167,72.080,1002.646,0.302,0
8578,23727320428087,23727320497792,69.705,997.625,0.314,0
8579,23727321428087,23727321498110,70.023,1000.318,0.308,0
8580,23727322428087,23727322497565,69.478,999.455,0.325,0
8581,23727323428087,23727323497569,69.482,1000.004,0.328,0
8582,23727324428087,23727324497386,69.299,999.817,0.337,0
8583,23727325428087,23727325500527,72.440,1003.141,0.346,0
8584,23727326428087,23727326497850,69.763,997.323,0.325,0
8585,23727327428087,23727327497938,69.851,1000.088,0.334,0
8586,23727328428087,23727328497448,69.361,999.510,0.309,0
8587,23727329428087,23727329498086,69.999,1000.638,0.355,0
8588,23727330428087,23727330497660,69.573,999.574,0.300,0
8589,23727331428087,23727331498837,70.750,1001.177,0.327,0
8590,23727332428087,23727332497662,69.575,998.825,0.333,0
8591,23727333428087,23727333499968,71.881,1002.306,0.320,0
8592,23727334428087,23727334501657,73.570,1001.689,0.328,0
8593,23727335428087,23727335497530,69.443,995.873,0.317,0
8594,23727336428087,23727336498293,70.206,1000.763,0.301,0
8595,23727337428087,23727337498091,70.004,999.798,0.319,0
8596,23727338428087,23727338497640,69.553,999.549,0.317,0
8597,23727339428087,23727339498319,70.232,1000.679,0.326,0
8598,23727340428087,23727340497367,69.280,999.048,0.315,0
8599,23727341428087,23727341498159,70.072,1000.792,0.331,0
8600,23727342428087,23727342497421,69.334,999.262,0.347,0
8601,23727343428087,23727343498415,70.328,1000.994,0.321,0
8602,23727344428087,23727344434473,6.386,936.058,0.333,0
8603,23727345428087,23727345498626,70.539,1064.153,0.329,0
8604,23727346428087,23727346498255,70.168,999.629,0.349,0
8605,23727347428087,23727347497764,69.677,999.509,0.320,0
8606,23727348428087,23727348498747,70.660,1000.983,0.338,0
8607,23727349428087,23727349498665,70.578,999.918,0.331,0
8608,23727350428087,23727350497588,69.501,998.923,0.322,0
8609,23727351428087,23727351497582,69.495,999.994,0.326,0
8610,23727352428087,23727352500155,72.068,1002.573,0.343,0
8611,23727353428087,23727353498321,70.234,998.166,0.321,0
8612,23727354428087,23727354502139,74.052,1003.818,0.304,0
8613,23727355428087,23727355498335,70.248,996.196,0.328,0
8614,23727356428087,23727356497404,69.317,999.069,0.331,0
8615,23727357428087,23727357497637,69.550,1000.233,0.320,0
8616,23727358428087,23727358497645,69.558,1000.008,0.317,0
8617,23727359428087,23727359503312,75.225,1005.667,0.309,0
8618,23727360428087,23727360507447,79.360,1004.135,0.351,0
8619,23727361428087,23727361498040,69.953,990.593,0.353,0
8620,23727362428087,23727362497624,69.537,999.584,0.355,0
8621,23727363428087,23727363497845,69.758,1000.221,0.350,0
8622,23727364428087,23727364497542,69.455,999.697,0.329,0
8623,23727365428087,23727365505346,77.259,1007.804,0.316,0
8624,23727366428087,23727366498247,70.160,992.901,0.321,0
8625,23727367428087,23727367500029,71.942,1001.782,0.298,0
8626,23727368428087,23727368497699,69.612,997.670,0.307,0
8627,23727369428087,23727369497483,69.396,999.784,0.320,0
8628,23727370428087,23727370499045,70.958,1001.562,0.324,0
8629,23727371428087,23727371498410,70.323,999.365,0.330,0
8630,23727372428087,23727372496597,68.510,998.187,0.350,0
8631,23727373428087,23727373500000,71.913,1003.403,0.309,0
8632,23727374428087,23727374502050,73.963,1002.050,0.321,0
8633,23727375428087,23727375497074,68.987,995.024,0.340,0
8634,23727376428087,23727376495144,67.057,998.070,0.323,0
8635,23727377428087,23727377497569,69.482,1002.425,0.310,0
8636,23727378428087,23727378497805,69.718,1000.236,0.314,0
8637,23727379428087,23727379498228,70.141,1000.423,0.307,0
8638,23727380428087,23727380496671,68.584,998.443,0.327,0
8639,23727381428087,23727381499238,71.151,1002.567,0.331,0
8640,23727382428087,23727382497511,69.424,998.273,0.334,0
8641,23727383428087,23727383499133,71.046,1001.622,0.303,0
8642,23727384428087,23727384498975,70.888,999.842,0.306,0
8643,23727385428087,23727385498648,70.561,999.673,0.320,0
8644,23727386428087,23727386498477,70.390,999.829,0.306,0
8645,23727387428087,23727387498155,70.068,999.678,0.304,0
8646,23727388428087,23727388496902,68.815,998.747,0.315,0
8647,23727389428087,23727389499876,71.789,1002.974,0.301,0
8648,23727390428087,23727390501790,73.703,1001.914,0.325,0
8649,23727391428087,23727391498839,70.752,997.049,0.293,0
8650,23727392428087,23727392492270,64.183,993.431,0.166,0
8651,23727393428087,23727393497888,69.801,1005.618,0.310,0
8652,23727394428087,23727394434671,6.584,936.783,0.313,0
8653,23727395428087,23727395497356,69.269,1062.685,0.308,0
8654,23727396428087,23727396497810,69.723,1000.454,0.311,0
8655,23727397428087,23727397505186,77.099,1007.376,0.335,0
8656,23727398428087,23727398497824,69.737,992.638,0.304,0
8657,23727399428087,23727399498264,70.177,1000.440,0.321,0
8658,23727400428087,23727400497062,68.975,998.798,0.319,0
8659,23727401428087,23727401497574,69.487,1000.512,0.326,0
8660,23727402428087,23727402497817,69.730,1000.243,0.312,0
8661,23727403428087,23727403498095,70.008,1000.278,0.314,0
8662,23727404428087,23727404434468,6.381,936.373,0.322,0
8663,23727405428087,23727405497668,69.581,1063.200,0.318,0
8664,23727406428087,23727406498704,70.617,1001.036,0.317,0
8665,23727407428087,23727407497999,69.912,999.295,0.306,0
8666,23727408428087,23727408497698,69.611,999.699,0.311,0
8667,23727409428087,23727409497370,69.283,999.672,0.300,0
8668,23727410428087,23727410498597,70.510,1001.227,0.328,0
8669,23727411428087,23727411496762,68.675,998.165,0.331,0
8670,23727412428087,23727412497795,69.708,1001.033,0.308,0
8671,23727413428087,23727413507811,79.724,1010.016,0.300,0
8672,23727414428087,23727414434508,6.421,926.697,0.333,0
8673,23727415428087,23727415497113,69.026,1062.605,0.315,0
8674,23727416428087,23727416503161,75.074,1006.048,0.325,0
8675,23727417428087,23727417498423,70.336,995.262,0.332,0
8676,23727418428087,23727418501219,73.132,1002.796,0.325,0
8677,23727419428087,23727419497548,69.461,996.329,0.305,0
8678,23727420428087,23727420498108,70.021,1000.560,0.317,0
8679,23727421428087,23727421499721,71.634,1001.613,0.325,0
8680,23727422428087,23727422498131,70.044,998.410,0.309,0
8681,23727423428087,23727423500658,72.571,1002.527,0.320,0
8682,23727424428087,23727424434485,6.398,933.827,0.341,0
8683,23727425428087,23727425497411,69.324,1062.926,0.325,0
8684,23727426428087,23727426501090,73.003,1003.679,0.312,0
8685,23727427428087,23727427498611,70.524,997.521,0.324,0
8686,23727428428087,23727428498446,70.359,999.835,0.320,0
8687,23727429428087,23727429499545,71.458,1001.099,0.311,0
8688,23727430428087,23727430502005,73.918,1002.460,0.328,0
8689,23727431428087,23727431499220,71.133,997.215,0.305,0
8690,23727432428087,23727432498536,70.449,999.316,0.318,0
8691,23727433428087,23727433498088,70.001,999.552,0.306,0
8692,23727434428087,23727434434719,6.632,936.631,0.348,0
8693,23727435428087,23727435497645,69.558,1062.926,0.311,0
8694,23727436428087,23727436497531,69.444,999.886,0.312,0
8695,23727437428087,23727437499191,71.104,1001.660,0.317,0
8696,23727438428087,23727438501308,73.221,1002.117,0.310,0
8697,23727439428087,23727439499610,71.523,998.302,0.314,0
8698,23727440428087,23727440501405,73.318,1001.795,0.305,0
8699,23727441428087,23727441498890,70.803,997.485,0.311,0
8700,23727442428087,23727442498077,69.990,999.187,0.322,0
8701,23727443428087,23727443499392,71.305,1001.315,0.302,0
8702,23727444428087,23727444434528,6.441,935.136,0.313,0
8703,23727445428087,23727445498830,70.743,1064.302,0.323,0
8704,23727446428087,23727446502728,74.641,1003.898,0.304,0
8705,23727447428087,23727447499198,71.111,996.470,0.329,0
8706,23727448428087,23727448508279,80.192,1009.081,0.321,0
8707,23727449428087,23727449498521,70.434,990.242,0.295,0
8708,23727450428087,23727450498465,70.378,999.944,0.319,0
8709,23727451428087,23727451497842,69.755,999.377,0.315,0
8710,23727452428087,23727452498542,70.455,1000.700,0.305,0
8711,23727453428087,23727453499022,70.935,1000.480,0.314,0
8712,23727454428087,23727454435241,7.154,936.219,0.337,0
8713,23727455428087,23727455497992,69.905,1062.751,0.324,0
8714,23727456428087,23727456499711,71.624,1001.719,0.309,0
8715,23727457428087,23727457499705,71.618,999.994,0.323,0
8716,23727458428087,23727458504099,76.012,1004.394,0.310,0
8717,23727459428087,23727459472637,44.550,968.538,0.301,0
8718,23727460428087,23727460499031,70.944,1026.394,0.296,0
8719,23727461428087,23727461499271,71.184,1000.240,0.300,0
8720,23727462428087,23727462498994,70.907,999.723,0.313,0
8721,23727463428087,23727463499095,71.008,1000.101,0.320,0
8722,23727464428087,23727464434434,6.347,935.339,0.331,0
8723,23727465428087,23727465498115,70.028,1063.681,0.297,0
8724,23727466428087,23727466498577,70.490,1000.462,0.315,0
8725,23727467428087,23727467498262,70.175,999.685,0.321,0
8726,23727468428087,23727468431712,3.625,933.450,0.213,0
8727,23727469428087,23727469497373,69.286,1065.661,0.303,0
8728,23727470428087,23727470498380,70.293,1001.007,0.309,0
8729,23727471428087,23727471497532,69.445,999.152,0.320,0
8730,23727472428087,23727472497623,69.536,1000.091,0.317,0
8731,23727473428087,23727473500186,72.099,1002.563,0.314,0
8732,23727474428087,23727474434151,6.064,933.965,0.339,0
8733,23727475428087,23727475509385,81.298,1075.234,0.344,0
8734,23727476428087,23727476497022,68.935,987.637,0.311,0
8735,23727477428087,23727477496945,68.858,999.923,0.319,0
8736,23727478428087,23727478497874,69.787,1000.929,0.320,0
8737,23727479428087,23727479496904,68.817,999.030,0.304,0
8738,23727480428087,23727480498192,70.105,1001.288,0.298,0
8739,23727481428087,23727481506980,78.893,1008.788,0.317,0
8740,23727482428087,23727482497656,69.569,990.676,0.315,0
8741,23727483428087,23727483509224,81.137,1011.568,0.305,0
8742,23727484428087,23727484434426,6.339,925.202,0.312,0
8743,23727485428087,23727485496707,68.620,1062.281,0.315,0
8744,23727486428087,23727486500130,72.043,1003.423,0.325,0
8745,23727487428087,23727487498537,70.450,998.407,0.318,0
8746,23727488428087,23727488501272,73.185,1002.735,0.293,0
8747,23727489428087,23727489497425,69.338,996.153,0.317,0
8748,23727490428087,23727490499563,71.476,1002.138,0.317,0
8749,23727491428087,23727491497896,69.809,998.333,0.325,0
8750,23727492428087,23727492497225,69.138,999.329,0.308,0
8751,23727493428087,23727493498188,70.101,1000.963,0.316,0
8752,23727494428087,23727494434675,6.588,936.487,0.351,0
8753,23727495428087,23727495498273,70.186,1063.598,0.317,0
8754,23727496428087,23727496497423,69.336,999.150,0.319,0
8755,23727497428087,23727497497886,69.799,1000.463,0.300,0
8756,23727498428087,23727498497502,69.415,999.616,0.316,0
8757,23727499428087,23727499499204,71.117,1001.702,0.301,0
8758,23727500428087,23727500508893,80.806,1009.689,0.301,0
8759,23727501428087,23727501497690,69.603,988.797,0.315,0
8760,23727502428087,23727502500403,72.316,1002.713,0.321,0
8761,23727503428087,23727503498229,70.142,997.826,0.331,0
8762,23727504428087,23727504434441,6.354,936.212,0.322,0
8763,23727505428087,23727505497746,69.659,1063.305,0.317,0
8764,23727506428087,23727506496603,68.516,998.857,0.307,0
8765,23727507428087,23727507496929,68.842,1000.326,0.315,0
8766,23727508428087,23727508497238,69.151,1000.309,0.329,0
8767,23727509428087,23727509497714,69.627,1000.476,0.311,0
8768,23727510428087,23727510500428,72.341,1002.714,0.323,0
8769,23727511428087,23727511502978,74.891,1002.550,0.320,0
8770,23727512428087,23727512497959,69.872,994.981,0.319,0
8771,23727513428087,23727513497256,69.169,999.297,0.332,0
8772,23727514428087,23727514434600,6.513,937.344,0.357,0
8773,23727515428087,23727515497489,69.402,1062.889,0.316,0
8774,23727516428087,23727516497184,69.097,999.695,0.332,0
8775,23727517428087,23727517498544,70.457,1001.360,0.298,0
8776,23727518428087,23727518500168,72.081,1001.624,0.311,0
8777,23727519428087,23727519496714,68.627,996.546,0.321,0
8778,23727520428087,23727520497928,69.841,1001.214,0.325,0
8779,23727521428087,23727521498807,70.720,1000.879,0.313,0
8780,23727522428087,23727522497401,69.314,998.594,0.327,0
8781,23727523428087,23727523497751,69.664,1000.350,0.305,0
8782,23727524428087,23727524434510,6.423,936.759,0.329,0
8783,23727525428087,23727525497588,69.501,1063.078,0.306,0
8784,23727526428087,23727526497821,69.734,1000.233,0.315,0
8785,23727527428087,23727527497271,69.184,999.450,0.326,0
8786,23727528428087,23727528440646,12.559,943.375,0.460,0
8787,23727529428087,23727529498939,70.852,1058.293,0.316,0
8788,23727530428087,23727530498165,70.078,999.226,0.309,0
8789,23727531428087,23727531434819,6.732,936.654,0.339,0
8790,23727532428087,23727532461777,33.690,1026.958,0.316,0
8791,23727533428087,23727533501515,73.428,1039.738,0.331,0
8792,23727534428087,23727534434575,6.488,933.060,0.342,0
8793,23727535428087,23727535498305,70.218,1063.730,0.314,0
8794,23727536428087,23727536498521,70.434,1000.216,0.300,0
8795,23727537428087,23727537499200,71.113,1000.679,0.331,0
8796,23727538428087,23727538499628,71.541,1000.428,0.307,0
8797,23727539428087,23727539498740,70.653,999.112,0.330,0
8798,23727540428087,23727540497730,69.643,998.990,0.319,0
8799,23727541428087,23727541498858,70.771,1001.128,0.322,0
8800,23727542428087,23727542499107,71.020,1000.249,0.316,0
8801,23727543428087,23727543471265,43.178,972.158,0.329,0
8802,23727544428087,23727544434538,6.451,963.273,0.318,0
8803,23727545428087,23727545495624,67.537,1061.086,0.321,0
8804,23727546428087,23727546499290,71.203,1003.666,0.315,0
8805,23727547428087,23727547498545,70.458,999.255,0.329,0
8806,23727548428087,23727548498515,70.428,999.970,0.303,0
8807,23727549428087,23727549498523,70.436,1000.008,0.317,0
8808,23727550428087,23727550498321,70.234,999.798,0.317,0
8809,23727551428087,23727551498968,70.881,1000.647,0.314,0
8810,23727552428087,23727552500330,72.243,1001.362,0.307,0
8811,23727553428087,23727553498414,70.327,998.084,0.327,0
8812,23727554428087,23727554434491,6.404,936.077,0.365,0
8813,23727555428087,23727555498339,70.252,1063.848,0.305,0
8814,23727556428087,23727556499405,71.318,1001.066,0.322,0
8815,23727557428087,23727557499050,70.963,999.645,0.300,0
8816,23727558428087,23727558501462,73.375,1002.412,0.309,0
8817,23727559428087,23727559471257,43.170,969.795,0.321,0
8818,23727560428087,23727560498549,70.462,1027.292,0.315,0
8819,23727561428087,23727561497069,68.982,998.520,0.325,0
8820,23727562428087,23727562498488,70.401,1001.419,0.386,0
8821,23727563428087,23727563499258,71.171,1000.770,0.301,0
8822,23727564428087,23727564498968,70.881,999.710,0.315,0
8823,23727565428087,23727565497400,69.313,998.432,0.307,0
8824,23727566428087,23727566499812,71.725,1002.412,0.302,0
8825,23727567428087,23727567498730,70.643,998.918,0.326,0
8826,23727568428087,23727568500474,72.387,1001.744,0.318,0
8827,23727569428087,23727569498435,70.348,997.961,0.315,0
8828,23727570428087,23727570498467,70.380,1000.032,0.329,0
8829,23727571428087,23727571498925,70.838,1000.458,0.307,0
8830,23727572428087,23727572499182,71.095,1000.257,0.323,0
8831,23727573428087,23727573498357,70.270,999.175,0.322,0
8832,23727574428087,23727574498562,70.475,1000.205,0.320,0
8833,23727575428087,23727575497591,69.504,999.029,0.341,0
8834,23727576428087,23727576498377,70.290,1000.786,0.340,0
8835,23727577428087,23727577498195,70.108,999.818,0.300,0
8836,23727578428087,23727578498548,70.461,1000.353,0.322,0
8837,23727579428087,23727579465921,37.834,967.373,0.337,0
8838,23727580428087,23727580499455,71.368,1033.534,0.305,0
8839,23727581428087,23727581498280,70.193,998.825,0.325,0
8840,23727582428087,23727582499665,71.578,1001.385,0.318,0
8841,23727583428087,23727583498065,69.978,998.400,0.318,0
8842,23727584428087,23727584497685,69.598,999.620,0.312,0
8843,23727585428087,23727585498011,69.924,1000.326,0.302,0
8844,23727586428087,23727586498872,70.785,1000.861,0.326,0
8845,23727587428087,23727587497944,69.857,999.072,0.325,0
8846,23727588428087,23727588498588,70.501,1000.644,0.312,0
8847,23727589428087,23727589499052,70.965,1000.464,0.325,0
8848,23727590428087,23727590497520,69.433,998.468,0.317,0
8849,23727591428087,23727591499504,71.417,1001.984,0.307,0
8850,23727592428087,23727592494056,65.969,994.552,0.216,0
8851,23727593428087,23727593463099,35.012,969.043,0.314,0
8852,23727594428087,23727594434649,6.562,971.550,0.325,0
8853,23727595428087,23727595498237,70.150,1063.588,0.310,0
8854,23727596428087,23727596499124,71.037,1000.887,0.301,0
8855,23727597428087,23727597498707,70.620,999.583,0.324,0
8856,23727598428087,23727598498783,70.696,1000.076,0.307,0
8857,23727599428087,23727599498695,70.608,999.912,0.324,0
8858,23727600428087,23727600498746,70.659,1000.051,0.305,0
8859,23727601428087,23727601498610,70.523,999.864,0.314,0
8860,23727602428087,23727602499316,71.229,1000.706,0.310,0
8861,23727603428087,23727603499553,71.466,1000.237,0.326,0
8862,23727604428087,23727604499070,70.983,999.517,0.317,0
8863,23727605428087,23727605498995,70.908,999.925,0.329,0
8864,23727606428087,23727606497487,69.400,998.492,0.315,0
8865,23727607428087,23727607499485,71.398,1001.998,0.317,0
8866,23727608428087,23727608498732,70.645,999.247,0.322,0
8867,23727609428087,23727609501931,73.844,1003.199,0.307,0
8868,23727610428087,23727610499124,71.037,997.193,0.321,0
8869,23727611428087,23727611498134,70.047,999.010,0.321,0
8870,23727612428087,23727612498525,70.438,1000.391,0.316,0
8871,23727613428087,23727613498430,70.343,999.905,0.316,0
8872,23727614428087,23727614498316,70.229,999.886,0.309,0
8873,23727615428087,23727615497611,69.524,999.295,0.334,0
8874,23727616428087,23727616499779,71.692,1002.168,0.307,0
8875,23727617428087,23727617498853,70.766,999.074,0.314,0
8876,23727618428087,23727618497624,69.537,998.771,0.302,0
8877,23727619428087,23727619498655,70.568,1001.031,0.317,0
8878,23727620428087,23727620497540,69.453,998.885,0.308,0
8879,23727621428087,23727621497674,69.587,1000.134,0.319,0
8880,23727622428087,23727622499795,71.708,1002.121,0.319,0
8881,23727623428087,23727623496868,68.781,997.073,0.315,0
8882,23727624428087,23727624498651,70.564,1001.783,0.309,0
8883,23727625428087,23727625495043,66.956,996.392,0.297,0
8884,23727626428087,23727626497789,69.702,1002.746,0.301,0
8885,23727627428087,23727627497704,69.617,999.915,0.325,0
8886,23727628428087,23727628498469,70.382,1000.765,0.301,0
8887,23727629428087,23727629497329,69.242,998.860,0.325,0
8888,23727630428087,23727630499183,71.096,1001.854,0.307,0
8889,23727631428087,23727631497354,69.267,998.171,0.333,0
8890,23727632428087,23727632499371,71.284,1002.017,0.301,0
8891,23727633428087,23727633499357,71.270,999.986,0.314,0
8892,23727634428087,23727634500913,72.826,1001.556,0.315,0
8893,23727635428087,23727635497401,69.314,996.488,0.303,0
8894,23727636428087,23727636498877,70.790,1001.476,0.323,0
8895,23727637428087,23727637498692,70.605,999.815,0.303,0
8896,23727638428087,23727638500240,72.153,1001.548,0.297,0
8897,23727639428087,23727639470246,42.159,970.006,0.306,0
8898,23727640428087,23727640478766,50.679,1008.520,0.754,0
8899,23727641428087,23727641482814,54.727,1004.048,0.318,0
8900,23727642428087,23727642472589,44.502,989.775,0.720,0
8901,23727643428087,23727643471524,43.437,998.935,0.748,0
8902,23727644428087,23727644467038,38.951,995.514,0.308,0
8903,23727645428087,23727645471623,43.536,1004.585,0.745,0
8904,23727646428087,23727646472123,44.036,1000.500,0.762,0
8905,23727647428087,23727647471498,43.411,999.375,0.763,0
8906,23727648428087,23727648472236,44.149,1000.738,0.726,0
8907,23727649428087,23727649472870,44.783,1000.634,0.771,0
8908,23727650428087,23727650471202,43.115,998.332,0.729,0
8909,23727651428087,23727651477730,49.643,1006.528,0.726,0
8910,23727652428087,23727652471940,43.853,994.210,0.738,0
8911,23727653428087,23727653474284,46.197,1002.344,0.732,0
8912,23727654428087,23727654467041,38.954,992.757,0.308,0
8913,23727655428087,23727655471350,43.263,1004.309,0.757,0
8914,23727656428087,23727656480527,52.440,1009.177,0.853,0
8915,23727657428087,23727657477482,49.395,996.955,0.727,0
8916,23727658428087,23727658498012,69.925,1020.530,0.328,0
8917,23727659428087,23727659501112,73.025,1003.100,0.302,0
8918,23727660428087,23727660505072,76.985,1003.960,0.314,0
8919,23727661428087,23727661497953,69.866,992.881,0.313,0
8920,23727662428087,23727662497598,69.511,999.645,0.314,0
8921,23727663428087,23727663499465,71.378,1001.867,0.309,0
8922,23727664428087,23727664500162,72.075,1000.697,0.311,0
8923,23727665428087,23727665498036,69.949,997.874,0.333,0
8924,23727666428087,23727666498812,70.725,1000.776,0.332,0
8925,23727667428087,23727667498508,70.421,999.696,0.307,0
8926,23727668428087,23727668498785,70.698,1000.277,0.308,0
8927,23727669428087,23727669499328,71.241,1000.543,0.300,0
8928,23727670428087,23727670498743,70.656,999.415,0.305,0
8929,23727671428087,23727671498885,70.798,1000.142,0.319,0
8930,23727672428087,23727672500521,72.434,1001.636,0.309,0
8931,23727673428087,23727673500764,72.677,1000.243,0.322,0
8932,23727674428087,23727674502598,74.511,1001.834,0.322,0
8933,23727675428087,23727675498903,70.816,996.305,0.342,0
8934,23727676428087,23727676498373,70.286,999.470,0.313,0
8935,23727677428087,23727677498139,70.052,999.766,0.312,0
8936,23727678428087,23727678499661,71.574,1001.522,0.304,0
8937,23727679428087,23727679502363,74.276,1002.702,0.300,0
8938,23727680428087,23727680498847,70.760,996.484,0.323,0
8939,23727681428087,23727681498726,70.639,999.879,0.298,0
8940,23727682428087,23727682496605,68.518,997.879,0.326,0
8941,23727683428087,23727683509120,81.033,1012.515,0.309,0
8942,23727684428087,23727684502093,74.006,992.973,0.316,0
8943,23727685428087,23727685498337,70.250,996.244,0.321,0
8944,23727686428087,23727686500058,71.971,1001.721,0.317,0
8945,23727687428087,23727687500949,72.862,1000.891,0.355,0
8946,23727688428087,23727688500103,72.016,999.154,0.309,0
8947,23727689428087,23727689501497,73.410,1001.394,0.303,0
8948,23727690428087,23727690498202,70.115,996.705,0.322,0
8949,23727691428087,23727691498515,70.428,1000.313,0.338,0
8950,23727692428087,23727692498180,70.093,999.665,0.316,0
8951,23727693428087,23727693498868,70.781,1000.688,0.326,0
8952,23727694428087,23727694434450,6.363,935.582,0.302,0
8953,23727695428087,23727695502414,74.327,1067.964,0.296,0
8954,23727696428087,23727696498825,70.738,996.411,0.319,0
8955,23727697428087,23727697499365,71.278,1000.540,0.306,0
8956,23727698428087,23727698497658,69.571,998.293,0.310,0
8957,23727699428087,23727699497462,69.375,999.804,0.320,0
8958,23727700428087,23727700497469,69.382,1000.007,0.303,0
8959,23727701428087,23727701503624,75.537,1006.155,0.313,0
8960,23727702428087,23727702508257,80.170,1004.633,0.309,0
8961,23727703428087,23727703500799,72.712,992.542,0.314,0
8962,23727704428087,23727704466713,38.626,965.914,0.331,0
8963,23727705428087,23727705465850,37.763,999.137,0.356,0
8964,23727706428087,23727706497557,69.470,1031.707,0.317,0
8965,23727707428087,23727707497756,69.669,1000.199,0.317,0
8966,23727708428087,23727708498812,70.725,1001.056,0.315,0
8967,23727709428087,23727709497453,69.366,998.641,0.301,0
8968,23727710428087,23727710498612,70.525,1001.159,0.312,0
8969,23727711428087,23727711498101,70.014,999.489,0.299,0
8970,23727712428087,23727712498679,70.592,1000.578,0.312,0
8971,23727713428087,23727713498823,70.736,1000.144,0.316,0
8972,23727714428087,23727714461184,33.097,962.361,0.304,0
8973,23727715428087,23727715499436,71.349,1038.252,0.304,0
8974,23727716428087,23727716436366,8.279,936.930,0.411,0
8975,23727717428087,23727717497762,69.675,1061.396,0.315,0
8976,23727718428087,23727718501091,73.004,1003.329,0.371,0
8977,23727719428087,23727719498478,70.391,997.387,0.310,0
8978,23727720428087,23727720499756,71.669,1001.278,0.326,0
8979,23727721428087,23727721503885,75.798,1004.129,0.320,0
8980,23727722428087,23727722498278,70.191,994.393,0.313,0
8981,23727723428087,23727723506129,78.042,1007.851,0.314,0
8982,23727724428087,23727724434483,6.396,928.354,0.294,0
8983,23727725428087,23727725497531,69.444,1063.048,0.316,0
8984,23727726428087,23727726497758,69.671,1000.227,0.323,0
8985,23727727428087,23727727499319,71.232,1001.561,0.323,0
8986,23727728428087,23727728498480,70.393,999.161,0.312,0
8987,23727729428087,23727729498689,70.602,1000.209,0.316,0
8988,23727730428087,23727730495961,67.874,997.272,0.306,0
8989,23727731428087,23727731498544,70.457,1002.583,0.330,0
8990,23727732428087,23727732498358,70.271,999.814,0.300,0
8991,23727733428087,23727733511070,82.983,1012.712,0.305,0
8992,23727734428087,23727734434719,6.632,923.649,0.315,0
8993,23727735428087,23727735498631,70.544,1063.912,0.318,0
8994,23727736428087,23727736499547,71.460,1000.916,0.320,0
8995,23727737428087,23727737505842,77.755,1006.295,0.320,0
8996,23727738428087,23727738498863,70.776,993.021,0.341,0
8997,23727739428087,23727739498029,69.942,999.166,0.316,0
8998,23727740428087,23727740499256,71.169,1001.227,0.323,0
8999,23727741428087,23727741498644,70.557,999.388,0.319,0
9000,23727742428087,23727742498449,70.362,999.805,0.308,0
9001,23727743428087,23727743501718,73.631,1003.269,0.321,0
9002,23727744428087,23727744498048,69.961,996.330,0.307,0
9003,23727745428087,23727745498497,70.410,1000.449,0.310,0
9004,23727746428087,23727746496679,68.592,998.182,0.300,0
9005,23727747428087,23727747499433,71.346,1002.754,0.314,0
9006,23727748428087,23727748498445,70.358,999.012,0.313,0
9007,23727749428087,23727749499543,71.456,1001.098,0.376,0
9008,23727750428087,23727750499341,71.254,999.798,0.322,0
9009,23727751428087,23727751500428,72.341,1001.087,0.325,0
9010,23727752428087,23727752499274,71.187,998.846,0.320,0
9011,23727753428087,23727753501071,72.984,1001.797,0.335,0
9012,23727754428087,23727754487189,59.102,986.118,0.323,0
9013,23727755428087,23727755498510,70.423,1011.321,0.321,0
9014,23727756428087,23727756499417,71.330,1000.907,0.327,0
9015,23727757428087,23727757503213,75.126,1003.796,0.328,0
9016,23727758428087,23727758499348,71.261,996.135,0.329,0
9017,23727759428087,23727759501600,73.513,1002.252,0.327,0
9018,23727760428087,23727760497801,69.714,996.201,0.298,0
9019,23727761428087,23727761502241,74.154,1004.440,0.336,0
9020,23727762428087,23727762499165,71.078,996.924,0.337,0
9021,23727763428087,23727763499542,71.455,1000.377,0.321,0
9022,23727764428087,23727764499013,70.926,999.471,0.305,0
9023,23727765428087,23727765499578,71.491,1000.565,0.334,0
9024,23727766428087,23727766498753,70.666,999.175,0.327,0
9025,23727767428087,23727767500146,72.059,1001.393,0.324,0
9026,23727768428087,23727768499042,70.955,998.896,0.310,0
9027,23727769428087,23727769498609,70.522,999.567,0.331,0
9028,23727770428087,23727770465450,37.363,966.841,0.335,0
9029,23727771428087,23727771499684,71.597,1034.234,0.307,0
9030,23727772428087,23727772497727,69.640,998.043,0.320,0
9031,23727773428087,23727773503047,74.960,1005.320,0.329,0
9032,23727774428087,23727774497910,69.823,994.863,0.326,0
9033,23727775428087,23727775497903,69.816,999.993,0.312,0
9034,23727776428087,23727776497809,69.722,999.906,0.335,0
9035,23727777428087,23727777499185,71.098,1001.376,0.323,0
9036,23727778428087,23727778498509,70.422,999.324,0.304,0
9037,23727779428087,23727779498714,70.627,1000.205,0.324,0
9038,23727780428087,23727780498862,70.775,1000.148,0.328,0
9039,23727781428087,23727781497776,69.689,998.914,0.375,0
9040,23727782428087,23727782444889,16.802,947.113,0.773,0
9041,23727783428087,23727783497709,69.622,1052.820,0.320,0
9042,23727784428087,23727784436406,8.319,938.697,0.322,0
9043,23727785428087,23727785497434,69.347,1061.028,0.314,0
9044,23727786428087,23727786496410,68.323,998.976,0.329,0
9045,23727787428087,23727787510564,82.477,1014.154,0.309,0
9046,23727788428087,23727788497363,69.276,986.799,0.319,0
9047,23727789428087,23727789489020,60.933,991.657,0.742,0
9048,23727790428087,23727790477682,49.595,988.662,0.785,0
9049,23727791428087,23727791478299,50.212,1000.617,0.751,0
9050,23727792428087,23727792477746,49.659,999.447,0.785,0
9051,23727793428087,23727793481140,53.053,1003.394,0.755,0
9052,23727794428087,23727794434441,6.354,953.301,0.322,0
9053,23727795428087,23727795474224,46.137,1039.783,0.779,0
9054,23727796428087,23727796471580,43.493,997.356,0.775,0
9055,23727797428087,23727797471140,43.053,999.560,0.749,0
9056,23727798428087,23727798499134,71.047,1027.994,0.322,0
9057,23727799428087,23727799496379,68.292,997.245,0.306,0
9058,23727800428087,23727800498113,70.026,1001.734,0.323,0
9059,23727801428087,23727801500067,71.980,1001.954,0.328,0
9060,23727802428087,23727802498892,70.805,998.825,0.321,0
9061,23727803428087,23727803505332,77.245,1006.440,0.308,0
9062,23727804428087,23727804497687,69.600,992.355,0.318,0
9063,23727805428087,23727805497119,69.032,999.432,0.306,0
9064,23727806428087,23727806496505,68.418,999.386,0.330,0
9065,23727807428087,23727807499224,71.137,1002.719,0.311,0
9066,23727808428087,23727808497414,69.327,998.190,0.328,0
9067,23727809428087,23727809496633,68.546,999.219,0.321,0
9068,23727810428087,23727810494923,66.836,998.290,0.310,0
9069,23727811428087,23727811497102,69.015,1002.179,0.317,0
9070,23727812428087,23727812497077,68.990,999.975,0.389,0
9071,23727813428087,23727813497687,69.600,1000.610,0.336,0
9072,23727814428087,23727814500220,72.133,1002.533,0.306,0
9073,23727815428087,23727815499514,71.427,999.294,0.326,0
9074,23727816428087,23727816496988,68.901,997.474,0.324,0
9075,23727817428087,23727817499961,71.874,1002.973,0.299,0
9076,23727818428087,23727818497321,69.234,997.360,0.313,0
9077,23727819428087,23727819496657,68.570,999.336,0.327,0
9078,23727820428087,23727820502825,74.738,1006.168,0.308,0
9079,23727821428087,23727821497909,69.822,995.084,0.318,0
9080,23727822428087,23727822498104,70.017,1000.195,0.329,0
9081,23727823428087,23727823499886,71.799,1001.782,0.327,0
9082,23727824428087,23727824497261,69.174,997.375,0.324,0
9083,23727825428087,23727825497432,69.345,1000.171,0.315,0
9084,23727826428087,23727826497558,69.471,1000.126,0.311,0
9085,23727827428087,23727827498568,70.481,1001.010,0.326,0
9086,23727828428087,23727828496628,68.541,998.060,0.311,0
9087,23727829428087,23727829496645,68.558,1000.017,0.317,0
9088,23727830428087,23727830497312,69.225,1000.667,0.319,0
9089,23727831428087,23727831499365,71.278,1002.053,0.316,0
9090,23727832428087,23727832497901,69.814,998.536,0.308,0
9091,23727833428087,23727833497431,69.344,999.530,0.327,0
9092,23727834428087,23727834496958,68.871,999.527,0.328,0
9093,23727835428087,23727835497563,69.476,1000.605,0.308,0
9094,23727836428087,23727836497904,69.817,1000.341,0.319,0
9095,23727837428087,23727837464208,36.121,966.304,0.329,0
9096,23727838428087,23727838497581,69.494,1033.373,0.305,0
9097,23727839428087,23727839498788,70.701,1001.207,0.320,0
9098,23727840428087,23727840497349,69.262,998.561,0.322,0
9099,23727841428087,23727841497635,69.548,1000.286,0.309,0
9100,23727842428087,23727842496586,68.499,998.951,0.318,0
9101,23727843428087,23727843503158,75.071,1006.572,0.369,0
9102,23727844428087,23727844500609,72.522,997.451,0.334,0
9103,23727845428087,23727845498610,70.523,998.001,0.343,0
9104,23727846428087,23727846497584,69.497,998.974,0.334,0
9105,23727847428087,23727847497768,69.681,1000.184,0.321,0
9106,23727848428087,23727848497652,69.565,999.884,0.325,0
9107,23727849428087,23727849462112,34.025,964.460,0.324,0
9108,23727850428087,23727850496551,68.464,1034.439,0.319,0
9109,23727851428087,23727851497747,69.660,1001.196,0.322,0
9110,23727852428087,23727852498379,70.292,1000.632,0.323,0
9111,23727853428087,23727853496500,68.413,998.121,0.343,0
9112,23727854428087,23727854498135,70.048,1001.635,0.304,0
9113,23727855428087,23727855501383,73.296,1003.248,0.304,0
9114,23727856428087,23727856496378,68.291,994.995,0.317,0
9115,23727857428087,23727857499922,71.835,1003.544,0.324,0
9116,23727858428087,23727858494793,66.706,994.871,0.317,0
9117,23727859428087,23727859496665,68.578,1001.872,0.323,0
9118,23727860428087,23727860497723,69.636,1001.058,0.302,0
9119,23727861428087,23727861496748,68.661,999.025,0.318,0
9120,23727862428087,23727862497234,69.147,1000.486,0.322,0
9121,23727863428087,23727863497899,69.812,1000.665,0.341,0
9122,23727864428087,23727864496535,68.448,998.636,0.327,0
9123,23727865428087,23727865498877,70.790,1002.342,0.315,0
9124,23727866428087,23727866496965,68.878,998.088,0.338,0
9125,23727867428087,23727867497633,69.546,1000.668,0.322,0
9126,23727868428087,23727868500812,72.725,1003.179,0.318,0
9127,23727869428087,23727869496565,68.478,995.753,0.344,0
9128,23727870428087,23727870496442,68.355,999.877,0.317,0
9129,23727871428087,23727871499364,71.277,1002.922,0.329,0
9130,23727872428087,23727872496667,68.580,997.303,0.323,0
9131,23727873428087,23727873498833,70.746,1002.166,0.322,0
9132,23727874428087,23727874502242,74.155,1003.409,0.381,0
9133,23727875428087,23727875499583,71.496,997.341,0.307,0
9134,23727876428087,23727876496474,68.387,996.891,0.328,0
9135,23727877428087,23727877496352,68.265,999.878,0.327,0
9136,23727878428087,23727878497028,68.941,1000.676,0.306,0
9137,23727879428087,23727879498729,70.642,1001.701,0.324,0
9138,23727880428087,23727880497120,69.033,998.391,0.323,0
9139,23727881428087,23727881499412,71.325,1002.292,0.341,0
9140,23727882428087,23727882501150,73.063,1001.738,0.324,0
9141,23727883428087,23727883496440,68.353,995.290,0.319,0
9142,23727884428087,23727884497874,69.787,1001.434,0.314,0
9143,23727885428087,23727885497913,69.826,1000.039,0.328,0
9144,23727886428087,23727886496953,68.866,999.040,0.336,0
9145,23727887428087,23727887501503,73.416,1004.550,0.332,0
9146,23727888428087,23727888509931,81.844,1008.428,0.329,0
9147,23727889428087,23727889496879,68.792,986.948,0.320,0
9148,23727890428087,23727890506158,78.071,1009.279,0.332,0
9149,23727891428087,23727891497028,68.941,990.870,0.316,0
9150,23727892428087,23727892496892,68.805,999.864,0.318,0
9151,23727893428087,23727893496894,68.807,1000.002,0.324,0
9152,23727894428087,23727894434565,6.478,937.671,0.318,0
9153,23727895428087,23727895498615,70.528,1064.050,0.309,0
9154,23727896428087,23727896498189,70.102,999.574,0.322,0
9155,23727897428087,23727897470557,42.470,972.368,0.335,0
9156,23727898428087,23727898498088,70.001,1027.531,0.324,0
9157,23727899428087,23727899496658,68.571,998.570,0.317,0
9158,23727900428087,23727900502511,74.424,1005.853,0.336,0
9159,23727901428087,23727901498195,70.108,995.684,0.327,0
9160,23727902428087,23727902497008,68.921,998.813,0.320,0
9161,23727903428087,23727903496608,68.521,999.600,0.315,0
9162,23727904428087,23727904497341,69.254,1000.733,0.328,0
9163,23727905428087,23727905498807,70.720,1001.466,0.327,0
9164,23727906428087,23727906498682,70.595,999.875,0.380,0
9165,23727907428087,23727907497812,69.725,999.130,0.312,0
9166,23727908428087,23727908497373,69.286,999.561,0.324,0
9167,23727909428087,23727909498495,70.408,1001.122,0.332,0
9168,23727910428087,23727910512278,84.191,1013.783,0.323,0
9169,23727911428087,23727911497843,69.756,985.565,0.305,0
9170,23727912428087,23727912497486,69.399,999.643,0.309,0
9171,23727913428087,23727913498357,70.270,1000.871,0.324,0
9172,23727914428087,23727914500191,72.104,1001.834,0.313,0
9173,23727915428087,23727915496924,68.837,996.733,0.324,0
9174,23727916428087,23727916498234,70.147,1001.310,0.327,0
9175,23727917428087,23727917497821,69.734,999.587,0.321,0
9176,23727918428087,23727918498098,70.011,1000.277,0.322,0
9177,23727919428087,23727919497490,69.403,999.392,0.320,0
9178,23727920428087,23727920497962,69.875,1000.472,0.310,0
9179,23727921428087,23727921499314,71.227,1001.352,0.331,0
9180,23727922428087,23727922506650,78.563,1007.336,0.318,0
9181,23727923428087,23727923498794,70.707,992.144,0.334,0
9182,23727924428087,23727924434575,6.488,935.781,0.323,0
9183,23727925428087,23727925501081,72.994,1066.506,0.323,0
9184,23727926428087,23727926498393,70.306,997.312,0.317,0
9185,23727927428087,23727927499833,71.746,1001.440,0.318,0
9186,23727928428087,23727928502183,74.096,1002.350,0.335,0
9187,23727929428087,23727929498546,70.459,996.363,0.314,0
9188,23727930428087,23727930499593,71.506,1001.047,0.314,0
9189,23727931428087,23727931496299,68.212,996.706,0.315,0
9190,23727932428087,23727932498552,70.465,1002.253,0.315,0
9191,23727933428087,23727933499282,71.195,1000.730,0.333,0
9192,23727934428087,23727934434555,6.468,935.273,0.329,0
9193,23727935428087,23727935499676,71.589,1065.121,0.328,0
9194,23727936428087,23727936500788,72.701,1001.112,0.327,0
9195,23727937428087,23727937504915,76.828,1004.127,0.365,0
9196,23727938428087,23727938501110,73.023,996.195,0.308,0
9197,23727939428087,23727939498345,70.258,997.235,0.316,0
9198,23727940428087,23727940466242,38.155,967.897,0.313,0
9199,23727941428087,23727941499346,71.259,1033.104,0.327,0
9200,23727942428087,23727942498348,70.261,999.002,0.320,0
9201,23727943428087,23727943498284,70.197,999.936,0.318,0
9202,23727944428087,23727944435602,7.515,937.318,0.333,0
9203,23727945428087,23727945498445,70.358,1062.843,0.310,0
9204,23727946428087,23727946497770,69.683,999.325,0.321,0
9205,23727947428087,23727947498684,70.597,1000.914,0.313,0
9206,23727948428087,23727948498357,70.270,999.673,0.304,0
9207,23727949428087,23727949499858,71.771,1001.501,0.332,0
9208,23727950428087,23727950499428,71.341,999.570,0.323,0
9209,23727951428087,23727951498440,70.353,999.012,0.326,0
9210,23727952428087,23727952500625,72.538,1002.185,0.321,0
9211,23727953428087,23727953497774,69.687,997.149,0.329,0
9212,23727954428087,23727954434526,6.439,936.752,0.336,0
9213,23727955428087,23727955498353,70.266,1063.827,0.335,0
9214,23727956428087,23727956497379,69.292,999.026,0.318,0
9215,23727957428087,23727957497724,69.637,1000.345,0.334,0
9216,23727958428087,23727958498813,70.726,1001.089,0.314,0
9217,23727959428087,23727959497986,69.899,999.173,0.317,0
9218,23727960428087,23727960498021,69.934,1000.035,0.314,0
9219,23727961428087,23727961497919,69.832,999.898,0.326,0
9220,23727962428087,23727962497409,69.322,999.490,0.327,0
9221,23727963428087,23727963498785,70.698,1001.376,0.324,0
9222,23727964428087,23727964498365,70.278,999.580,0.320,0
9223,23727965428087,23727965498594,70.507,1000.229,0.326,0
9224,23727966428087,23727966499719,71.632,1001.125,0.316,0
9225,23727967428087,23727967498345,70.258,998.626,0.317,0
9226,23727968428087,23727968499772,71.685,1001.427,0.359,0
9227,23727969428087,23727969499639,71.552,999.867,0.322,0
9228,23727970428087,23727970499188,71.101,999.549,0.312,0
9229,23727971428087,23727971498664,70.577,999.476,0.315,0
9230,23727972428087,23727972506024,77.937,1007.360,0.317,0
9231,23727973428087,23727973498258,70.171,992.234,0.323,0
9232,23727974428087,23727974497995,69.908,999.737,0.313,0
9233,23727975428087,23727975498312,70.225,1000.317,0.330,0
9234,23727976428087,23727976498107,70.020,999.795,0.330,0
9235,23727977428087,23727977498300,70.213,1000.193,0.322,0
9236,23727978428087,23727978498742,70.655,1000.442,0.336,0
9237,23727979428087,23727979496724,68.637,997.982,0.332,0
9238,23727980428087,23727980498851,70.764,1002.127,0.315,0
9239,23727981428087,23727981498495,70.408,999.644,0.329,0
9240,23727982428087,23727982466091,38.004,967.596,0.328,0
9241,23727983428087,23727983502603,74.516,1036.512,0.312,0
9242,23727984428087,23727984498345,70.258,995.742,0.319,0
9243,23727985428087,23727985498521,70.434,1000.176,0.308,0
9244,23727986428087,23727986500770,72.683,1002.249,0.318,0
9245,23727987428087,23727987498636,70.549,997.866,0.334,0
9246,23727988428087,23727988498548,70.461,999.912,0.318,0
9247,23727989428087,23727989499471,71.384,1000.923,0.328,0
9248,23727990428087,23727990499101,71.014,999.630,0.313,0
9249,23727991428087,23727991498735,70.648,999.634,0.329,0
9250,23727992428087,23727992433513,5.426,934.778,0.339,0
9251,23727993428087,23727993498095,70.008,1064.582,0.303,0
9252,23727994428087,23727994434506,6.419,936.411,0.325,0
9253,23727995428087,23727995496409,68.322,1061.903,0.314,0
9254,23727996428087,23727996498713,70.626,1002.304,0.319,0
9255,23727997428087,23727997497477,69.390,998.764,0.322,0
9256,23727998428087,23727998499939,71.852,1002.462,0.316,0
9257,23727999428087,23727999498699,70.612,998.760,0.372,0
9258,23728000428087,23728000503579,75.492,1004.880,0.283,0
9259,23728001428087,23728001504079,75.992,1000.500,0.327,0
9260,23728002428087,23728002500676,72.589,996.597,0.310,0
9261,23728003428087,23728003498385,70.298,997.709,0.316,0
9262,23728004428087,23728004498620,70.533,1000.235,0.318,0
9263,23728005428087,23728005499284,71.197,1000.664,0.320,0
9264,23728006428087,23728006499652,71.565,1000.368,0.316,0
9265,23728007428087,23728007498573,70.486,998.921,0.319,0
9266,23728008428087,23728008503664,75.577,1005.091,0.302,0
9267,23728009428087,23728009497564,69.477,993.900,0.335,0
9268,23728010428087,23728010502477,74.390,1004.913,0.305,0
9269,23728011428087,23728011498559,70.472,996.082,0.317,0
9270,23728012428087,23728012500026,71.939,1001.467,0.311,0
9271,23728013428087,23728013498460,70.373,998.434,0.318,0
9272,23728014428087,23728014499707,71.620,1001.247,0.329,0
9273,23728015428087,23728015499203,71.116,999.496,0.295,0
9274,23728016428087,23728016500014,71.927,1000.811,0.318,0
9275,23728017428087,23728017499447,71.360,999.433,0.320,0
9276,23728018428087,23728018498420,70.333,998.973,0.324,0
9277,23728019428087,23728019503017,74.930,1004.597,0.320,0
9278,23728020428087,23728020500348,72.261,997.331,0.295,0
9279,23728021428087,23728021499036,70.949,998.688,0.318,0
9280,23728022428087,23728022498594,70.507,999.558,0.323,0
9281,23728023428087,23728023498618,70.531,1000.024,0.316,0
9282,23728024428087,23728024499857,71.770,1001.239,0.311,0
9283,23728025428087,23728025499682,71.595,999.825,0.322,0
9284,23728026428087,23728026498215,70.128,998.533,0.312,0
9285,23728027428087,23728027498485,70.398,1000.270,0.311,0
9286,23728028428087,23728028497787,69.700,999.302,0.312,0
9287,23728029428087,23728029498138,70.051,1000.351,0.325,0
9288,23728030428087,23728030499429,71.342,1001.291,0.314,0
9289,23728031428087,23728031498397,70.310,998.968,0.384,0
9290,23728032428087,23728032499725,71.638,1001.328,0.320,0
9291,23728033428087,23728033498879,70.792,999.154,0.322,0
9292,23728034428087,23728034434507,6.420,935.628,0.300,0
9293,23728035428087,23728035499475,71.388,1064.968,0.325,0
9294,23728036428087,23728036499598,71.511,1000.123,0.307,0
9295,23728037428087,23728037499548,71.461,999.950,0.307,0
9296,23728038428087,23728038498774,70.687,999.226,0.304,0
9297,23728039428087,23728039498202,70.115,999.428,0.299,0
9298,23728040428087,23728040500069,71.982,1001.867,0.313,0
9299,23728041428087,23728041498920,70.833,998.851,0.340,0
9300,23728042428087,23728042436072,7.985,937.152,0.349,0
9301,23728043428087,23728043496385,68.298,1060.313,0.351,0
9302,23728044428087,23728044434395,6.308,938.010,0.331,0
9303,23728045428087,23728045498333,70.246,1063.938,0.356,0
9304,23728046428087,23728046499388,71.301,1001.055,0.347,0
9305,23728047428087,23728047499080,70.993,999.692,0.352,0
9306,23728048428087,23728048504110,76.023,1005.030,0.352,0
9307,23728049428087,23728049498644,70.557,994.534,0.329,0
9308,23728050428087,23728050499725,71.638,1001.081,0.339,0
9309,23728051428087,23728051497133,69.046,997.408,0.352,0
9310,23728052428087,23728052498827,70.740,1001.694,0.342,0
9311,23728053428087,23728053497232,69.145,998.405,0.348,0
9312,23728054428087,23728054500225,72.138,1002.993,0.347,0
9313,23728055428087,23728055498483,70.396,998.258,0.340,0
9314,23728056428087,23728056500834,72.747,1002.351,0.343,0
9315,23728057428087,23728057502036,73.949,1001.202,0.353,0
9316,23728058428087,23728058500323,72.236,998.287,0.330,0
9317,23728059428087,23728059495974,67.887,995.651,0.358,0
9318,23728060428087,23728060499482,71.395,1003.508,0.327,0
9319,23728061428087,23728061500392,72.305,1000.910,0.352,0
9320,23728062428087,23728062497528,69.441,997.136,0.326,0
9321,23728063428087,23728063497493,69.406,999.965,0.349,0
9322,23728064428087,23728064499694,71.607,1002.201,0.329,0
9323,23728065428087,23728065503178,75.091,1003.484,0.355,0
9324,23728066428087,23728066499628,71.541,996.450,0.337,0
9325,23728067428087,23728067501084,72.997,1001.456,0.329,0
9326,23728068428087,23728068499063,70.976,997.979,0.365,0
9327,23728069428087,23728069499146,71.059,1000.083,0.345,0
9328,23728070428087,23728070498825,70.738,999.679,0.336,0
9329,23728071428087,23728071498840,70.753,1000.015,0.340,0
9330,23728072428087,23728072500808,72.721,1001.968,0.321,0
9331,23728073428087,23728073501712,73.625,1000.904,0.340,0
9332,23728074428087,23728074501248,73.161,999.536,0.348,0
9333,23728075428087,23728075499737,71.650,998.489,0.354,0
9334,23728076428087,23728076498206,70.119,998.469,0.357,0
9335,23728077428087,23728077498641,70.554,1000.435,0.346,0
9336,23728078428087,23728078498385,70.298,999.744,0.341,0
9337,23728079428087,23728079498016,69.929,999.631,0.340,0
9338,23728080428087,23728080499002,70.915,1000.986,0.355,0
9339,23728081428087,23728081498900,70.813,999.898,0.356,0
9340,23728082428087,23728082498608,70.521,999.708,0.359,0
9341,23728083428087,23728083498052,69.965,999.444,0.363,0
9342,23728084428087,23728084498950,70.863,1000.898,0.347,0
9343,23728085428087,23728085499300,71.213,1000.350,0.354,0
9344,23728086428087,23728086499586,71.499,1000.286,0.349,0
9345,23728087428087,23728087497836,69.749,998.250,0.341,0
9346,23728088428087,23728088498540,70.453,1000.704,0.339,0
9347,23728089428087,23728089498468,70.381,999.928,0.336,0
9348,23728090428087,23728090500729,72.642,1002.261,0.340,0
9349,23728091428087,23728091509867,81.780,1009.138,0.344,0
9350,23728092428087,23728092495480,67.393,985.613,0.339,0
9351,23728093428087,23728093497512,69.425,1002.032,0.351,0
9352,23728094428087,23728094434534,6.447,937.022,0.328,0
9353,23728095428087,23728095497439,69.352,1062.905,0.348,0
9354,23728096428087,23728096497661,69.574,1000.222,0.355,0
9355,23728097428087,23728097498234,70.147,1000.573,0.359,0
9356,23728098428087,23728098498371,70.284,1000.137,0.356,0
9357,23728099428087,23728099499852,71.765,1001.481,0.356,0
9358,23728100428087,23728100498997,70.910,999.145,0.347,0
9359,23728101428087,23728101500166,72.079,1001.169,0.353,0
9360,23728102428087,23728102498370,70.283,998.204,0.359,0
9361,23728103428087,23728103498492,70.405,1000.122,0.352,0
9362,23728104428087,23728104499026,70.939,1000.534,0.356,0
9363,23728105428087,23728105498295,70.208,999.269,0.368,0
9364,23728106428087,23728106500489,72.402,1002.194,0.339,0
9365,23728107428087,23728107501599,73.512,1001.110,0.328,0
9366,23728108428087,23728108498410,70.323,996.811,0.353,0
9367,23728109428087,23728109501548,73.461,1003.138,0.351,0
9368,23728110428087,23728110498795,70.708,997.247,0.350,0
9369,23728111428087,23728111498251,70.164,999.456,0.355,0
9370,23728112428087,23728112497838,69.751,999.587,0.375,0
9371,23728113428087,23728113497926,69.839,1000.088,0.352,0
9372,23728114428087,23728114503969,75.882,1006.043,0.324,0
9373,23728115428087,23728115499269,71.182,995.300,0.323,0
9374,23728116428087,23728116435119,7.032,935.850,0.348,0
9375,23728117428087,23728117434301,6.214,999.182,0.267,0
9376,23728118428087,23728118498438,70.351,1064.137,0.318,0
9377,23728119428087,23728119500618,72.531,1002.180,0.344,0
9378,23728120428087,23728120500233,72.146,999.615,0.328,0
9379,23728121428087,23728121501372,73.285,1001.139,0.342,0
9380,23728122428087,23728122498050,69.963,996.678,0.338,0
9381,23728123428087,23728123495907,67.820,997.857,0.325,0
9382,23728124428087,23728124434534,6.447,938.627,0.338,0
9383,23728125428087,23728125498267,70.180,1063.733,0.337,0
9384,23728126428087,23728126507033,78.946,1008.766,0.327,0
9385,23728127428087,23728127504289,76.202,997.256,0.322,0
9386,23728128428087,23728128467424,39.337,963.135,0.330,0
9387,23728129428087,23728129435911,7.824,968.487,0.325,0
9388,23728130428087,23728130435603,7.516,999.692,0.324,0
9389,23728131428087,23728131479186,51.099,1043.583,0.348,0
9390,23728132428087,23728132435943,7.856,956.757,0.344,0
9391,23728133428087,23728133435346,7.259,999.403,0.315,0
9392,23728134428087,23728134434082,5.995,998.736,0.265,0
9393,23728135428087,23728135498560,70.473,1064.478,0.334,0
9394,23728136428087,23728136504115,76.028,1005.555,0.339,0
9395,23728137428087,23728137501383,73.296,997.268,0.339,0
9396,23728138428087,23728138499258,71.171,997.875,0.350,0
9397,23728139428087,23728139500434,72.347,1001.176,0.350,0
9398,23728140428087,23728140499084,70.997,998.650,0.354,0
9399,23728141428087,23728141498607,70.520,999.523,0.346,0
9400,23728142428087,23728142498889,70.802,1000.282,0.369,0
9401,23728143428087,23728143498634,70.547,999.745,0.333,0
9402,23728144428087,23728144434842,6.755,936.208,0.334,0
9403,23728145428087,23728145498928,70.841,1064.086,0.337,0
9404,23728146428087,23728146498272,70.185,999.344,0.327,0
9405,23728147428087,23728147498941,70.854,1000.669,0.363,0
9406,23728148428087,23728148498066,69.979,999.125,0.343,0
9407,23728149428087,23728149498413,70.326,1000.347,0.347,0
9408,23728150428087,23728150498538,70.451,1000.125,0.323,0
9409,23728151428087,23728151498449,70.362,999.911,0.350,0
9410,23728152428087,23728152498305,70.218,999.856,0.346,0
9411,23728153428087,23728153498284,70.197,999.979,0.337,0
9412,23728154428087,23728154434519,6.432,936.235,0.335,0
9413,23728155428087,23728155497349,69.262,1062.830,0.330,0
9414,23728156428087,23728156498809,70.722,1001.460,0.344,0
9415,23728157428087,23728157499171,71.084,1000.362,0.334,0
9416,23728158428087,23728158499918,71.831,1000.747,0.345,0
9417,23728159428087,23728159499483,71.396,999.565,0.338,0
9418,23728160428087,23728160498176,70.089,998.693,0.346,0
9419,23728161428087,23728161498729,70.642,1000.553,0.358,0
9420,23728162428087,23728162498104,70.017,999.375,0.353,0
9421,23728163428087,23728163505679,77.592,1007.575,0.342,0
9422,23728164428087,23728164503905,75.818,998.226,0.351,0
9423,23728165428087,23728165498835,70.748,994.930,0.357,0
9424,23728166428087,23728166498502,70.415,999.667,0.346,0
9425,23728167428087,23728167499245,71.158,1000.743,0.359,0
9426,23728168428087,23728168498702,70.615,999.457,0.330,0
9427,23728169428087,23728169498560,70.473,999.858,0.349,0
9428,23728170428087,23728170499794,71.707,1001.234,0.335,0
9429,23728171428087,23728171501146,73.059,1001.352,0.366,0
9430,23728172428087,23728172498389,70.302,997.243,0.367,0
9431,23728173428087,23728173466043,37.956,967.654,0.349,0
9432,23728174428087,23728174501573,73.486,1035.530,0.348,0
9433,23728175428087,23728175498955,70.868,997.382,0.348,0
9434,23728176428087,23728176498142,70.055,999.187,0.335,0
9435,23728177428087,23728177502058,73.971,1003.916,0.355,0
9436,23728178428087,23728178498354,70.267,996.296,0.352,0
9437,23728179428087,23728179498984,70.897,1000.630,0.346,0
9438,23728180428087,23728180496919,68.832,997.935,0.333,0
9439,23728181428087,23728181498635,70.548,1001.716,0.348,0
9440,23728182428087,23728182498817,70.730,1000.182,0.344,0
9441,23728183428087,23728183499888,71.801,1001.071,0.340,0
9442,23728184428087,23728184434615,6.528,934.727,0.360,0
9443,23728185428087,23728185500480,72.393,1065.865,0.335,0
9444,23728186428087,23728186499647,71.560,999.167,0.352,0
9445,23728187428087,23728187500732,72.645,1001.085,0.349,0
9446,23728188428087,23728188498307,70.220,997.575,0.362,0
9447,23728189428087,23728189499233,71.146,1000.926,0.353,0
9448,23728190428087,23728190498478,70.391,999.245,0.366,0
9449,23728191428087,23728191499477,71.390,1000.999,0.349,0
9450,23728192428087,23728192504096,76.009,1004.619,0.358,0
9451,23728193428087,23728193502052,73.965,997.956,0.341,0
9452,23728194428087,23728194434521,6.434,932.469,0.349,0
9453,23728195428087,23728195498432,70.345,1063.911,0.369,0
9454,23728196428087,23728196498964,70.877,1000.532,0.326,0
9455,23728197428087,23728197499123,71.036,1000.159,0.358,0
9456,23728198428087,23728198498668,70.581,999.545,0.346,0
9457,23728199428087,23728199506451,78.364,1007.783,0.336,0
9458,23728200428087,23728200498475,70.388,992.024,0.326,0
9459,23728201428087,23728201500353,72.266,1001.878,0.370,0
9460,23728202428087,23728202503222,75.135,1002.869,0.357,0
9461,23728203428087,23728203498653,70.566,995.431,0.348,0
9462,23728204428087,23728204434945,6.858,936.292,0.318,0
9463,23728205428087,23728205499893,71.806,1064.948,0.348,0
9464,23728206428087,23728206498864,70.777,998.971,0.326,0
9465,23728207428087,23728207498804,70.717,999.940,0.332,0
9466,23728208428087,23728208498201,70.114,999.397,0.343,0
9467,23728209428087,23728209498434,70.347,1000.233,0.354,0
9468,23728210428087,23728210498747,70.660,1000.313,0.348,0
9469,23728211428087,23728211467004,38.917,968.257,0.353,0
9470,23728212428087,23728212498457,70.370,1031.453,0.330,0
9471,23728213428087,23728213499547,71.460,1001.090,0.354,0
9472,23728214428087,23728214434234,6.147,934.687,0.352,0
9473,23728215428087,23728215498409,70.322,1064.175,0.339,0
9474,23728216428087,23728216498108,70.021,999.699,0.326,0
9475,23728217428087,23728217498537,70.450,1000.429,0.352,0
9476,23728218428087,23728218499874,71.787,1001.337,0.335,0
9477,23728219428087,23728219498224,70.137,998.350,0.364,0
9478,23728220428087,23728220499304,71.217,1001.080,0.358,0
9479,23728221428087,23728221499467,71.380,1000.163,0.348,0
9480,23728222428087,23728222498928,70.841,999.461,0.330,0
9481,23728223428087,23728223498604,70.517,999.676,0.352,0
9482,23728224428087,23728224434632,6.545,936.028,0.360,0
9483,23728225428087,23728225499137,71.050,1064.505,0.342,0
9484,23728226428087,23728226500992,72.905,1001.855,0.341,0
9485,23728227428087,23728227499537,71.450,998.545,0.331,0
9486,23728228428087,23728228497396,69.309,997.859,0.346,0
9487,23728229428087,23728229498465,70.378,1001.069,0.337,0
9488,23728230428087,23728230501016,72.929,1002.551,0.348,0
9489,23728231428087,23728231498708,70.621,997.692,0.318,0
9490,23728232428087,23728232498448,70.361,999.740,0.335,0
9491,23728233428087,23728233498707,70.620,1000.259,0.337,0
9492,23728234428087,23728234434180,6.093,935.473,0.350,0
9493,23728235428087,23728235500523,72.436,1066.343,0.346,0
9494,23728236428087,23728236499264,71.177,998.741,0.343,0
9495,23728237428087,23728237499755,71.668,1000.491,0.351,0
9496,23728238428087,23728238498463,70.376,998.708,0.346,0
9497,23728239428087,23728239497470,69.383,999.007,0.353,0
9498,23728240428087,23728240435230,7.143,937.760,0.369,0
9499,23728241428087,23728241502387,74.300,1067.157,0.318,0
9500,23728242428087,23728242502793,74.706,1000.406,0.332,0
9501,23728243428087,23728243498666,70.579,995.873,0.356,0
9502,23728244428087,23728244433694,5.607,935.028,0.329,0
9503,23728245428087,23728245498023,69.936,1064.329,0.338,0
9504,23728246428087,23728246498278,70.191,1000.255,0.332,0
9505,23728247428087,23728247499040,70.953,1000.762,0.359,0
9506,23728248428087,23728248501465,73.378,1002.425,0.368,0
9507,23728249428087,23728249499869,71.782,998.404,0.350,0
9508,23728250428087,23728250498934,70.847,999.065,0.342,0
9509,23728251428087,23728251500172,72.085,1001.238,0.329,0
9510,23728252428087,23728252504828,76.741,1004.656,0.334,0
9511,23728253428087,23728253500112,72.025,995.284,0.343,0
9512,23728254428087,23728254434511,6.424,934.399,0.366,0
9513,23728255428087,23728255498348,70.261,1063.837,0.326,0
9514,23728256428087,23728256498356,70.269,1000.008,0.344,0
9515,23728257428087,23728257501023,72.936,1002.667,0.323,0
9516,23728258428087,23728258509077,80.990,1008.054,0.341,0
9517,23728259428087,23728259498608,70.521,989.531,0.343,0
9518,23728260428087,23728260498619,70.532,1000.011,0.343,0
9519,23728261428087,23728261498384,70.297,999.765,0.346,0
9520,23728262428087,23728262498162,70.075,999.778,0.326,0
9521,23728263428087,23728263499656,71.569,1001.494,0.334,0
9522,23728264428087,23728264433556,5.469,933.900,0.332,0
9523,23728265428087,23728265499647,71.560,1066.091,0.347,0
9524,23728266428087,23728266498451,70.364,998.804,0.339,0
9525,23728267428087,23728267498539,70.452,1000.088,0.349,0
9526,23728268428087,23728268498351,70.264,999.812,0.353,0
9527,23728269428087,23728269498456,70.369,1000.105,0.347,0
9528,23728270428087,23728270499094,71.007,1000.638,0.352,0
9529,23728271428087,23728271499382,71.295,1000.288,0.336,0
9530,23728272428087,23728272498601,70.514,999.219,0.342,0
9531,23728273428087,23728273499445,71.358,1000.844,0.365,0
9532,23728274428087,23728274434486,6.399,935.041,0.356,0
9533,23728275428087,23728275499242,71.155,1064.756,0.345,0
9534,23728276428087,23728276498207,70.120,998.965,0.334,0
9535,23728277428087,23728277499363,71.276,1001.156,0.323,0
9536,23728278428087,23728278498265,70.178,998.902,0.336,0
9537,23728279428087,23728279499768,71.681,1001.503,0.339,0
9538,23728280428087,23728280498373,70.286,998.605,0.326,0
9539,23728281428087,23728281499360,71.273,1000.987,0.335,0
9540,23728282428087,23728282499187,71.100,999.827,0.321,0
9541,23728283428087,23728283499631,71.544,1000.444,0.346,0
9542,23728284428087,23728284434495,6.408,934.864,0.363,0
9543,23728285428087,23728285498602,70.515,1064.107,0.355,0
9544,23728286428087,23728286498087,70.000,999.485,0.328,0
9545,23728287428087,23728287504055,75.968,1005.968,0.348,0
9546,23728288428087,23728288498514,70.427,994.459,0.358,0
9547,23728289428087,23728289499823,71.736,1001.309,0.360,0
9548,23728290428087,23728290499754,71.667,999.931,0.318,0
9549,23728291428087,23728291498322,70.235,998.568,0.349,0
9550,23728292428087,23728292495992,67.905,997.670,0.354,0
9551,23728293428087,23728293499741,71.654,1003.749,0.380,0
9552,23728294428087,23728294434414,6.327,934.673,0.334,0
9553,23728295428087,23728295499635,71.548,1065.221,0.318,0
9554,23728296428087,23728296501881,73.794,1002.246,0.317,0
9555,23728297428087,23728297511738,83.651,1009.857,0.318,0
9556,23728298428087,23728298497417,69.330,985.679,0.299,0
9557,23728299428087,23728299499445,71.358,1002.028,0.325,0
9558,23728300428087,23728300500520,72.433,1001.075,0.300,0
9559,23728301428087,23728301498369,70.282,997.849,0.305,0
9560,23728302428087,23728302499223,71.136,1000.854,0.319,0
9561,23728303428087,23728303498740,70.653,999.517,0.310,0
9562,23728304428087,23728304434769,6.682,936.029,0.329,0
9563,23728305428087,23728305468124,40.037,1033.355,0.331,0
9564,23728306428087,23728306470575,42.488,1002.451,0.352,0
9565,23728307428087,23728307498807,70.720,1028.232,0.301,0
9566,23728308428087,23728308495907,67.820,997.100,0.303,0
9567,23728309428087,23728309498573,70.486,1002.666,0.310,0
9568,23728310428087,23728310498270,70.183,999.697,0.317,0
9569,23728311428087,23728311498863,70.776,1000.593,0.321,0
9570,23728312428087,23728312511854,83.767,1012.991,0.321,0
9571,23728313428087,23728313499105,71.018,987.251,0.309,0
9572,23728314428087,23728314434953,6.866,935.848,0.311,0
9573,23728315428087,23728315499323,71.236,1064.370,0.306,0
9574,23728316428087,23728316475664,47.577,976.341,0.317,0
9575,23728317428087,23728317498674,70.587,1023.010,0.324,0
9576,23728318428087,23728318460873,32.786,962.199,0.329,0
9577,23728319428087,23728319498469,70.382,1037.596,0.297,0
9578,23728320428087,23728320502307,74.220,1003.838,0.310,0
9579,23728321428087,23728321500426,72.339,998.119,0.307,0
9580,23728322428087,23728322501741,73.654,1001.315,0.318,0
9581,23728323428087,23728323498161,70.074,996.420,0.308,0
9582,23728324428087,23728324434586,6.499,936.425,0.339,0
9583,23728325428087,23728325497460,69.373,1062.874,0.308,0
9584,23728326428087,23728326501963,73.876,1004.503,0.312,0
9585,23728327428087,23728327510207,82.120,1008.244,0.311,0
9586,23728328428087,23728328497642,69.555,987.435,0.321,0
9587,23728329428087,23728329498798,70.711,1001.156,0.315,0
9588,23728330428087,23728330497475,69.388,998.677,0.309,0
9589,23728331428087,23728331498247,70.160,1000.772,0.326,0
9590,23728332428087,23728332498427,70.340,1000.180,0.314,0
9591,23728333428087,23728333499189,71.102,1000.762,0.332,0
9592,23728334428087,23728334434534,6.447,935.345,0.323,0
9593,23728335428087,23728335499032,70.945,1064.498,0.376,0
9594,23728336428087,23728336499424,71.337,1000.392,0.321,0
9595,23728337428087,23728337499789,71.702,1000.365,0.330,0
9596,23728338428087,23728338433563,5.476,933.774,0.254,0
9597,23728339428087,23728339496607,68.520,1063.044,0.324,0
9598,23728340428087,23728340497619,69.532,1001.012,0.326,0
9599,23728341428087,23728341503070,74.983,1005.451,0.327,0
9600,23728342428087,23728342496781,68.694,993.711,0.339,0
9601,23728343428087,23728343497378,69.291,1000.597,0.323,0
9602,23728344428087,23728344434547,6.460,937.169,0.342,0
9603,23728345428087,23728345496970,68.883,1062.423,0.336,0
9604,23728346428087,23728346497606,69.519,1000.636,0.331,0
9605,23728347428087,23728347499410,71.323,1001.804,0.333,0
9606,23728348428087,23728348501297,73.210,1001.887,0.321,0
9607,23728349428087,23728349496573,68.486,995.276,0.322,0
9608,23728350428087,23728350497772,69.685,1001.199,0.309,0
9609,23728351428087,23728351502361,74.274,1004.589,0.315,0
9610,23728352428087,23728352496236,68.149,993.875,0.328,0
9611,23728353428087,23728353497595,69.508,1001.359,0.333,0
9612,23728354428087,23728354434635,6.548,937.040,0.343,0
9613,23728355428087,23728355498450,70.363,1063.815,0.331,0
9614,23728356428087,23728356494797,66.710,996.347,0.318,0
9615,23728357428087,23728357497545,69.458,1002.748,0.306,0
9616,23728358428087,23728358498668,70.581,1001.123,0.328,0
9617,23728359428087,23728359497812,69.725,999.144,0.314,0
9618,23728360428087,23728360498149,70.062,1000.337,0.318,0
9619,23728361428087,23728361498511,70.424,1000.362,0.330,0
9620,23728362428087,23728362500857,72.770,1002.346,0.328,0
9621,23728363428087,23728363498949,70.862,998.092,0.334,0
9622,23728364428087,23728364435242,7.155,936.293,0.344,0
9623,23728365428087,23728365496531,68.444,1061.289,0.324,0
9624,23728366428087,23728366497789,69.702,1001.258,0.324,0
9625,23728367428087,23728367497830,69.743,1000.041,0.335,0
9626,23728368428087,23728368497449,69.362,999.619,0.320,0
9627,23728369428087,23728369505297,77.210,1007.848,0.324,0
9628,23728370428087,23728370501351,73.264,996.054,0.319,0
9629,23728371428087,23728371499263,71.176,997.912,0.310,0
9630,23728372428087,23728372501183,73.096,1001.920,0.335,0
9631,23728373428087,23728373498261,70.174,997.078,0.325,0
9632,23728374428087,23728374434535,6.448,936.274,0.323,0
9633,23728375428087,23728375501977,73.890,1067.442,0.310,0
9634,23728376428087,23728376499296,71.209,997.319,0.319,0
9635,23728377428087,23728377498581,70.494,999.285,0.310,0
9636,23728378428087,23728378501487,73.400,1002.906,0.311,0
9637,23728379428087,23728379498931,70.844,997.444,0.335,0
9638,23728380428087,23728380497700,69.613,998.769,0.320,0
9639,23728381428087,23728381497540,69.453,999.840,0.325,0
9640,23728382428087,23728382497586,69.499,1000.046,0.316,0
9641,23728383428087,23728383497935,69.848,1000.349,0.314,0
9642,23728384428087,23728384434613,6.526,936.678,0.340,0
9643,23728385428087,23728385498685,70.598,1064.072,0.329,0
9644,23728386428087,23728386500957,72.870,1002.272,0.330,0
9645,23728387428087,23728387496702,68.615,995.745,0.310,0
9646,23728388428087,23728388496784,68.697,1000.082,0.323,0
9647,23728389428087,23728389497605,69.518,1000.821,0.318,0
9648,23728390428087,23728390498394,70.307,1000.789,0.335,0
9649,23728391428087,23728391498302,70.215,999.908,0.329,0
9650,23728392428087,23728392498525,70.438,1000.223,0.326,0
9651,23728393428087,23728393498381,70.294,999.856,0.333,0
9652,23728394428087,23728394434564,6.477,936.183,0.330,0
9653,23728395428087,23728395497803,69.716,1063.239,0.317,0
9654,23728396428087,23728396497826,69.739,1000.023,0.313,0
9655,23728397428087,23728397466720,38.633,968.894,0.311,0
9656,23728398428087,23728398498793,70.706,1032.073,0.323,0
9657,23728399428087,23728399498922,70.835,1000.129,0.314,0
9658,23728400428087,23728400498651,70.564,999.729,0.325,0
9659,23728401428087,23728401459485,31.398,960.834,0.327,0
9660,23728402428087,23728402435988,7.901,976.503,0.389,0
9661,23728403428087,23728403434885,6.798,998.897,0.357,0
9662,23728404428087,23728404435303,7.216,1000.418,0.422,0
9663,23728405428087,23728405471937,43.850,1036.634,0.762,0
9664,23728406428087,23728406477763,49.676,1005.826,0.784,0
9665,23728407428087,23728407491806,63.719,1014.043,0.787,0
9666,23728408428087,23728408488055,59.968,996.249,0.734,0
9667,23728409428087,23728409488152,60.065,1000.097,0.808,0
9668,23728410428087,23728410488456,60.369,1000.304,0.792,0
9669,23728411428087,23728411498898,70.811,1010.442,0.328,0
9670,23728412428087,23728412498691,70.604,999.793,0.319,0
9671,23728413428087,23728413495697,67.610,997.006,0.331,0
9672,23728414428087,23728414501308,73.221,1005.611,0.322,0
9673,23728415428087,23728415498334,70.247,997.026,0.327,0
9674,23728416428087,23728416499586,71.499,1001.252,0.328,0
9675,23728417428087,23728417498684,70.597,999.098,0.315,0
9676,23728418428087,23728418498779,70.692,1000.095,0.330,0
9677,23728419428087,23728419499465,71.378,1000.686,0.325,0
9678,23728420428087,23728420500836,72.749,1001.371,0.323,0
9679,23728421428087,23728421499739,71.652,998.903,0.316,0
9680,23728422428087,23728422498370,70.283,998.631,0.336,0
9681,23728423428087,23728423498447,70.360,1000.077,0.329,0
9682,23728424428087,23728424502508,74.421,1004.061,0.321,0
9683,23728425428087,23728425498453,70.366,995.945,0.331,0
9684,23728426428087,23728426501687,73.600,1003.234,0.324,0
9685,23728427428087,23728427498117,70.030,996.430,0.320,0
9686,23728428428087,23728428498480,70.393,1000.363,0.334,0
9687,23728429428087,23728429496761,68.674,998.281,0.323,0
9688,23728430428087,23728430498848,70.761,1002.087,0.325,0
9689,23728431428087,23728431498469,70.382,999.621,0.335,0
9690,23728432428087,23728432498280,70.193,999.811,0.316,0
9691,23728433428087,23728433498987,70.900,1000.707,0.326,0
9692,23728434428087,23728434500355,72.268,1001.368,0.331,0
9693,23728435428087,23728435498655,70.568,998.300,0.335,0
9694,23728436428087,23728436495059,66.972,996.404,0.327,0
9695,23728437428087,23728437498391,70.304,1003.332,0.341,0
9696,23728438428087,23728438498050,69.963,999.659,0.332,0
9697,23728439428087,23728439498345,70.258,1000.295,0.323,0
9698,23728440428087,23728440498753,70.666,1000.408,0.309,0
9699,23728441428087,23728441497814,69.727,999.061,0.329,0
9700,23728442428087,23728442481614,53.527,983.800,0.320,0
9701,23728443428087,23728443498213,70.126,1016.599,0.327,0
9702,23728444428087,23728444434452,6.365,936.239,0.319,0
9703,23728445428087,23728445497687,69.600,1063.235,0.313,0
9704,23728446428087,23728446511803,83.716,1014.116,0.332,0
9705,23728447428087,23728447497607,69.520,985.804,0.326,0
9706,23728448428087,23728448498219,70.132,1000.612,0.321,0
9707,23728449428087,23728449499394,71.307,1001.175,0.331,0
9708,23728450428087,23728450499888,71.801,1000.494,0.314,0
9709,23728451428087,23728451498445,70.358,998.557,0.320,0
9710,23728452428087,23728452498829,70.742,1000.384,0.320,0
9711,23728453428087,23728453499444,71.357,1000.615,0.328,0
9712,23728454428087,23728454499721,71.634,1000.277,0.320,0
9713,23728455428087,23728455498367,70.280,998.646,0.311,0
9714,23728456428087,23728456499136,71.049,1000.769,0.321,0
9715,23728457428087,23728457498775,70.688,999.639,0.338,0
9716,23728458428087,23728458498675,70.588,999.900,0.323,0
9717,23728459428087,23728459498147,70.060,999.472,0.321,0
9718,23728460428087,23728460488241,60.154,990.094,0.307,0
9719,23728461428087,23728461498862,70.775,1010.621,0.321,0
9720,23728462428087,23728462497466,69.379,998.604,0.324,0
9721,23728463428087,23728463498012,69.925,1000.546,0.331,0
9722,23728464428087,23728464499484,71.397,1001.472,0.323,0
9723,23728465428087,23728465497587,69.500,998.103,0.318,0
9724,23728466428087,23728466498112,70.025,1000.525,0.328,0
9725,23728467428087,23728467503633,75.546,1005.521,0.319,0
9726,23728468428087,23728468498546,70.459,994.913,0.304,0
9727,23728469428087,23728469499065,70.978,1000.519,0.317,0
9728,23728470428087,23728470499504,71.417,1000.439,0.319,0
9729,23728471428087,23728471498100,70.013,998.596,0.329,0
9730,23728472428087,23728472498061,69.974,999.961,0.319,0
9731,23728473428087,23728473498689,70.602,1000.628,0.309,0
9732,23728474428087,23728474498060,69.973,999.371,0.345,0
9733,23728475428087,23728475497861,69.774,999.801,0.319,0
9734,23728476428087,23728476497268,69.181,999.407,0.332,0
9735,23728477428087,23728477495203,67.116,997.935,0.311,0
9736,23728478428087,23728478497578,69.491,1002.375,0.331,0
9737,23728479428087,23728479497948,69.861,1000.370,0.336,0
9738,23728480428087,23728480497473,69.386,999.525,0.308,0
9739,23728481428087,23728481498288,70.201,1000.815,0.315,0
9740,23728482428087,23728482499206,71.119,1000.918,0.319,0
9741,23728483428087,23728483498830,70.743,999.624,0.325,0
9742,23728484428087,23728484500201,72.114,1001.371,0.328,0
9743,23728485428087,23728485498815,70.728,998.614,0.312,0
9744,23728486428087,23728486498384,70.297,999.569,0.323,0
9745,23728487428087,23728487497493,69.406,999.109,0.333,0
9746,23728488428087,23728488498577,70.490,1001.084,0.318,0
9747,23728489428087,23728489499774,71.687,1001.197,0.330,0
9748,23728490428087,23728490506480,78.393,1006.706,0.319,0
9749,23728491428087,23728491497639,69.552,991.159,0.331,0
9750,23728492428087,23728492509616,81.529,1011.977,0.323,0
9751,23728493428087,23728493496038,67.951,986.422,0.324,0
9752,23728494428087,23728494498122,70.035,1002.084,0.325,0
9753,23728495428087,23728495499119,71.032,1000.997,0.319,0
9754,23728496428087,23728496498772,70.685,999.653,0.333,0
9755,23728497428087,23728497501357,73.270,1002.585,0.334,0
9756,23728498428087,23728498499545,71.458,998.188,0.323,0
9757,23728499428087,23728499498542,70.455,998.997,0.319,0
9758,23728500428087,23728500500030,71.943,1001.488,0.315,0
9759,23728501428087,23728501498160,70.073,998.130,0.328,0
9760,23728502428087,23728502498351,70.264,1000.191,0.319,0
9761,23728503428087,23728503498839,70.752,1000.488,0.314,0
9762,23728504428087,23728504497896,69.809,999.057,0.320,0
9763,23728505428087,23728505499429,71.342,1001.533,0.334,0
9764,23728506428087,23728506500941,72.854,1001.512,0.325,0
9765,23728507428087,23728507502039,73.952,1001.098,0.327,0
9766,23728508428087,23728508500599,72.512,998.560,0.321,0
9767,23728509428087,23728509499850,71.763,999.251,0.329,0
9768,23728510428087,23728510499070,70.983,999.220,0.318,0
9769,23728511428087,23728511499863,71.776,1000.793,0.336,0
9770,23728512428087,23728512498839,70.752,998.976,0.326,0
9771,23728513428087,23728513499883,71.796,1001.044,0.326,0
9772,23728514428087,23728514499468,71.381,999.585,0.321,0
9773,23728515428087,23728515498163,70.076,998.695,0.330,0
9774,23728516428087,23728516498805,70.718,1000.642,0.321,0
9775,23728517428087,23728517497441,69.354,998.636,0.334,0
9776,23728518428087,23728518498107,70.020,1000.666,0.319,0
9777,23728519428087,23728519498053,69.966,999.946,0.314,0
9778,23728520428087,23728520500447,72.360,1002.394,0.321,0
9779,23728521428087,23728521498611,70.524,998.164,0.330,0
9780,23728522428087,23728522501033,72.946,1002.422,0.330,0
9781,23728523428087,23728523498373,70.286,997.340,0.333,0
9782,23728524428087,23728524498926,70.839,1000.553,0.334,0
9783,23728525428087,23728525499389,71.302,1000.463,0.319,0
9784,23728526428087,23728526498404,70.317,999.015,0.317,0
9785,23728527428087,23728527498707,70.620,1000.303,0.333,0
9786,23728528428087,23728528499041,70.954,1000.334,0.326,0
9787,23728529428087,23728529497853,69.766,998.812,0.310,0
9788,23728530428087,23728530497831,69.744,999.978,0.313,0
9789,23728531428087,23728531499090,71.003,1001.259,0.316,0
9790,23728532428087,23728532434483,6.396,935.393,0.411,0
9791,23728533428087,23728533434710,6.623,1000.227,0.345,0
9792,23728534428087,23728534433677,5.590,998.967,0.325,0
9793,23728535428087,23728535499798,71.711,1066.121,0.301,0
9794,23728536428087,23728536498109,70.022,998.311,0.324,0
9795,23728537428087,23728537486460,58.373,988.351,0.303,0
9796,23728538428087,23728538478731,50.644,992.271,0.751,0
9797,23728539428087,23728539498730,70.643,1019.999,0.323,0
9798,23728540428087,23728540497678,69.591,998.948,0.321,0
9799,23728541428087,23728541501866,73.779,1004.188,0.316,0
9800,23728542428087,23728542499536,71.449,997.670,0.315,0
9801,23728543428087,23728543498787,70.700,999.251,0.319,0
9802,23728544428087,23728544434560,6.473,935.773,0.357,0
9803,23728545428087,23728545434092,6.005,999.532,0.226,0
9804,23728546428087,23728546497680,69.593,1063.588,0.343,0
9805,23728547428087,23728547497200,69.113,999.520,0.338,0
9806,23728548428087,23728548499580,71.493,1002.380,0.317,0
9807,23728549428087,23728549497640,69.553,998.060,0.326,0
9808,23728550428087,23728550497947,69.860,1000.307,0.332,0
9809,23728551428087,23728551497561,69.474,999.614,0.312,0
9810,23728552428087,23728552497327,69.240,999.766,0.320,0
9811,23728553428087,23728553497701,69.614,1000.374,0.318,0
9812,23728554428087,23728554434443,6.356,936.742,0.320,0
9813,23728555428087,23728555460805,32.718,1026.362,0.303,0
9814,23728556428087,23728556498298,70.211,1037.493,0.339,0
9815,23728557428087,23728557502043,73.956,1003.745,0.316,0
9816,23728558428087,23728558497757,69.670,995.714,0.316,0
9817,23728559428087,23728559502403,74.316,1004.646,0.324,0
9818,23728560428087,23728560498988,70.901,996.585,0.309,0
9819,23728561428087,23728561498218,70.131,999.230,0.331,0
9820,23728562428087,23728562498848,70.761,1000.630,0.330,0
9821,23728563428087,23728563502851,74.764,1004.003,0.323,0
9822,23728564428087,23728564434544,6.457,931.693,0.339,0
9823,23728565428087,23728565498497,70.410,1063.953,0.339,0
9824,23728566428087,23728566498651,70.564,1000.154,0.316,0
9825,23728567428087,23728567499518,71.431,1000.867,0.325,0
9826,23728568428087,23728568498114,70.027,998.596,0.308,0
9827,23728569428087,23728569499387,71.300,1001.273,0.324,0
9828,23728570428087,23728570500309,72.222,1000.922,0.314,0
9829,23728571428087,23728571501505,73.418,1001.196,0.317,0
9830,23728572428087,23728572497241,69.154,995.736,0.316,0
9831,23728573428087,23728573497985,69.898,1000.744,0.313,0
9832,23728574428087,23728574498890,70.803,1000.905,0.330,0
9833,23728575428087,23728575498198,70.111,999.308,0.324,0
9834,23728576428087,23728576499897,71.810,1001.699,0.312,0
9835,23728577428087,23728577498459,70.372,998.562,0.326,0
9836,23728578428087,23728578499191,71.104,1000.732,0.329,0
9837,23728579428087,23728579498629,70.542,999.438,0.314,0
9838,23728580428087,23728580508404,80.317,1009.775,0.327,0
9839,23728581428087,23728581499663,71.576,991.259,0.344,0
9840,23728582428087,23728582498390,70.303,998.727,0.320,0
9841,23728583428087,23728583498773,70.686,1000.383,0.317,0
9842,23728584428087,23728584501787,73.700,1003.014,0.327,0
9843,23728585428087,23728585498293,70.206,996.506,0.331,0
9844,23728586428087,23728586499065,70.978,1000.772,0.324,0
9845,23728587428087,23728587499253,71.166,1000.188,0.304,0
9846,23728588428087,23728588502364,74.277,1003.111,0.306,0
9847,23728589428087,23728589498977,70.890,996.613,0.327,0
9848,23728590428087,23728590499713,71.626,1000.736,0.304,0
9849,23728591428087,23728591498684,70.597,998.971,0.322,0
9850,23728592428087,23728592498365,70.278,999.681,0.305,0
9851,23728593428087,23728593498875,70.788,1000.510,0.322,0
9852,23728594428087,23728594434541,6.454,935.666,0.332,0
9853,23728595428087,23728595434534,6.447,999.993,0.332,0
9854,23728596428087,23728596498309,70.222,1063.775,0.320,0
9855,23728597428087,23728597499069,70.982,1000.760,0.314,0
9856,23728598428087,23728598497868,69.781,998.799,0.302,0
9857,23728599428087,23728599499058,70.971,1001.190,0.310,0
9858,23728600428087,23728600498349,70.262,999.291,0.329,0
9859,23728601428087,23728601498940,70.853,1000.591,0.301,0
9860,23728602428087,23728602498663,70.576,999.723,0.323,0
9861,23728603428087,23728603497428,69.341,998.765,0.299,0
9862,23728604428087,23728604501654,73.567,1004.226,0.306,0
9863,23728605428087,23728605501326,73.239,999.672,0.305,0
9864,23728606428087,23728606498654,70.567,997.328,0.312,0
9865,23728607428087,23728607498607,70.520,999.953,0.328,0
9866,23728608428087,23728608498400,70.313,999.793,0.330,0
9867,23728609428087,23728609498678,70.591,1000.278,0.314,0
9868,23728610428087,23728610498846,70.759,1000.168,0.308,0
9869,23728611428087,23728611502264,74.177,1003.418,0.330,0
9870,23728612428087,23728612503789,75.702,1001.525,0.318,0
9871,23728613428087,23728613499292,71.205,995.503,0.311,0
9872,23728614428087,23728614496326,68.239,997.034,0.303,0
9873,23728615428087,23728615498142,70.055,1001.816,0.318,0
9874,23728616428087,23728616499576,71.489,1001.434,0.330,0
9875,23728617428087,23728617498445,70.358,998.869,0.333,0
9876,23728618428087,23728618499634,71.547,1001.189,0.316,0
9877,23728619428087,23728619473434,45.347,973.800,0.318,0
9878,23728620428087,23728620499901,71.814,1026.467,0.325,0
9879,23728621428087,23728621501071,72.984,1001.170,0.331,0
9880,23728622428087,23728622498156,70.069,997.085,0.320,0
9881,23728623428087,23728623498859,70.772,1000.703,0.310,0
9882,23728624428087,23728624502741,74.654,1003.882,0.330,0
9883,23728625428087,23728625499790,71.703,997.049,0.329,0
9884,23728626428087,23728626499441,71.354,999.651,0.313,0
9885,23728627428087,23728627502292,74.205,1002.851,0.318,0
9886,23728628428087,23728628503338,75.251,1001.046,0.340,0
9887,23728629428087,23728629498560,70.473,995.222,0.315,0
9888,23728630428087,23728630499965,71.878,1001.405,0.329,0
9889,23728631428087,23728631498338,70.251,998.373,0.315,0
9890,23728632428087,23728632498206,70.119,999.868,0.302,0
9891,23728633428087,23728633498605,70.518,1000.399,0.322,0
9892,23728634428087,23728634498236,70.149,999.631,0.322,0
9893,23728635428087,23728635500654,72.567,1002.418,0.319,0
9894,23728636428087,23728636498400,70.313,997.746,0.315,0
9895,23728637428087,23728637498743,70.656,1000.343,0.323,0
9896,23728638428087,23728638497653,69.566,998.910,0.328,0
9897,23728639428087,23728639497684,69.597,1000.031,0.314,0
9898,23728640428087,23728640498827,70.740,1001.143,0.320,0
9899,23728641428087,23728641498011,69.924,999.184,0.313,0
9900,23728642428087,23728642499097,71.010,1001.086,0.315,0
9901,23728643428087,23728643498427,70.340,999.330,0.319,0
9902,23728644428087,23728644434580,6.493,936.153,0.346,0
9903,23728645428087,23728645500013,71.926,1065.433,0.319,0
9904,23728646428087,23728646497316,69.229,997.303,0.301,0
9905,23728647428087,23728647503401,75.314,1006.085,0.314,0
9906,23728648428087,23728648497155,69.068,993.754,0.331,0
9907,23728649428087,23728649500313,72.226,1003.158,0.317,0
9908,23728650428087,23728650498329,70.242,998.016,0.321,0
9909,23728651428087,23728651499905,71.818,1001.576,0.312,0
9910,23728652428087,23728652498875,70.788,998.970,0.308,0
9911,23728653428087,23728653497879,69.792,999.004,0.310,0
9912,23728654428087,23728654497635,69.548,999.756,0.310,0
9913,23728655428087,23728655497249,69.162,999.614,0.317,0
9914,23728656428087,23728656497916,69.829,1000.667,0.332,0
9915,23728657428087,23728657503478,75.391,1005.562,0.317,0
9916,23728658428087,23728658499279,71.192,995.801,0.326,0
9917,23728659428087,23728659498368,70.281,999.089,0.307,0
9918,23728660428087,23728660497362,69.275,998.994,0.320,0
9919,23728661428087,23728661498731,70.644,1001.369,0.338,0
9920,23728662428087,23728662497509,69.422,998.778,0.326,0
9921,23728663428087,23728663435934,7.847,938.425,0.334,0
9922,23728664428087,23728664434533,6.446,998.599,0.342,0
9923,23728665428087,23728665498305,70.218,1063.772,0.320,0
9924,23728666428087,23728666498356,70.269,1000.051,0.320,0
9925,23728667428087,23728667498776,70.689,1000.420,0.329,0
9926,23728668428087,23728668499369,71.282,1000.593,0.322,0
9927,23728669428087,23728669500703,72.616,1001.334,0.297,0
9928,23728670428087,23728670499048,70.961,998.345,0.322,0
9929,23728671428087,23728671500006,71.919,1000.958,0.308,0
9930,23728672428087,23728672498218,70.131,998.212,0.328,0
9931,23728673428087,23728673498280,70.193,1000.062,0.322,0
9932,23728674428087,23728674497688,69.601,999.408,0.309,0
9933,23728675428087,23728675500584,72.497,1002.896,0.311,0
9934,23728676428087,23728676497841,69.754,997.257,0.322,0
9935,23728677428087,23728677498657,70.570,1000.816,0.321,0
9936,23728678428087,23728678496757,68.670,998.100,0.310,0
9937,23728679428087,23728679498232,70.145,1001.475,0.306,0
9938,23728680428087,23728680498206,70.119,999.974,0.306,0
9939,23728681428087,23728681499667,71.580,1001.461,0.320,0
9940,23728682428087,23728682498754,70.667,999.087,0.325,0
9941,23728683428087,23728683500064,71.977,1001.310,0.335,0
9942,23728684428087,23728684499157,71.070,999.093,0.310,0
9943,23728685428087,23728685500312,72.225,1001.155,0.323,0
9944,23728686428087,23728686498622,70.535,998.310,0.311,0
9945,23728687428087,23728687498236,70.149,999.614,0.333,0
9946,23728688428087,23728688497811,69.724,999.575,0.329,0
9947,23728689428087,23728689497404,69.317,999.593,0.310,0
9948,23728690428087,23728690498584,70.497,1001.180,0.319,0
9949,23728691428087,23728691501272,73.185,1002.688,0.312,0
9950,23728692428087,23728692497721,69.634,996.449,0.321,0
9951,23728693428087,23728693499749,71.662,1002.028,0.318,0
9952,23728694428087,23728694434502,6.415,934.753,0.346,0
9953,23728695428087,23728695498470,70.383,1063.968,0.323,0
9954,23728696428087,23728696501481,73.394,1003.011,0.331,0
9955,23728697428087,23728697499481,71.394,998.000,0.310,0
9956,23728698428087,23728698469893,41.806,970.412,0.367,0
9957,23728699428087,23728699499913,71.826,1030.020,0.317,0
9958,23728700428087,23728700499249,71.162,999.336,0.324,0
9959,23728701428087,23728701498752,70.665,999.503,0.320,0
9960,23728702428087,23728702498291,70.204,999.539,0.315,0
9961,23728703428087,23728703497961,69.874,999.670,0.322,0
9962,23728704428087,23728704492843,64.756,994.882,0.310,0
9963,23728705428087,23728705492788,64.701,999.945,0.318,0
9964,23728706428087,23728706466438,38.351,973.650,0.346,0
9965,23728707428087,23728707435636,7.549,969.198,0.332,0
9966,23728708428087,23728708498625,70.538,1062.989,0.318,0
9967,23728709428087,23728709498257,70.170,999.632,0.314,0
9968,23728710428087,23728710498607,70.520,1000.350,0.309,0
9969,23728711428087,23728711498869,70.782,1000.262,0.316,0
9970,23728712428087,23728712498241,70.154,999.372,0.314,0
9971,23728713428087,23728713499426,71.339,1001.185,0.326,0
9972,23728714428087,23728714485451,57.364,986.025,0.322,0
9973,23728715428087,23728715499186,71.099,1013.735,0.306,0
9974,23728716428087,23728716499382,71.295,1000.196,0.323,0
9975,23728717428087,23728717498377,70.290,998.995,0.317,0
9976,23728718428087,23728718498710,70.623,1000.333,0.309,0
9977,23728719428087,23728719505346,77.259,1006.636,0.299,0
9978,23728720428087,23728720502382,74.295,997.036,0.324,0
9979,23728721428087,23728721497583,69.496,995.201,0.318,0
9980,23728722428087,23728722498879,70.792,1001.296,0.316,0
9981,23728723428087,23728723498718,70.631,999.839,0.316,0
9982,23728724428087,23728724500083,71.996,1001.365,0.300,0
9983,23728725428087,23728725501533,73.446,1001.450,0.314,0
9984,23728726428087,23728726501985,73.898,1000.452,0.319,0
9985,23728727428087,23728727498793,70.706,996.808,0.320,0
9986,23728728428087,23728728497529,69.442,998.736,0.328,0
9987,23728729428087,23728729499242,71.155,1001.713,0.315,0
9988,23728730428087,23728730499287,71.200,1000.045,0.307,0
9989,23728731428087,23728731498297,70.210,999.010,0.319,0
9990,23728732428087,23728732503604,75.517,1005.307,0.311,0
9991,23728733428087,23728733499883,71.796,996.279,0.322,0
9992,23728734428087,23728734500001,71.914,1000.118,0.319,0
9993,23728735428087,23728735498694,70.607,998.693,0.309,0
9994,23728736428087,23728736499251,71.164,1000.557,0.319,0
9995,23728737428087,23728737499218,71.131,999.967,0.315,0
9996,23728738428087,23728738498353,70.266,999.135,0.313,0
9997,23728739428087,23728739500867,72.780,1002.514,0.322,0
9998,23728740428087,23728740502181,74.094,1001.314,0.325,0
9999,23728741428087,23728741498563,70.476,996.382,0.297,0
